summary_level,plot,plot_section,plot_section_label,time_label,month_order,month,interval_order,month_start,month_end,species,metric,value,units,n,denominator,ci_low,ci_high,notes
plot_interval,Plot C,all,Plot C,November to April,NA,NA,1,November,April,NA,interval_survivorship,NA,percent,0,0,NA,NA,Deaths: 0; births/new detections: 554
plot_interval,Plot C,all,Plot C,April to June,NA,NA,2,April,June,NA,interval_survivorship,98.8785046728972,percent,529,535,97.57505198432087,99.58734968699468,Deaths: 6; births/new detections: 1
plot_month,Plot C,all,Plot C,April,2,April,NA,NA,NA,NA,cumulative_deaths,0,count,0,554,NA,NA,Baseline month: April
plot_month,Plot C,all,Plot C,June,3,June,NA,NA,NA,NA,cumulative_deaths,28,count,28,554,NA,NA,Baseline month: April
plot_month,Plot C,all,Plot C,April,2,April,NA,NA,NA,NA,cumulative_survivorship,100,percent,554,554,99.33634923619502,100,Baseline month: April
plot_month,Plot C,all,Plot C,June,3,June,NA,NA,NA,NA,cumulative_survivorship,94.94584837545126,percent,526,554,92.777920382687,96.6156336935243,Baseline month: April
plot_month,Plot C,all,Plot C,April,2,April,NA,NA,NA,NA,outplant_cover,0.0756172916666666,percent_of_plot,554,NA,NA,NA,Total area m2: 0.362963
plot_month,Plot C,all,Plot C,June,3,June,NA,NA,NA,NA,outplant_cover,0.1517986979166666,percent_of_plot,530,NA,NA,NA,Total area m2: 0.728634
species_interval,Plot C,all,Plot C,November to April,NA,NA,1,November,April,Montastraea cavernosa,species_interval_survivorship,NA,percent,0,0,NA,NA,Deaths: 0
species_interval,Plot C,all,Plot C,November to April,NA,NA,1,November,April,Orbicella annularis,species_interval_survivorship,NA,percent,0,0,NA,NA,Deaths: 0
species_interval,Plot C,all,Plot C,November to April,NA,NA,1,November,April,Orbicella faveolata,species_interval_survivorship,NA,percent,0,0,NA,NA,Deaths: 0
species_interval,Plot C,all,Plot C,November to April,NA,NA,1,November,April,Orbicella franksi,species_interval_survivorship,NA,percent,0,0,NA,NA,Deaths: 0
species_interval,Plot C,all,Plot C,November to April,NA,NA,1,November,April,Porites porites,species_interval_survivorship,NA,percent,0,0,NA,NA,Deaths: 0
species_interval,Plot C,all,Plot C,November to April,NA,NA,1,November,April,Unidentified coral,species_interval_survivorship,NA,percent,0,0,NA,NA,Deaths: 0
species_interval,Plot C,all,Plot C,April to June,NA,NA,2,April,June,Montastraea cavernosa,species_interval_survivorship,99.4047619047619,percent,167,168,96.72831959371155,99.98493101168594,Deaths: 1
species_interval,Plot C,all,Plot C,April to June,NA,NA,2,April,June,Orbicella annularis,species_interval_survivorship,97.67441860465117,percent,42,43,87.71095172986604,99.94113870684068,Deaths: 1
species_interval,Plot C,all,Plot C,April to June,NA,NA,2,April,June,Orbicella faveolata,species_interval_survivorship,100,percent,23,23,85.18148710847757,100,Deaths: 0
species_interval,Plot C,all,Plot C,April to June,NA,NA,2,April,June,Orbicella franksi,species_interval_survivorship,99.15254237288136,percent,117,118,95.36872720948969,99.97854653210739,Deaths: 1
species_interval,Plot C,all,Plot C,April to June,NA,NA,2,April,June,Porites porites,species_interval_survivorship,98.9010989010989,percent,180,182,96.08696288497485,99.86663981825392,Deaths: 2
species_interval,Plot C,all,Plot C,April to June,NA,NA,2,April,June,Unidentified coral,species_interval_survivorship,0,percent,0,1,0,97.5,Deaths: 1
species_month,Plot C,all,Plot C,April,2,April,NA,NA,NA,Montastraea cavernosa,species_cover_share,21.224408548529738,percent_of_outplant_cover,169,554,NA,NA,Species area m2: 0.077037
species_month,Plot C,all,Plot C,April,2,April,NA,NA,NA,Orbicella annularis,species_cover_share,13.001669591666374,percent_of_outplant_cover,43,554,NA,NA,Species area m2: 0.047191
species_month,Plot C,all,Plot C,April,2,April,NA,NA,NA,Orbicella faveolata,species_cover_share,11.390761592779429,percent_of_outplant_cover,25,554,NA,NA,Species area m2: 0.041344
species_month,Plot C,all,Plot C,April,2,April,NA,NA,NA,Orbicella franksi,species_cover_share,23.609569019431735,percent_of_outplant_cover,124,554,NA,NA,Species area m2: 0.085694
species_month,Plot C,all,Plot C,April,2,April,NA,NA,NA,Porites porites,species_cover_share,30.767185636001468,percent_of_outplant_cover,192,554,NA,NA,Species area m2: 0.111674
species_month,Plot C,all,Plot C,April,2,April,NA,NA,NA,Unidentified coral,species_cover_share,0.006405611591264125,percent_of_outplant_cover,1,554,NA,NA,Species area m2: 2.3e-05
species_month,Plot C,all,Plot C,June,3,June,NA,NA,NA,Montastraea cavernosa,species_cover_share,8.870608862134093,percent_of_outplant_cover,167,530,NA,NA,Species area m2: 0.064634
species_month,Plot C,all,Plot C,June,3,June,NA,NA,NA,Orbicella annularis,species_cover_share,49.53754200927421,percent_of_outplant_cover,42,530,NA,NA,Species area m2: 0.360947
species_month,Plot C,all,Plot C,June,3,June,NA,NA,NA,Orbicella faveolata,species_cover_share,20.5455415700961,percent_of_outplant_cover,23,530,NA,NA,Species area m2: 0.149702
species_month,Plot C,all,Plot C,June,3,June,NA,NA,NA,Orbicella franksi,species_cover_share,9.5867779937451445,percent_of_outplant_cover,118,530,NA,NA,Species area m2: 0.069852
species_month,Plot C,all,Plot C,June,3,June,NA,NA,NA,Porites porites,species_cover_share,11.45952956475047,percent_of_outplant_cover,180,530,NA,NA,Species area m2: 0.083498
species_month,Plot C,all,Plot C,April,2,April,NA,NA,NA,Montastraea cavernosa,species_prevalence,30.505415162454874,percent_of_present_outplants,169,554,NA,NA,Species area m2: 0.077037
species_month,Plot C,all,Plot C,April,2,April,NA,NA,NA,Orbicella annularis,species_prevalence,7.76173285198556,percent_of_present_outplants,43,554,NA,NA,Species area m2: 0.047191
species_month,Plot C,all,Plot C,April,2,April,NA,NA,NA,Orbicella faveolata,species_prevalence,4.512635379061372,percent_of_present_outplants,25,554,NA,NA,Species area m2: 0.041344
species_month,Plot C,all,Plot C,April,2,April,NA,NA,NA,Orbicella franksi,species_prevalence,22.382671480144403,percent_of_present_outplants,124,554,NA,NA,Species area m2: 0.085694
species_month,Plot C,all,Plot C,April,2,April,NA,NA,NA,Porites porites,species_prevalence,34.65703971119134,percent_of_present_outplants,192,554,NA,NA,Species area m2: 0.111674
species_month,Plot C,all,Plot C,April,2,April,NA,NA,NA,Unidentified coral,species_prevalence,0.18050541516245489,percent_of_present_outplants,1,554,NA,NA,Species area m2: 2.3e-05
species_month,Plot C,all,Plot C,June,3,June,NA,NA,NA,Montastraea cavernosa,species_prevalence,31.50943396226415,percent_of_present_outplants,167,530,NA,NA,Species area m2: 0.064634
species_month,Plot C,all,Plot C,June,3,June,NA,NA,NA,Orbicella annularis,species_prevalence,7.9245283018867925,percent_of_present_outplants,42,530,NA,NA,Species area m2: 0.360947
species_month,Plot C,all,Plot C,June,3,June,NA,NA,NA,Orbicella faveolata,species_prevalence,4.339622641509434,percent_of_present_outplants,23,530,NA,NA,Species area m2: 0.149702
species_month,Plot C,all,Plot C,June,3,June,NA,NA,NA,Orbicella franksi,species_prevalence,22.264150943396228,percent_of_present_outplants,118,530,NA,NA,Species area m2: 0.069852
species_month,Plot C,all,Plot C,June,3,June,NA,NA,NA,Porites porites,species_prevalence,33.9622641509434,percent_of_present_outplants,180,530,NA,NA,Species area m2: 0.083498
plot_interval,Plot E,all,Plot E,May to June,NA,NA,1,May,June,NA,interval_survivorship,87.08487084870849,percent,236,271,82.49830371178574,90.83667907025146,Deaths: 35; births/new detections: 3
plot_interval,Plot E,all,Plot E,June to July,NA,NA,2,June,July,NA,interval_survivorship,94.75982532751091,percent,217,229,91.02543611613739,97.26334836838284,Deaths: 12; births/new detections: 1
plot_interval,Plot E,all,Plot E,July to August,NA,NA,3,July,August,NA,interval_survivorship,98.21428571428571,percent,220,224,95.49122606326189,99.51136306729522,Deaths: 4; births/new detections: 2
plot_interval,Plot E,all,Plot E,August to September,NA,NA,4,August,September,NA,interval_survivorship,100,percent,55,55,93.51292391745754,100,Deaths: 0; births/new detections: 0
plot_interval,Plot E,all,Plot E,September to October,NA,NA,5,September,October,NA,interval_survivorship,98.18181818181819,percent,54,55,90.28089842507467,99.95397821512043,Deaths: 1; births/new detections: 0
plot_interval,Plot E,all,Plot E,October to November,NA,NA,6,October,November,NA,interval_survivorship,100,percent,54,54,93.39684857555783,100,Deaths: 0; births/new detections: 2
plot_month,Plot E,all,Plot E,May,1,May,NA,NA,NA,NA,cumulative_deaths,0,count,0,271,NA,NA,Baseline month: May
plot_month,Plot E,all,Plot E,June,2,June,NA,NA,NA,NA,cumulative_deaths,35,count,35,271,NA,NA,Baseline month: May
plot_month,Plot E,all,Plot E,July,3,July,NA,NA,NA,NA,cumulative_deaths,54,count,54,271,NA,NA,Baseline month: May
plot_month,Plot E,all,Plot E,August,4,August,NA,NA,NA,NA,cumulative_deaths,58,count,58,271,NA,NA,Baseline month: May
plot_month,Plot E,all,Plot E,September,5,September,NA,NA,NA,NA,cumulative_deaths,8,count,8,61,NA,NA,Baseline month: May
plot_month,Plot E,all,Plot E,October,6,October,NA,NA,NA,NA,cumulative_deaths,8,count,8,61,NA,NA,Baseline month: May
plot_month,Plot E,all,Plot E,November,7,November,NA,NA,NA,NA,cumulative_deaths,8,count,8,61,NA,NA,Baseline month: May
plot_month,Plot E,all,Plot E,May,1,May,NA,NA,NA,NA,cumulative_survivorship,100,percent,271,271,98.64801244081264,100,Baseline month: May
plot_month,Plot E,all,Plot E,June,2,June,NA,NA,NA,NA,cumulative_survivorship,87.08487084870849,percent,236,271,82.49830371178574,90.83667907025146,Baseline month: May
plot_month,Plot E,all,Plot E,July,3,July,NA,NA,NA,NA,cumulative_survivorship,80.07380073800738,percent,217,271,74.81475306197578,84.66180636190914,Baseline month: May
plot_month,Plot E,all,Plot E,August,4,August,NA,NA,NA,NA,cumulative_survivorship,78.59778597785977,percent,213,271,73.22956518890139,83.3286711222492,Baseline month: May
plot_month,Plot E,all,Plot E,September,5,September,NA,NA,NA,NA,cumulative_survivorship,86.88524590163935,percent,53,61,75.78413113166378,94.16394941602594,Baseline month: May
plot_month,Plot E,all,Plot E,October,6,October,NA,NA,NA,NA,cumulative_survivorship,86.88524590163935,percent,53,61,75.78413113166378,94.16394941602594,Baseline month: May
plot_month,Plot E,all,Plot E,November,7,November,NA,NA,NA,NA,cumulative_survivorship,86.88524590163935,percent,53,61,75.78413113166378,94.16394941602594,Baseline month: May
plot_month,Plot E,all,Plot E,May,1,May,NA,NA,NA,NA,outplant_cover,0.05876536458333333,percent_of_plot,271,NA,NA,NA,Total area m2: 0.282074
plot_month,Plot E,all,Plot E,June,2,June,NA,NA,NA,NA,outplant_cover,0.05839677083333336,percent_of_plot,239,NA,NA,NA,Total area m2: 0.280305
plot_month,Plot E,all,Plot E,July,3,July,NA,NA,NA,NA,outplant_cover,0.07547010416666668,percent_of_plot,218,NA,NA,NA,Total area m2: 0.362257
plot_month,Plot E,all,Plot E,August,4,August,NA,NA,NA,NA,outplant_cover,0.06492947916666666,percent_of_plot,222,NA,NA,NA,Total area m2: 0.311661
plot_month,Plot E,all,Plot E,September,5,September,NA,NA,NA,NA,outplant_cover,0.016336666666666676,percent_of_plot,55,NA,NA,NA,Total area m2: 0.078416
plot_month,Plot E,all,Plot E,October,6,October,NA,NA,NA,NA,outplant_cover,0.016332343750000002,percent_of_plot,54,NA,NA,NA,Total area m2: 0.078395
plot_month,Plot E,all,Plot E,November,7,November,NA,NA,NA,NA,outplant_cover,0.01581473958333333,percent_of_plot,56,NA,NA,NA,Total area m2: 0.075911
species_interval,Plot E,all,Plot E,May to June,NA,NA,1,May,June,Acropora cervicornis,species_interval_survivorship,85.71428571428571,percent,12,14,57.187083909030115,98.22054845168084,Deaths: 2
species_interval,Plot E,all,Plot E,May to June,NA,NA,1,May,June,Acropora palmata,species_interval_survivorship,45.45454545454545,percent,25,55,31.97006799951665,59.445510884266106,Deaths: 30
species_interval,Plot E,all,Plot E,May to June,NA,NA,1,May,June,Orbicella annularis,species_interval_survivorship,97.27272727272727,percent,107,110,92.23632295004867,99.43400035585206,Deaths: 3
species_interval,Plot E,all,Plot E,May to June,NA,NA,1,May,June,Orbicella faveolata,species_interval_survivorship,100,percent,29,29,88.05551309304973,100,Deaths: 0
species_interval,Plot E,all,Plot E,May to June,NA,NA,1,May,June,Orbicella franksi,species_interval_survivorship,100,percent,63,63,94.31276476679838,100,Deaths: 0
species_interval,Plot E,all,Plot E,June to July,NA,NA,2,June,July,Acropora cervicornis,species_interval_survivorship,100,percent,12,12,73.53515306029489,100,Deaths: 0
species_interval,Plot E,all,Plot E,June to July,NA,NA,2,June,July,Acropora palmata,species_interval_survivorship,76,percent,19,25,54.871198218331365,90.64355606682571,Deaths: 6
species_interval,Plot E,all,Plot E,June to July,NA,NA,2,June,July,Orbicella annularis,species_interval_survivorship,94,percent,94,100,87.3970065419177,97.76651139286837,Deaths: 6
species_interval,Plot E,all,Plot E,June to July,NA,NA,2,June,July,Orbicella faveolata,species_interval_survivorship,100,percent,29,29,88.05551309304973,100,Deaths: 0
species_interval,Plot E,all,Plot E,June to July,NA,NA,2,June,July,Orbicella franksi,species_interval_survivorship,100,percent,63,63,94.31276476679838,100,Deaths: 0
species_interval,Plot E,all,Plot E,July to August,NA,NA,3,July,August,Acropora cervicornis,species_interval_survivorship,100,percent,12,12,73.53515306029489,100,Deaths: 0
species_interval,Plot E,all,Plot E,July to August,NA,NA,3,July,August,Acropora palmata,species_interval_survivorship,84.21052631578948,percent,16,19,60.42154487333258,96.61737509982353,Deaths: 3
species_interval,Plot E,all,Plot E,July to August,NA,NA,3,July,August,Orbicella annularis,species_interval_survivorship,99.00990099009901,percent,100,101,94.60676525732042,99.97493600492608,Deaths: 1
species_interval,Plot E,all,Plot E,July to August,NA,NA,3,July,August,Orbicella faveolata,species_interval_survivorship,100,percent,29,29,88.05551309304973,100,Deaths: 0
species_interval,Plot E,all,Plot E,July to August,NA,NA,3,July,August,Orbicella franksi,species_interval_survivorship,100,percent,63,63,94.31276476679838,100,Deaths: 0
species_interval,Plot E,all,Plot E,July to August,NA,NA,3,July,August,Orbicella sp.,species_interval_survivorship,NA,percent,0,0,NA,NA,Deaths: 0
species_interval,Plot E,all,Plot E,August to September,NA,NA,4,August,September,Acropora palmata,species_interval_survivorship,100,percent,6,6,54.074187356009965,100,Deaths: 0
species_interval,Plot E,all,Plot E,August to September,NA,NA,4,August,September,Orbicella annularis,species_interval_survivorship,100,percent,25,25,86.28148284692875,100,Deaths: 0
species_interval,Plot E,all,Plot E,August to September,NA,NA,4,August,September,Orbicella faveolata,species_interval_survivorship,100,percent,3,3,29.240177382128667,100,Deaths: 0
species_interval,Plot E,all,Plot E,August to September,NA,NA,4,August,September,Orbicella franksi,species_interval_survivorship,100,percent,19,19,82.35330881930348,100,Deaths: 0
species_interval,Plot E,all,Plot E,August to September,NA,NA,4,August,September,Orbicella sp.,species_interval_survivorship,100,percent,2,2,15.811388300841905,100,Deaths: 0
species_interval,Plot E,all,Plot E,September to October,NA,NA,5,September,October,Acropora palmata,species_interval_survivorship,100,percent,6,6,54.074187356009965,100,Deaths: 0
species_interval,Plot E,all,Plot E,September to October,NA,NA,5,September,October,Orbicella annularis,species_interval_survivorship,100,percent,25,25,86.28148284692875,100,Deaths: 0
species_interval,Plot E,all,Plot E,September to October,NA,NA,5,September,October,Orbicella faveolata,species_interval_survivorship,100,percent,3,3,29.240177382128667,100,Deaths: 0
species_interval,Plot E,all,Plot E,September to October,NA,NA,5,September,October,Orbicella franksi,species_interval_survivorship,100,percent,19,19,82.35330881930348,100,Deaths: 0
species_interval,Plot E,all,Plot E,September to October,NA,NA,5,September,October,Orbicella sp.,species_interval_survivorship,50,percent,1,2,1.2579117093425058,98.74208829065749,Deaths: 1
species_interval,Plot E,all,Plot E,October to November,NA,NA,6,October,November,Acropora palmata,species_interval_survivorship,100,percent,6,6,54.074187356009965,100,Deaths: 0
species_interval,Plot E,all,Plot E,October to November,NA,NA,6,October,November,Orbicella annularis,species_interval_survivorship,100,percent,25,25,86.28148284692875,100,Deaths: 0
species_interval,Plot E,all,Plot E,October to November,NA,NA,6,October,November,Orbicella faveolata,species_interval_survivorship,100,percent,3,3,29.240177382128667,100,Deaths: 0
species_interval,Plot E,all,Plot E,October to November,NA,NA,6,October,November,Orbicella franksi,species_interval_survivorship,100,percent,19,19,82.35330881930348,100,Deaths: 0
species_interval,Plot E,all,Plot E,October to November,NA,NA,6,October,November,Orbicella sp.,species_interval_survivorship,100,percent,1,1,2.500000000000002,100,Deaths: 0
species_month,Plot E,all,Plot E,May,1,May,NA,NA,NA,Acropora cervicornis,species_cover_share,3.11337017358049,percent_of_outplant_cover,14,271,NA,NA,Species area m2: 0.008782
species_month,Plot E,all,Plot E,May,1,May,NA,NA,NA,Acropora palmata,species_cover_share,37.622518933434975,percent_of_outplant_cover,55,271,NA,NA,Species area m2: 0.106123
species_month,Plot E,all,Plot E,May,1,May,NA,NA,NA,Orbicella annularis,species_cover_share,34.83973606193415,percent_of_outplant_cover,110,271,NA,NA,Species area m2: 0.098274
species_month,Plot E,all,Plot E,May,1,May,NA,NA,NA,Orbicella faveolata,species_cover_share,6.915212776800393,percent_of_outplant_cover,29,271,NA,NA,Species area m2: 0.019506
species_month,Plot E,all,Plot E,May,1,May,NA,NA,NA,Orbicella franksi,species_cover_share,17.509162054249998,percent_of_outplant_cover,63,271,NA,NA,Species area m2: 0.049389
species_month,Plot E,all,Plot E,June,2,June,NA,NA,NA,Acropora cervicornis,species_cover_share,3.281520632026956,percent_of_outplant_cover,12,239,NA,NA,Species area m2: 0.009198
species_month,Plot E,all,Plot E,June,2,June,NA,NA,NA,Acropora palmata,species_cover_share,20.26002079880986,percent_of_outplant_cover,25,239,NA,NA,Species area m2: 0.05679
species_month,Plot E,all,Plot E,June,2,June,NA,NA,NA,Orbicella annularis,species_cover_share,45.895535034221716,percent_of_outplant_cover,110,239,NA,NA,Species area m2: 0.128647
species_month,Plot E,all,Plot E,June,2,June,NA,NA,NA,Orbicella faveolata,species_cover_share,7.337199367116833,percent_of_outplant_cover,29,239,NA,NA,Species area m2: 0.020567
species_month,Plot E,all,Plot E,June,2,June,NA,NA,NA,Orbicella franksi,species_cover_share,23.225724167824623,percent_of_outplant_cover,63,239,NA,NA,Species area m2: 0.065103
species_month,Plot E,all,Plot E,July,3,July,NA,NA,NA,Acropora cervicornis,species_cover_share,3.0105739993623306,percent_of_outplant_cover,12,218,NA,NA,Species area m2: 0.010906
species_month,Plot E,all,Plot E,July,3,July,NA,NA,NA,Acropora palmata,species_cover_share,28.965870867741508,percent_of_outplant_cover,19,218,NA,NA,Species area m2: 0.104931
species_month,Plot E,all,Plot E,July,3,July,NA,NA,NA,Orbicella annularis,species_cover_share,35.20337109203008,percent_of_outplant_cover,95,218,NA,NA,Species area m2: 0.127526
species_month,Plot E,all,Plot E,July,3,July,NA,NA,NA,Orbicella faveolata,species_cover_share,7.940023160384977,percent_of_outplant_cover,29,218,NA,NA,Species area m2: 0.028763
species_month,Plot E,all,Plot E,July,3,July,NA,NA,NA,Orbicella franksi,species_cover_share,24.880160880481103,percent_of_outplant_cover,63,218,NA,NA,Species area m2: 0.09013
species_month,Plot E,all,Plot E,August,4,August,NA,NA,NA,Acropora cervicornis,species_cover_share,2.5344805181262364,percent_of_outplant_cover,12,222,NA,NA,Species area m2: 0.007899
species_month,Plot E,all,Plot E,August,4,August,NA,NA,NA,Acropora palmata,species_cover_share,37.54377746369058,percent_of_outplant_cover,16,222,NA,NA,Species area m2: 0.11701
species_month,Plot E,all,Plot E,August,4,August,NA,NA,NA,Orbicella annularis,species_cover_share,30.188441626572416,percent_of_outplant_cover,100,222,NA,NA,Species area m2: 0.094086
species_month,Plot E,all,Plot E,August,4,August,NA,NA,NA,Orbicella faveolata,species_cover_share,6.941264801715968,percent_of_outplant_cover,29,222,NA,NA,Species area m2: 0.021633
species_month,Plot E,all,Plot E,August,4,August,NA,NA,NA,Orbicella franksi,species_cover_share,22.561817869707998,percent_of_outplant_cover,63,222,NA,NA,Species area m2: 0.070316
species_month,Plot E,all,Plot E,August,4,August,NA,NA,NA,Orbicella sp.,species_cover_share,0.23021772018680528,percent_of_outplant_cover,2,222,NA,NA,Species area m2: 0.000718
species_month,Plot E,all,Plot E,September,5,September,NA,NA,NA,Acropora palmata,species_cover_share,52.044863293205466,percent_of_outplant_cover,6,55,NA,NA,Species area m2: 0.040812
species_month,Plot E,all,Plot E,September,5,September,NA,NA,NA,Orbicella annularis,species_cover_share,31.247768312589265,percent_of_outplant_cover,25,55,NA,NA,Species area m2: 0.024503
species_month,Plot E,all,Plot E,September,5,September,NA,NA,NA,Orbicella faveolata,species_cover_share,2.9455085696796575,percent_of_outplant_cover,3,55,NA,NA,Species area m2: 0.00231
species_month,Plot E,all,Plot E,September,5,September,NA,NA,NA,Orbicella franksi,species_cover_share,12.752499489900021,percent_of_outplant_cover,19,55,NA,NA,Species area m2: 0.01
species_month,Plot E,all,Plot E,September,5,September,NA,NA,NA,Orbicella sp.,species_cover_share,1.0093603346255866,percent_of_outplant_cover,2,55,NA,NA,Species area m2: 0.000792
species_month,Plot E,all,Plot E,October,6,October,NA,NA,NA,Acropora palmata,species_cover_share,50.68132316690105,percent_of_outplant_cover,6,54,NA,NA,Species area m2: 0.039732
species_month,Plot E,all,Plot E,October,6,October,NA,NA,NA,Orbicella annularis,species_cover_share,32.88368874389712,percent_of_outplant_cover,25,54,NA,NA,Species area m2: 0.025779
species_month,Plot E,all,Plot E,October,6,October,NA,NA,NA,Orbicella faveolata,species_cover_share,3.257531546873057,percent_of_outplant_cover,3,54,NA,NA,Species area m2: 0.002554
species_month,Plot E,all,Plot E,October,6,October,NA,NA,NA,Orbicella franksi,species_cover_share,12.771500824348411,percent_of_outplant_cover,19,54,NA,NA,Species area m2: 0.010012
species_month,Plot E,all,Plot E,October,6,October,NA,NA,NA,Orbicella sp.,species_cover_share,0.40595571798036234,percent_of_outplant_cover,1,54,NA,NA,Species area m2: 0.000318
species_month,Plot E,all,Plot E,November,7,November,NA,NA,NA,Acropora palmata,species_cover_share,56.28089565707097,percent_of_outplant_cover,6,56,NA,NA,Species area m2: 0.042723
species_month,Plot E,all,Plot E,November,7,November,NA,NA,NA,Orbicella annularis,species_cover_share,25.691683984152448,percent_of_outplant_cover,25,56,NA,NA,Species area m2: 0.019503
species_month,Plot E,all,Plot E,November,7,November,NA,NA,NA,Orbicella faveolata,species_cover_share,3.150410185645644,percent_of_outplant_cover,3,56,NA,NA,Species area m2: 0.002392
species_month,Plot E,all,Plot E,November,7,November,NA,NA,NA,Orbicella franksi,species_cover_share,13.617636500759119,percent_of_outplant_cover,19,56,NA,NA,Species area m2: 0.010337
species_month,Plot E,all,Plot E,November,7,November,NA,NA,NA,Orbicella sp.,species_cover_share,1.2593736723718316,percent_of_outplant_cover,3,56,NA,NA,Species area m2: 0.000956
species_month,Plot E,all,Plot E,May,1,May,NA,NA,NA,Acropora cervicornis,species_prevalence,5.166051660516605,percent_of_present_outplants,14,271,NA,NA,Species area m2: 0.008782
species_month,Plot E,all,Plot E,May,1,May,NA,NA,NA,Acropora palmata,species_prevalence,20.29520295202952,percent_of_present_outplants,55,271,NA,NA,Species area m2: 0.106123
species_month,Plot E,all,Plot E,May,1,May,NA,NA,NA,Orbicella annularis,species_prevalence,40.59040590405904,percent_of_present_outplants,110,271,NA,NA,Species area m2: 0.098274
species_month,Plot E,all,Plot E,May,1,May,NA,NA,NA,Orbicella faveolata,species_prevalence,10.70110701107011,percent_of_present_outplants,29,271,NA,NA,Species area m2: 0.019506
species_month,Plot E,all,Plot E,May,1,May,NA,NA,NA,Orbicella franksi,species_prevalence,23.247232472324722,percent_of_present_outplants,63,271,NA,NA,Species area m2: 0.049389
species_month,Plot E,all,Plot E,June,2,June,NA,NA,NA,Acropora cervicornis,species_prevalence,5.02092050209205,percent_of_present_outplants,12,239,NA,NA,Species area m2: 0.009198
species_month,Plot E,all,Plot E,June,2,June,NA,NA,NA,Acropora palmata,species_prevalence,10.460251046025105,percent_of_present_outplants,25,239,NA,NA,Species area m2: 0.05679
species_month,Plot E,all,Plot E,June,2,June,NA,NA,NA,Orbicella annularis,species_prevalence,46.02510460251046,percent_of_present_outplants,110,239,NA,NA,Species area m2: 0.128647
species_month,Plot E,all,Plot E,June,2,June,NA,NA,NA,Orbicella faveolata,species_prevalence,12.133891213389122,percent_of_present_outplants,29,239,NA,NA,Species area m2: 0.020567
species_month,Plot E,all,Plot E,June,2,June,NA,NA,NA,Orbicella franksi,species_prevalence,26.359832635983263,percent_of_present_outplants,63,239,NA,NA,Species area m2: 0.065103
species_month,Plot E,all,Plot E,July,3,July,NA,NA,NA,Acropora cervicornis,species_prevalence,5.504587155963303,percent_of_present_outplants,12,218,NA,NA,Species area m2: 0.010906
species_month,Plot E,all,Plot E,July,3,July,NA,NA,NA,Acropora palmata,species_prevalence,8.715596330275229,percent_of_present_outplants,19,218,NA,NA,Species area m2: 0.104931
species_month,Plot E,all,Plot E,July,3,July,NA,NA,NA,Orbicella annularis,species_prevalence,43.57798165137615,percent_of_present_outplants,95,218,NA,NA,Species area m2: 0.127526
species_month,Plot E,all,Plot E,July,3,July,NA,NA,NA,Orbicella faveolata,species_prevalence,13.302752293577981,percent_of_present_outplants,29,218,NA,NA,Species area m2: 0.028763
species_month,Plot E,all,Plot E,July,3,July,NA,NA,NA,Orbicella franksi,species_prevalence,28.89908256880734,percent_of_present_outplants,63,218,NA,NA,Species area m2: 0.09013
species_month,Plot E,all,Plot E,August,4,August,NA,NA,NA,Acropora cervicornis,species_prevalence,5.405405405405405,percent_of_present_outplants,12,222,NA,NA,Species area m2: 0.007899
species_month,Plot E,all,Plot E,August,4,August,NA,NA,NA,Acropora palmata,species_prevalence,7.207207207207207,percent_of_present_outplants,16,222,NA,NA,Species area m2: 0.11701
species_month,Plot E,all,Plot E,August,4,August,NA,NA,NA,Orbicella annularis,species_prevalence,45.04504504504504,percent_of_present_outplants,100,222,NA,NA,Species area m2: 0.094086
species_month,Plot E,all,Plot E,August,4,August,NA,NA,NA,Orbicella faveolata,species_prevalence,13.063063063063064,percent_of_present_outplants,29,222,NA,NA,Species area m2: 0.021633
species_month,Plot E,all,Plot E,August,4,August,NA,NA,NA,Orbicella franksi,species_prevalence,28.37837837837838,percent_of_present_outplants,63,222,NA,NA,Species area m2: 0.070316
species_month,Plot E,all,Plot E,August,4,August,NA,NA,NA,Orbicella sp.,species_prevalence,0.9009009009009009,percent_of_present_outplants,2,222,NA,NA,Species area m2: 0.000718
species_month,Plot E,all,Plot E,September,5,September,NA,NA,NA,Acropora palmata,species_prevalence,10.909090909090908,percent_of_present_outplants,6,55,NA,NA,Species area m2: 0.040812
species_month,Plot E,all,Plot E,September,5,September,NA,NA,NA,Orbicella annularis,species_prevalence,45.45454545454545,percent_of_present_outplants,25,55,NA,NA,Species area m2: 0.024503
species_month,Plot E,all,Plot E,September,5,September,NA,NA,NA,Orbicella faveolata,species_prevalence,5.454545454545454,percent_of_present_outplants,3,55,NA,NA,Species area m2: 0.00231
species_month,Plot E,all,Plot E,September,5,September,NA,NA,NA,Orbicella franksi,species_prevalence,34.54545454545455,percent_of_present_outplants,19,55,NA,NA,Species area m2: 0.01
species_month,Plot E,all,Plot E,September,5,September,NA,NA,NA,Orbicella sp.,species_prevalence,3.6363636363636362,percent_of_present_outplants,2,55,NA,NA,Species area m2: 0.000792
species_month,Plot E,all,Plot E,October,6,October,NA,NA,NA,Acropora palmata,species_prevalence,11.11111111111111,percent_of_present_outplants,6,54,NA,NA,Species area m2: 0.039732
species_month,Plot E,all,Plot E,October,6,October,NA,NA,NA,Orbicella annularis,species_prevalence,46.2962962962963,percent_of_present_outplants,25,54,NA,NA,Species area m2: 0.025779
species_month,Plot E,all,Plot E,October,6,October,NA,NA,NA,Orbicella faveolata,species_prevalence,5.555555555555555,percent_of_present_outplants,3,54,NA,NA,Species area m2: 0.002554
species_month,Plot E,all,Plot E,October,6,October,NA,NA,NA,Orbicella franksi,species_prevalence,35.18518518518518,percent_of_present_outplants,19,54,NA,NA,Species area m2: 0.010012
species_month,Plot E,all,Plot E,October,6,October,NA,NA,NA,Orbicella sp.,species_prevalence,1.8518518518518519,percent_of_present_outplants,1,54,NA,NA,Species area m2: 0.000318
species_month,Plot E,all,Plot E,November,7,November,NA,NA,NA,Acropora palmata,species_prevalence,10.714285714285714,percent_of_present_outplants,6,56,NA,NA,Species area m2: 0.042723
species_month,Plot E,all,Plot E,November,7,November,NA,NA,NA,Orbicella annularis,species_prevalence,44.642857142857146,percent_of_present_outplants,25,56,NA,NA,Species area m2: 0.019503
species_month,Plot E,all,Plot E,November,7,November,NA,NA,NA,Orbicella faveolata,species_prevalence,5.357142857142857,percent_of_present_outplants,3,56,NA,NA,Species area m2: 0.002392
species_month,Plot E,all,Plot E,November,7,November,NA,NA,NA,Orbicella franksi,species_prevalence,33.92857142857143,percent_of_present_outplants,19,56,NA,NA,Species area m2: 0.010337
species_month,Plot E,all,Plot E,November,7,November,NA,NA,NA,Orbicella sp.,species_prevalence,5.357142857142857,percent_of_present_outplants,3,56,NA,NA,Species area m2: 0.000956
plot_interval,Plot G,all,Plot G,November to April,NA,NA,1,November,April,NA,interval_survivorship,NA,percent,0,0,NA,NA,Deaths: 0; births/new detections: 45
plot_interval,Plot G,all,Plot G,April to May,NA,NA,2,April,May,NA,interval_survivorship,100,percent,45,45,92.12948995931569,100,Deaths: 0; births/new detections: 0
plot_month,Plot G,all,Plot G,April,2,April,NA,NA,NA,NA,cumulative_deaths,0,count,0,45,NA,NA,Baseline month: April
plot_month,Plot G,all,Plot G,May,3,May,NA,NA,NA,NA,cumulative_deaths,0,count,0,45,NA,NA,Baseline month: April
plot_month,Plot G,all,Plot G,April,2,April,NA,NA,NA,NA,cumulative_survivorship,100,percent,45,45,92.12948995931569,100,Baseline month: April
plot_month,Plot G,all,Plot G,May,3,May,NA,NA,NA,NA,cumulative_survivorship,100,percent,45,45,92.12948995931569,100,Baseline month: April
plot_month,Plot G,all,Plot G,April,2,April,NA,NA,NA,NA,outplant_cover,0.012292708333333336,percent_of_plot,45,NA,NA,NA,Total area m2: 0.059005
plot_month,Plot G,all,Plot G,May,3,May,NA,NA,NA,NA,outplant_cover,0.012344427083333331,percent_of_plot,45,NA,NA,NA,Total area m2: 0.059253
species_interval,Plot G,all,Plot G,November to April,NA,NA,1,November,April,Orbicella annularis,species_interval_survivorship,NA,percent,0,0,NA,NA,Deaths: 0
species_interval,Plot G,all,Plot G,November to April,NA,NA,1,November,April,Porites porites,species_interval_survivorship,NA,percent,0,0,NA,NA,Deaths: 0
species_interval,Plot G,all,Plot G,April to May,NA,NA,2,April,May,Orbicella annularis,species_interval_survivorship,100,percent,17,17,80.49356770309069,100,Deaths: 0
species_interval,Plot G,all,Plot G,April to May,NA,NA,2,April,May,Porites porites,species_interval_survivorship,100,percent,28,28,87.65638814997362,100,Deaths: 0
species_month,Plot G,all,Plot G,April,2,April,NA,NA,NA,Orbicella annularis,species_cover_share,49.85975764765697,percent_of_outplant_cover,17,45,NA,NA,Species area m2: 0.02942
species_month,Plot G,all,Plot G,April,2,April,NA,NA,NA,Porites porites,species_cover_share,50.14024235234303,percent_of_outplant_cover,28,45,NA,NA,Species area m2: 0.029585
species_month,Plot G,all,Plot G,May,3,May,NA,NA,NA,Orbicella annularis,species_cover_share,50.82168488648302,percent_of_outplant_cover,17,45,NA,NA,Species area m2: 0.030114
species_month,Plot G,all,Plot G,May,3,May,NA,NA,NA,Porites porites,species_cover_share,49.17831511351697,percent_of_outplant_cover,28,45,NA,NA,Species area m2: 0.02914
species_month,Plot G,all,Plot G,April,2,April,NA,NA,NA,Orbicella annularis,species_prevalence,37.77777777777778,percent_of_present_outplants,17,45,NA,NA,Species area m2: 0.02942
species_month,Plot G,all,Plot G,April,2,April,NA,NA,NA,Porites porites,species_prevalence,62.22222222222222,percent_of_present_outplants,28,45,NA,NA,Species area m2: 0.029585
species_month,Plot G,all,Plot G,May,3,May,NA,NA,NA,Orbicella annularis,species_prevalence,37.77777777777778,percent_of_present_outplants,17,45,NA,NA,Species area m2: 0.030114
species_month,Plot G,all,Plot G,May,3,May,NA,NA,NA,Porites porites,species_prevalence,62.22222222222222,percent_of_present_outplants,28,45,NA,NA,Species area m2: 0.02914
