plot,interval_order,month_start,month_end,genet,tag,genotype,species,source_files,match_types,actions,split_fuse_events,n_rows,plot_area_m2,taglab_area_units,area_start,area_end,area_start_m2,area_end_m2,present_start,present_end,survived_interval,died_interval,born_interval
Plot E,1,May,June,0,NA,NA,Orbicella annularis,plotE1-1Matches_Coki_PlotE_20250507_1-1-Coki_PlotE_20250609_1-1.csv,1-1,grow,n/s,1,480,cm2,0.225,0.2375,2.25e-5,2.3749999999999998e-5,TRUE,TRUE,TRUE,FALSE,FALSE
Plot E,1,May,June,10,NA,NA,Acropora palmata,plotE1-1Matches_Coki_PlotE_20250507_1-1-Coki_PlotE_20250609_1-1.csv,1-1,dead,none,1,480,cm2,19.885,0,0.0019885000000000002,0,TRUE,FALSE,FALSE,TRUE,FALSE
Plot E,1,May,June,11,NA,NA,Orbicella franksi,plotE1-1Matches_Coki_PlotE_20250507_1-1-Coki_PlotE_20250609_1-1.csv,1-1,grow,n/s,1,480,cm2,3.2775,4.0925,3.2774999999999997e-4,4.0925e-4,TRUE,TRUE,TRUE,FALSE,FALSE
Plot E,1,May,June,12,NA,NA,Acropora palmata,plotE1-1Matches_Coki_PlotE_20250507_1-1-Coki_PlotE_20250609_1-1.csv,1-1,dead,none,1,480,cm2,17.0325,0,0.00170325,0,TRUE,FALSE,FALSE,TRUE,FALSE
Plot E,1,May,June,13,NA,NA,Orbicella franksi,plotE1-1Matches_Coki_PlotE_20250507_1-1-Coki_PlotE_20250609_1-1.csv,1-1,shrink,n/s,1,480,cm2,2.75,2.3,2.75e-4,2.2999999999999998e-4,TRUE,TRUE,TRUE,FALSE,FALSE
Plot E,1,May,June,14,NA,NA,Orbicella franksi,plotE1-1Matches_Coki_PlotE_20250507_1-1-Coki_PlotE_20250609_1-1.csv,1-1,grow,n/s,1,480,cm2,3.7425,4.695,3.7425e-4,4.6950000000000003e-4,TRUE,TRUE,TRUE,FALSE,FALSE
Plot E,1,May,June,15,NA,NA,Acropora palmata,plotE1-1Matches_Coki_PlotE_20250507_1-1-Coki_PlotE_20250609_1-1.csv,1-1,dead,none,1,480,cm2,16.985,0,0.0016985,0,TRUE,FALSE,FALSE,TRUE,FALSE
Plot E,1,May,June,16,NA,NA,Orbicella annularis,plotE1-1Matches_Coki_PlotE_20250507_1-1-Coki_PlotE_20250609_1-1.csv,1-1,same,n/s,1,480,cm2,8.0875,8.3075,8.0875e-4,8.307499999999999e-4,TRUE,TRUE,TRUE,FALSE,FALSE
Plot E,1,May,June,17,NA,NA,Acropora palmata,plotE1-1Matches_Coki_PlotE_20250507_1-1-Coki_PlotE_20250609_1-1.csv,1-1,dead,none,1,480,cm2,17.455,0,0.0017454999999999999,0,TRUE,FALSE,FALSE,TRUE,FALSE
Plot E,1,May,June,18,NA,NA,Orbicella annularis,plotE1-1Matches_Coki_PlotE_20250507_1-1-Coki_PlotE_20250609_1-1.csv,1-1,grow,n/s,1,480,cm2,2.4425,2.83,2.4425e-4,2.83e-4,TRUE,TRUE,TRUE,FALSE,FALSE
Plot E,1,May,June,19,NA,NA,Orbicella annularis,plotE1-1Matches_Coki_PlotE_20250507_1-1-Coki_PlotE_20250609_1-1.csv,1-1,same; shrink,n/s,2,480,cm2,7.914999999999999,7.6525,7.914999999999999e-4,7.652500000000001e-4,TRUE,TRUE,TRUE,FALSE,FALSE
Plot E,1,May,June,2,NA,NA,Orbicella franksi,plotE1-1Matches_Coki_PlotE_20250507_1-1-Coki_PlotE_20250609_1-1.csv,1-1,grow,n/s,1,480,cm2,4.2,4.9825,4.2e-4,4.9825e-4,TRUE,TRUE,TRUE,FALSE,FALSE
Plot E,1,May,June,20,NA,NA,Orbicella annularis,plotE1-1Matches_Coki_PlotE_20250507_1-1-Coki_PlotE_20250609_1-1.csv,1-1,grow,n/s,1,480,cm2,4.635,5.025,4.635e-4,5.025e-4,TRUE,TRUE,TRUE,FALSE,FALSE
Plot E,1,May,June,21,NA,NA,Orbicella annularis,plotE1-1Matches_Coki_PlotE_20250507_1-1-Coki_PlotE_20250609_1-1.csv,1-1,grow,n/s,5,480,cm2,25.799999999999997,28.825000000000003,0.0025800000000000003,0.0028825,TRUE,TRUE,TRUE,FALSE,FALSE
Plot E,1,May,June,22,NA,NA,Orbicella annularis,plotE1-1Matches_Coki_PlotE_20250507_1-1-Coki_PlotE_20250609_1-1.csv,1-1,grow,n/s,1,480,cm2,3.135,3.3275,3.135e-4,3.3275000000000004e-4,TRUE,TRUE,TRUE,FALSE,FALSE
Plot E,1,May,June,23,NA,NA,Acropora palmata,plotE1-1Matches_Coki_PlotE_20250507_1-1-Coki_PlotE_20250609_1-1.csv,1-1,dead,none,1,480,cm2,37.365,0,0.0037365000000000002,0,TRUE,FALSE,FALSE,TRUE,FALSE
Plot E,1,May,June,24,NA,NA,Orbicella annularis,plotE1-1Matches_Coki_PlotE_20250507_1-1-Coki_PlotE_20250609_1-1.csv,1-1,shrink,n/s,1,480,cm2,0.56,0.485,5.6000000000000006e-5,4.85e-5,TRUE,TRUE,TRUE,FALSE,FALSE
Plot E,1,May,June,25,NA,NA,Orbicella annularis,plotE1-1Matches_Coki_PlotE_20250507_1-1-Coki_PlotE_20250609_1-1.csv,1-1,grow,n/s,2,480,cm2,7.5875,8.975,7.587500000000001e-4,8.975000000000001e-4,TRUE,TRUE,TRUE,FALSE,FALSE
Plot E,1,May,June,26,NA,NA,Orbicella annularis,plotE1-1Matches_Coki_PlotE_20250507_1-1-Coki_PlotE_20250609_1-1.csv,1-1,grow,n/s,1,480,cm2,2.03,2.425,2.0299999999999997e-4,2.4249999999999999e-4,TRUE,TRUE,TRUE,FALSE,FALSE
Plot E,1,May,June,27,NA,NA,Orbicella annularis,plotE1-1Matches_Coki_PlotE_20250507_1-1-Coki_PlotE_20250609_1-1.csv,1-1,grow,n/s,1,480,cm2,3.0175,4.1675,3.0175e-4,4.1675e-4,TRUE,TRUE,TRUE,FALSE,FALSE
Plot E,1,May,June,28,NA,NA,Orbicella annularis,plotE1-1Matches_Coki_PlotE_20250507_1-1-Coki_PlotE_20250609_1-1.csv,1-1,same,n/s,1,480,cm2,7.6075,7.89,7.6075e-4,7.89e-4,TRUE,TRUE,TRUE,FALSE,FALSE
Plot E,1,May,June,29,NA,NA,Orbicella annularis,plotE1-1Matches_Coki_PlotE_20250507_1-1-Coki_PlotE_20250609_1-1.csv,1-1,grow,n/s,1,480,cm2,0.76,1.2075,7.6e-5,1.2075000000000001e-4,TRUE,TRUE,TRUE,FALSE,FALSE
Plot E,1,May,June,3,NA,NA,Orbicella franksi,plotE1-1Matches_Coki_PlotE_20250507_1-1-Coki_PlotE_20250609_1-1.csv,1-1,grow,n/s,1,480,cm2,3.285,4.4275,3.285e-4,4.4275e-4,TRUE,TRUE,TRUE,FALSE,FALSE
Plot E,1,May,June,30,NA,NA,Orbicella annularis,plotE1-1Matches_Coki_PlotE_20250507_1-1-Coki_PlotE_20250609_1-1.csv,1-1,grow,n/s,1,480,cm2,0.4575,0.6725,4.575e-5,6.725e-5,TRUE,TRUE,TRUE,FALSE,FALSE
Plot E,1,May,June,31,NA,NA,Orbicella annularis,plotE1-1Matches_Coki_PlotE_20250507_1-1-Coki_PlotE_20250609_1-1.csv,1-1,grow,n/s,1,480,cm2,8.9275,10.4,8.9275e-4,0.0010400000000000001,TRUE,TRUE,TRUE,FALSE,FALSE
Plot E,1,May,June,32,NA,NA,Acropora palmata,plotE1-1Matches_Coki_PlotE_20250507_1-1-Coki_PlotE_20250609_1-1.csv,1-1,grow; same,n/s,8,480,cm2,172.2025,207.315,0.01722025,0.0207315,TRUE,TRUE,TRUE,FALSE,FALSE
Plot E,1,May,June,33,NA,NA,Orbicella annularis,plotE1-1Matches_Coki_PlotE_20250507_1-1-Coki_PlotE_20250609_1-1.csv,1-1,grow,n/s,1,480,cm2,2.1625,3.01,2.1625e-4,3.01e-4,TRUE,TRUE,TRUE,FALSE,FALSE
Plot E,1,May,June,34,NA,NA,Orbicella annularis,plotE1-1Matches_Coki_PlotE_20250507_1-1-Coki_PlotE_20250609_1-1.csv,1-1,grow,n/s,1,480,cm2,3.06,3.525,3.06e-4,3.525e-4,TRUE,TRUE,TRUE,FALSE,FALSE
Plot E,1,May,June,35,NA,NA,Orbicella annularis,plotE1-1Matches_Coki_PlotE_20250507_1-1-Coki_PlotE_20250609_1-1.csv,1-1,grow,n/s,1,480,cm2,0.4125,0.6225,4.125e-5,6.225000000000001e-5,TRUE,TRUE,TRUE,FALSE,FALSE
Plot E,1,May,June,36,NA,NA,Orbicella annularis,plotE1-1Matches_Coki_PlotE_20250507_1-1-Coki_PlotE_20250609_1-1.csv,1-1,grow,n/s,1,480,cm2,1.2225,1.625,1.2225e-4,1.625e-4,TRUE,TRUE,TRUE,FALSE,FALSE
Plot E,1,May,June,38,NA,NA,Orbicella franksi,plotE1-1Matches_Coki_PlotE_20250507_1-1-Coki_PlotE_20250609_1-1.csv,1-1,grow,n/s,1,480,cm2,5.48,6.04,5.480000000000001e-4,6.04e-4,TRUE,TRUE,TRUE,FALSE,FALSE
Plot E,1,May,June,39,NA,NA,Orbicella franksi,plotE1-1Matches_Coki_PlotE_20250507_1-1-Coki_PlotE_20250609_1-1.csv,1-1,grow,n/s,1,480,cm2,4.6675,5.4775,4.6675000000000004e-4,5.4775e-4,TRUE,TRUE,TRUE,FALSE,FALSE
Plot E,1,May,June,4,NA,NA,Orbicella franksi,plotE1-1Matches_Coki_PlotE_20250507_1-1-Coki_PlotE_20250609_1-1.csv,1-1,grow,n/s,1,480,cm2,3.8675,5.025,3.8675e-4,5.025e-4,TRUE,TRUE,TRUE,FALSE,FALSE
Plot E,1,May,June,40,NA,NA,Orbicella franksi,plotE1-1Matches_Coki_PlotE_20250507_1-1-Coki_PlotE_20250609_1-1.csv,1-1,grow,n/s,1,480,cm2,4.6725,5.73,4.6725000000000005e-4,5.73e-4,TRUE,TRUE,TRUE,FALSE,FALSE
Plot E,1,May,June,41,NA,NA,Orbicella franksi,plotE1-1Matches_Coki_PlotE_20250507_1-1-Coki_PlotE_20250609_1-1.csv,1-1,grow,n/s,1,480,cm2,4.735,5.45,4.735e-4,5.45e-4,TRUE,TRUE,TRUE,FALSE,FALSE
Plot E,1,May,June,42,NA,NA,Orbicella franksi,plotE1-1Matches_Coki_PlotE_20250507_1-1-Coki_PlotE_20250609_1-1.csv,1-1,grow,n/s,1,480,cm2,5.0075,6.2425,5.0075e-4,6.2425e-4,TRUE,TRUE,TRUE,FALSE,FALSE
Plot E,1,May,June,43,NA,NA,Orbicella franksi,plotE1-1Matches_Coki_PlotE_20250507_1-1-Coki_PlotE_20250609_1-1.csv,1-1,grow,n/s,1,480,cm2,5.5875,6.1525,5.5875e-4,6.1525e-4,TRUE,TRUE,TRUE,FALSE,FALSE
Plot E,1,May,June,44,NA,NA,Orbicella franksi,plotE1-1Matches_Coki_PlotE_20250507_1-1-Coki_PlotE_20250609_1-1.csv,1-1,grow,n/s,1,480,cm2,3.7475,4.745,3.7475000000000003e-4,4.745e-4,TRUE,TRUE,TRUE,FALSE,FALSE
Plot E,1,May,June,45,NA,NA,Orbicella franksi,plotE1-1Matches_Coki_PlotE_20250507_1-1-Coki_PlotE_20250609_1-1.csv,1-1,grow,n/s,1,480,cm2,4.7825,5.985,4.7825e-4,5.985000000000001e-4,TRUE,TRUE,TRUE,FALSE,FALSE
Plot E,1,May,June,46,NA,NA,Orbicella franksi,plotE1-1Matches_Coki_PlotE_20250507_1-1-Coki_PlotE_20250609_1-1.csv,1-1,grow,n/s,1,480,cm2,4.155,5.115,4.155e-4,5.115e-4,TRUE,TRUE,TRUE,FALSE,FALSE
Plot E,1,May,June,47,NA,NA,Orbicella annularis,plotE1-1Matches_Coki_PlotE_20250507_1-1-Coki_PlotE_20250609_1-1.csv,1-1,shrink,n/s,1,480,cm2,5.5025,4.69,5.502500000000001e-4,4.69e-4,TRUE,TRUE,TRUE,FALSE,FALSE
Plot E,1,May,June,48,NA,NA,Orbicella annularis,plotE1-1Matches_Coki_PlotE_20250507_1-1-Coki_PlotE_20250609_1-1.csv,1-1,shrink,n/s,1,480,cm2,2.5825,2.3325,2.5825e-4,2.3325e-4,TRUE,TRUE,TRUE,FALSE,FALSE
Plot E,1,May,June,49,NA,NA,Orbicella annularis,plotE1-1Matches_Coki_PlotE_20250507_1-1-Coki_PlotE_20250609_1-1.csv,1-1,same,n/s,1,480,cm2,5.4525,5.37,5.452499999999999e-4,5.37e-4,TRUE,TRUE,TRUE,FALSE,FALSE
Plot E,1,May,June,5,NA,NA,Orbicella franksi,plotE1-1Matches_Coki_PlotE_20250507_1-1-Coki_PlotE_20250609_1-1.csv,1-1,grow,n/s,1,480,cm2,4,4.9525,4e-4,4.952499999999999e-4,TRUE,TRUE,TRUE,FALSE,FALSE
Plot E,1,May,June,50,NA,NA,Orbicella annularis,plotE1-1Matches_Coki_PlotE_20250507_1-1-Coki_PlotE_20250609_1-1.csv,1-1,same,n/s,1,480,cm2,4.55,4.6675,4.55e-4,4.6675000000000004e-4,TRUE,TRUE,TRUE,FALSE,FALSE
Plot E,1,May,June,51,NA,NA,Orbicella annularis,plotE1-1Matches_Coki_PlotE_20250507_1-1-Coki_PlotE_20250609_1-1.csv,1-1,grow,n/s,1,480,cm2,5.845,6.32,5.845e-4,6.320000000000001e-4,TRUE,TRUE,TRUE,FALSE,FALSE
Plot E,1,May,June,52,NA,NA,Orbicella annularis,plotE1-1Matches_Coki_PlotE_20250507_1-1-Coki_PlotE_20250609_1-1.csv,1-1,same,n/s,3,480,cm2,16.25,16.25,0.001625,0.001625,TRUE,TRUE,TRUE,FALSE,FALSE
Plot E,1,May,June,53,NA,NA,Orbicella annularis,plotE1-1Matches_Coki_PlotE_20250507_1-1-Coki_PlotE_20250609_1-1.csv,1-1,same,n/s,1,480,cm2,5.4325,5.4325,5.4325e-4,5.4325e-4,TRUE,TRUE,TRUE,FALSE,FALSE
Plot E,1,May,June,54,NA,NA,Orbicella annularis,plotE1-1Matches_Coki_PlotE_20250507_1-1-Coki_PlotE_20250609_1-1.csv,1-1,same,n/s,1,480,cm2,5.1175,5.1175,5.117499999999999e-4,5.117499999999999e-4,TRUE,TRUE,TRUE,FALSE,FALSE
Plot E,1,May,June,55,NA,NA,Orbicella faveolata,plotE1-1Matches_Coki_PlotE_20250507_1-1-Coki_PlotE_20250609_1-1.csv,1-1,grow,n/s,1,480,cm2,8.4725,9.13,8.4725e-4,9.130000000000001e-4,TRUE,TRUE,TRUE,FALSE,FALSE
Plot E,1,May,June,56,NA,NA,Orbicella faveolata,plotE1-1Matches_Coki_PlotE_20250507_1-1-Coki_PlotE_20250609_1-1.csv,1-1,grow,n/s,1,480,cm2,4.6325,5.18,4.6325e-4,5.18e-4,TRUE,TRUE,TRUE,FALSE,FALSE
Plot E,1,May,June,57,NA,NA,Orbicella faveolata,plotE1-1Matches_Coki_PlotE_20250507_1-1-Coki_PlotE_20250609_1-1.csv,1-1,same,n/s,1,480,cm2,5.7825,6.04,5.7825e-4,6.04e-4,TRUE,TRUE,TRUE,FALSE,FALSE
Plot E,1,May,June,58,NA,NA,Acropora palmata,plotE1-1Matches_Coki_PlotE_20250507_1-1-Coki_PlotE_20250609_1-1.csv,1-1,shrink,n/s,1,480,cm2,17.94,16.9925,0.001794,0.00169925,TRUE,TRUE,TRUE,FALSE,FALSE
Plot E,1,May,June,59,NA,NA,Acropora palmata,plotE1-1Matches_Coki_PlotE_20250507_1-1-Coki_PlotE_20250609_1-1.csv,1-1,shrink,n/s,1,480,cm2,17.8575,16.4075,0.0017857500000000002,0.0016407499999999998,TRUE,TRUE,TRUE,FALSE,FALSE
Plot E,1,May,June,6,NA,NA,Orbicella franksi,plotE1-1Matches_Coki_PlotE_20250507_1-1-Coki_PlotE_20250609_1-1.csv,1-1,grow,n/s,1,480,cm2,2.4575,3.975,2.4575e-4,3.975e-4,TRUE,TRUE,TRUE,FALSE,FALSE
Plot E,1,May,June,60,NA,NA,Acropora palmata,plotE1-1Matches_Coki_PlotE_20250507_1-1-Coki_PlotE_20250609_1-1.csv,1-1,same,n/s,1,480,cm2,18.8325,19.62,0.00188325,0.001962,TRUE,TRUE,TRUE,FALSE,FALSE
Plot E,1,May,June,61,NA,NA,Acropora palmata,plotE1-1Matches_Coki_PlotE_20250507_1-1-Coki_PlotE_20250609_1-1.csv,1-1,shrink,n/s,1,480,cm2,10.8775,9.985,0.00108775,9.985e-4,TRUE,TRUE,TRUE,FALSE,FALSE
Plot E,1,May,June,62,NA,NA,Acropora palmata,plotE1-1Matches_Coki_PlotE_20250507_1-1-Coki_PlotE_20250609_1-1.csv,1-1,shrink,n/s,1,480,cm2,15.3625,14.03,0.00153625,0.001403,TRUE,TRUE,TRUE,FALSE,FALSE
Plot E,1,May,June,7,NA,NA,Acropora palmata,plotE1-1Matches_Coki_PlotE_20250507_1-1-Coki_PlotE_20250609_1-1.csv,1-1,dead,none,1,480,cm2,21.1325,0,0.00211325,0,TRUE,FALSE,FALSE,TRUE,FALSE
Plot E,1,May,June,8,NA,NA,Orbicella franksi,plotE1-1Matches_Coki_PlotE_20250507_1-1-Coki_PlotE_20250609_1-1.csv,1-1,grow,n/s,1,480,cm2,4.0875,5.1375,4.0875000000000004e-4,5.1375e-4,TRUE,TRUE,TRUE,FALSE,FALSE
Plot E,1,May,June,9,NA,NA,Orbicella franksi,plotE1-1Matches_Coki_PlotE_20250507_1-1-Coki_PlotE_20250609_1-1.csv,1-1,grow,n/s,1,480,cm2,3.7275,5.15,3.7275e-4,5.15e-4,TRUE,TRUE,TRUE,FALSE,FALSE
Plot E,2,June,July,0,NA,NA,Orbicella annularis,plotE1-1Matches_Coki_PlotE_20250609_1-1-Coki_PlotE_20250711_1-1.csv,1-1,grow,n/s,1,480,cm2,0.2375,0.4325,2.3749999999999998e-5,4.325e-5,TRUE,TRUE,TRUE,FALSE,FALSE
Plot E,2,June,July,11,NA,NA,Orbicella franksi,plotE1-1Matches_Coki_PlotE_20250609_1-1-Coki_PlotE_20250711_1-1.csv,1-1,same,n/s,1,480,cm2,4.0925,4.0925,4.0925e-4,4.0925e-4,TRUE,TRUE,TRUE,FALSE,FALSE
Plot E,2,June,July,13,NA,NA,Orbicella franksi,plotE1-1Matches_Coki_PlotE_20250609_1-1-Coki_PlotE_20250711_1-1.csv,1-1,same,n/s,1,480,cm2,2.3,2.3,2.2999999999999998e-4,2.2999999999999998e-4,TRUE,TRUE,TRUE,FALSE,FALSE
Plot E,2,June,July,14,NA,NA,Orbicella franksi,plotE1-1Matches_Coki_PlotE_20250609_1-1-Coki_PlotE_20250711_1-1.csv,1-1,same,n/s,1,480,cm2,4.695,4.695,4.6950000000000003e-4,4.6950000000000003e-4,TRUE,TRUE,TRUE,FALSE,FALSE
Plot E,2,June,July,16,NA,NA,Orbicella annularis,plotE1-1Matches_Coki_PlotE_20250609_1-1-Coki_PlotE_20250711_1-1.csv,1-1,same,n/s,1,480,cm2,8.3075,8.3075,8.307499999999999e-4,8.307499999999999e-4,TRUE,TRUE,TRUE,FALSE,FALSE
Plot E,2,June,July,18,NA,NA,Orbicella annularis,plotE1-1Matches_Coki_PlotE_20250609_1-1-Coki_PlotE_20250711_1-1.csv,1-1,same,n/s,1,480,cm2,2.83,2.83,2.83e-4,2.83e-4,TRUE,TRUE,TRUE,FALSE,FALSE
Plot E,2,June,July,19,NA,NA,Orbicella annularis,plotE1-1Matches_Coki_PlotE_20250609_1-1-Coki_PlotE_20250711_1-1.csv,1-1,same,n/s,2,480,cm2,7.6525,7.6525,7.652500000000001e-4,7.652500000000001e-4,TRUE,TRUE,TRUE,FALSE,FALSE
Plot E,2,June,July,2,NA,NA,Orbicella franksi,plotE1-1Matches_Coki_PlotE_20250609_1-1-Coki_PlotE_20250711_1-1.csv,1-1,same,n/s,1,480,cm2,4.9825,4.9825,4.9825e-4,4.9825e-4,TRUE,TRUE,TRUE,FALSE,FALSE
Plot E,2,June,July,20,NA,NA,Orbicella annularis,plotE1-1Matches_Coki_PlotE_20250609_1-1-Coki_PlotE_20250711_1-1.csv,1-1,same,n/s,1,480,cm2,5.025,5.025,5.025e-4,5.025e-4,TRUE,TRUE,TRUE,FALSE,FALSE
Plot E,2,June,July,21,NA,NA,Orbicella annularis,plotE1-1Matches_Coki_PlotE_20250609_1-1-Coki_PlotE_20250711_1-1.csv,1-1,n/s; same,fuse; n/s,5,480,cm2,28.825000000000003,45.1275,0.0028824999999999996,0.004512749999999999,TRUE,TRUE,TRUE,FALSE,FALSE
Plot E,2,June,July,22,NA,NA,Orbicella annularis,plotE1-1Matches_Coki_PlotE_20250609_1-1-Coki_PlotE_20250711_1-1.csv,1-1,same,n/s,1,480,cm2,3.3275,3.3275,3.3275000000000004e-4,3.3275000000000004e-4,TRUE,TRUE,TRUE,FALSE,FALSE
Plot E,2,June,July,24,NA,NA,Orbicella annularis,plotE1-1Matches_Coki_PlotE_20250609_1-1-Coki_PlotE_20250711_1-1.csv,1-1,same,n/s,1,480,cm2,0.485,0.4925,4.85e-5,4.925e-5,TRUE,TRUE,TRUE,FALSE,FALSE
Plot E,2,June,July,25,NA,NA,Orbicella annularis,plotE1-1Matches_Coki_PlotE_20250609_1-1-Coki_PlotE_20250711_1-1.csv,1-1,same,n/s,2,480,cm2,8.975,8.8375,8.975000000000001e-4,8.8375e-4,TRUE,TRUE,TRUE,FALSE,FALSE
Plot E,2,June,July,26,NA,NA,Orbicella annularis,plotE1-1Matches_Coki_PlotE_20250609_1-1-Coki_PlotE_20250711_1-1.csv,1-1,grow,n/s,1,480,cm2,2.425,2.76,2.4249999999999999e-4,2.76e-4,TRUE,TRUE,TRUE,FALSE,FALSE
Plot E,2,June,July,27,NA,NA,Orbicella annularis,plotE1-1Matches_Coki_PlotE_20250609_1-1-Coki_PlotE_20250711_1-1.csv,1-1,shrink,n/s,1,480,cm2,4.1675,3.1025,4.1675e-4,3.1025e-4,TRUE,TRUE,TRUE,FALSE,FALSE
Plot E,2,June,July,28,NA,NA,Orbicella annularis,plotE1-1Matches_Coki_PlotE_20250609_1-1-Coki_PlotE_20250711_1-1.csv,1-1,same,n/s,1,480,cm2,7.89,8.0475,7.89e-4,8.047499999999999e-4,TRUE,TRUE,TRUE,FALSE,FALSE
Plot E,2,June,July,29,NA,NA,Orbicella annularis,plotE1-1Matches_Coki_PlotE_20250609_1-1-Coki_PlotE_20250711_1-1.csv,1-1,shrink,n/s,1,480,cm2,1.2075,0.9975,1.2075000000000001e-4,9.975e-5,TRUE,TRUE,TRUE,FALSE,FALSE
Plot E,2,June,July,3,NA,NA,Orbicella franksi,plotE1-1Matches_Coki_PlotE_20250609_1-1-Coki_PlotE_20250711_1-1.csv,1-1,same,n/s,1,480,cm2,4.4275,4.4275,4.4275e-4,4.4275e-4,TRUE,TRUE,TRUE,FALSE,FALSE
Plot E,2,June,July,30,NA,NA,Orbicella annularis,plotE1-1Matches_Coki_PlotE_20250609_1-1-Coki_PlotE_20250711_1-1.csv,1-1,dead,none,1,480,cm2,0.6725,0,6.725e-5,0,TRUE,FALSE,FALSE,TRUE,FALSE
Plot E,2,June,July,31,NA,NA,Orbicella annularis,plotE1-1Matches_Coki_PlotE_20250609_1-1-Coki_PlotE_20250711_1-1.csv,1-1,shrink,n/s,1,480,cm2,10.4,9.1025,0.0010400000000000001,9.102499999999999e-4,TRUE,TRUE,TRUE,FALSE,FALSE
Plot E,2,June,July,32,NA,NA,Acropora palmata,plotE1-1Matches_Coki_PlotE_20250609_1-1-Coki_PlotE_20250711_1-1.csv,1-1,grow; n/s,fuse; n/s,8,480,cm2,207.31500000000003,783.97,0.020731499999999996,0.078397,TRUE,TRUE,TRUE,FALSE,FALSE
Plot E,2,June,July,33,NA,NA,Orbicella annularis,plotE1-1Matches_Coki_PlotE_20250609_1-1-Coki_PlotE_20250711_1-1.csv,1-1,shrink,n/s,1,480,cm2,3.01,2.8225,3.01e-4,2.8225e-4,TRUE,TRUE,TRUE,FALSE,FALSE
Plot E,2,June,July,34,NA,NA,Orbicella annularis,plotE1-1Matches_Coki_PlotE_20250609_1-1-Coki_PlotE_20250711_1-1.csv,1-1,shrink,n/s,1,480,cm2,3.525,3.0675,3.525e-4,3.0675e-4,TRUE,TRUE,TRUE,FALSE,FALSE
Plot E,2,June,July,35,NA,NA,Orbicella annularis,plotE1-1Matches_Coki_PlotE_20250609_1-1-Coki_PlotE_20250711_1-1.csv,1-1,shrink,n/s,1,480,cm2,0.6225,0.54,6.225000000000001e-5,5.4000000000000005e-5,TRUE,TRUE,TRUE,FALSE,FALSE
Plot E,2,June,July,36,NA,NA,Orbicella annularis,plotE1-1Matches_Coki_PlotE_20250609_1-1-Coki_PlotE_20250711_1-1.csv,1-1,grow,n/s,1,480,cm2,1.625,1.735,1.625e-4,1.7350000000000002e-4,TRUE,TRUE,TRUE,FALSE,FALSE
Plot E,2,June,July,38,NA,NA,Orbicella franksi,plotE1-1Matches_Coki_PlotE_20250609_1-1-Coki_PlotE_20250711_1-1.csv,1-1,same,n/s,1,480,cm2,6.04,5.985,6.04e-4,5.985000000000001e-4,TRUE,TRUE,TRUE,FALSE,FALSE
Plot E,2,June,July,39,NA,NA,Orbicella franksi,plotE1-1Matches_Coki_PlotE_20250609_1-1-Coki_PlotE_20250711_1-1.csv,1-1,same,n/s,1,480,cm2,5.4775,5.75,5.4775e-4,5.75e-4,TRUE,TRUE,TRUE,FALSE,FALSE
Plot E,2,June,July,4,NA,NA,Orbicella franksi,plotE1-1Matches_Coki_PlotE_20250609_1-1-Coki_PlotE_20250711_1-1.csv,1-1,same,n/s,1,480,cm2,5.025,5.025,5.025e-4,5.025e-4,TRUE,TRUE,TRUE,FALSE,FALSE
Plot E,2,June,July,40,NA,NA,Orbicella franksi,plotE1-1Matches_Coki_PlotE_20250609_1-1-Coki_PlotE_20250711_1-1.csv,1-1,same,n/s,1,480,cm2,5.73,5.7025,5.73e-4,5.7025e-4,TRUE,TRUE,TRUE,FALSE,FALSE
Plot E,2,June,July,41,NA,NA,Orbicella franksi,plotE1-1Matches_Coki_PlotE_20250609_1-1-Coki_PlotE_20250711_1-1.csv,1-1,shrink,n/s,1,480,cm2,5.45,5.0125,5.45e-4,5.012500000000001e-4,TRUE,TRUE,TRUE,FALSE,FALSE
Plot E,2,June,July,42,NA,NA,Orbicella franksi,plotE1-1Matches_Coki_PlotE_20250609_1-1-Coki_PlotE_20250711_1-1.csv,1-1,same,n/s,1,480,cm2,6.2425,6.3425,6.2425e-4,6.3425e-4,TRUE,TRUE,TRUE,FALSE,FALSE
Plot E,2,June,July,43,NA,NA,Orbicella franksi,plotE1-1Matches_Coki_PlotE_20250609_1-1-Coki_PlotE_20250711_1-1.csv,1-1,same,n/s,1,480,cm2,6.1525,6.0425,6.1525e-4,6.042500000000001e-4,TRUE,TRUE,TRUE,FALSE,FALSE
Plot E,2,June,July,44,NA,NA,Orbicella franksi,plotE1-1Matches_Coki_PlotE_20250609_1-1-Coki_PlotE_20250711_1-1.csv,1-1,same,n/s,1,480,cm2,4.745,4.73,4.745e-4,4.7300000000000006e-4,TRUE,TRUE,TRUE,FALSE,FALSE
Plot E,2,June,July,45,NA,NA,Orbicella franksi,plotE1-1Matches_Coki_PlotE_20250609_1-1-Coki_PlotE_20250711_1-1.csv,1-1,same,n/s,1,480,cm2,5.985,6.145,5.985000000000001e-4,6.144999999999999e-4,TRUE,TRUE,TRUE,FALSE,FALSE
Plot E,2,June,July,46,NA,NA,Orbicella franksi,plotE1-1Matches_Coki_PlotE_20250609_1-1-Coki_PlotE_20250711_1-1.csv,1-1,same,n/s,1,480,cm2,5.115,5.09,5.115e-4,5.09e-4,TRUE,TRUE,TRUE,FALSE,FALSE
Plot E,2,June,July,47,NA,NA,Orbicella annularis,plotE1-1Matches_Coki_PlotE_20250609_1-1-Coki_PlotE_20250711_1-1.csv,1-1,grow,n/s,1,480,cm2,4.69,5.77,4.69e-4,5.769999999999999e-4,TRUE,TRUE,TRUE,FALSE,FALSE
Plot E,2,June,July,48,NA,NA,Orbicella annularis,plotE1-1Matches_Coki_PlotE_20250609_1-1-Coki_PlotE_20250711_1-1.csv,1-1,same,n/s,1,480,cm2,2.3325,2.3525,2.3325e-4,2.3525e-4,TRUE,TRUE,TRUE,FALSE,FALSE
Plot E,2,June,July,49,NA,NA,Orbicella annularis,plotE1-1Matches_Coki_PlotE_20250609_1-1-Coki_PlotE_20250711_1-1.csv,1-1,same,n/s,1,480,cm2,5.37,5.4275,5.37e-4,5.4275e-4,TRUE,TRUE,TRUE,FALSE,FALSE
Plot E,2,June,July,5,NA,NA,Orbicella franksi,plotE1-1Matches_Coki_PlotE_20250609_1-1-Coki_PlotE_20250711_1-1.csv,1-1,same,n/s,1,480,cm2,4.9525,4.9525,4.952499999999999e-4,4.952499999999999e-4,TRUE,TRUE,TRUE,FALSE,FALSE
Plot E,2,June,July,50,NA,NA,Orbicella annularis,plotE1-1Matches_Coki_PlotE_20250609_1-1-Coki_PlotE_20250711_1-1.csv,1-1,same,n/s,1,480,cm2,4.6675,4.755,4.6675000000000004e-4,4.755e-4,TRUE,TRUE,TRUE,FALSE,FALSE
Plot E,2,June,July,51,NA,NA,Orbicella annularis,plotE1-1Matches_Coki_PlotE_20250609_1-1-Coki_PlotE_20250711_1-1.csv,1-1,grow,n/s,1,480,cm2,6.32,6.975,6.320000000000001e-4,6.975e-4,TRUE,TRUE,TRUE,FALSE,FALSE
Plot E,2,June,July,52,NA,NA,Orbicella annularis,plotE1-1Matches_Coki_PlotE_20250609_1-1-Coki_PlotE_20250711_1-1.csv,1-1,grow; shrink,n/s,3,480,cm2,16.25,16.8775,0.001625,0.00168775,TRUE,TRUE,TRUE,FALSE,FALSE
Plot E,2,June,July,53,NA,NA,Orbicella annularis,plotE1-1Matches_Coki_PlotE_20250609_1-1-Coki_PlotE_20250711_1-1.csv,1-1,grow,n/s,1,480,cm2,5.4325,6.7625,5.4325e-4,6.7625e-4,TRUE,TRUE,TRUE,FALSE,FALSE
Plot E,2,June,July,54,NA,NA,Orbicella annularis,plotE1-1Matches_Coki_PlotE_20250609_1-1-Coki_PlotE_20250711_1-1.csv,1-1,same,n/s,1,480,cm2,5.1175,5.33,5.117499999999999e-4,5.33e-4,TRUE,TRUE,TRUE,FALSE,FALSE
Plot E,2,June,July,55,NA,NA,Orbicella faveolata,plotE1-1Matches_Coki_PlotE_20250609_1-1-Coki_PlotE_20250711_1-1.csv,1-1,same,n/s,1,480,cm2,9.13,8.975,9.130000000000001e-4,8.975e-4,TRUE,TRUE,TRUE,FALSE,FALSE
Plot E,2,June,July,56,NA,NA,Orbicella faveolata,plotE1-1Matches_Coki_PlotE_20250609_1-1-Coki_PlotE_20250711_1-1.csv,1-1,shrink,n/s,1,480,cm2,5.18,4.1025,5.18e-4,4.1025e-4,TRUE,TRUE,TRUE,FALSE,FALSE
Plot E,2,June,July,57,NA,NA,Orbicella faveolata,plotE1-1Matches_Coki_PlotE_20250609_1-1-Coki_PlotE_20250711_1-1.csv,1-1,shrink,n/s,1,480,cm2,6.04,4.27,6.04e-4,4.2699999999999997e-4,TRUE,TRUE,TRUE,FALSE,FALSE
Plot E,2,June,July,58,NA,NA,Acropora palmata,plotE1-1Matches_Coki_PlotE_20250609_1-1-Coki_PlotE_20250711_1-1.csv,1-1,shrink,n/s,1,480,cm2,16.9925,9,0.00169925,9e-4,TRUE,TRUE,TRUE,FALSE,FALSE
Plot E,2,June,July,59,NA,NA,Acropora palmata,plotE1-1Matches_Coki_PlotE_20250609_1-1-Coki_PlotE_20250711_1-1.csv,1-1,shrink,n/s,1,480,cm2,16.4075,10.5825,0.0016407499999999998,0.00105825,TRUE,TRUE,TRUE,FALSE,FALSE
Plot E,2,June,July,6,NA,NA,Orbicella franksi,plotE1-1Matches_Coki_PlotE_20250609_1-1-Coki_PlotE_20250711_1-1.csv,1-1,same,n/s,1,480,cm2,3.975,3.975,3.975e-4,3.975e-4,TRUE,TRUE,TRUE,FALSE,FALSE
Plot E,2,June,July,60,NA,NA,Acropora palmata,plotE1-1Matches_Coki_PlotE_20250609_1-1-Coki_PlotE_20250711_1-1.csv,1-1,shrink,n/s,1,480,cm2,19.62,18.5625,0.001962,0.00185625,TRUE,TRUE,TRUE,FALSE,FALSE
Plot E,2,June,July,61,NA,NA,Acropora palmata,plotE1-1Matches_Coki_PlotE_20250609_1-1-Coki_PlotE_20250711_1-1.csv,1-1,shrink,n/s,1,480,cm2,9.985,9.3575,9.985e-4,9.3575e-4,TRUE,TRUE,TRUE,FALSE,FALSE
Plot E,2,June,July,62,NA,NA,Acropora palmata,plotE1-1Matches_Coki_PlotE_20250609_1-1-Coki_PlotE_20250711_1-1.csv,1-1,shrink,n/s,1,480,cm2,14.03,12.1525,0.001403,0.00121525,TRUE,TRUE,TRUE,FALSE,FALSE
Plot E,2,June,July,8,NA,NA,Orbicella franksi,plotE1-1Matches_Coki_PlotE_20250609_1-1-Coki_PlotE_20250711_1-1.csv,1-1,same,n/s,1,480,cm2,5.1375,5.1375,5.1375e-4,5.1375e-4,TRUE,TRUE,TRUE,FALSE,FALSE
Plot E,2,June,July,9,NA,NA,Orbicella franksi,plotE1-1Matches_Coki_PlotE_20250609_1-1-Coki_PlotE_20250711_1-1.csv,1-1,same,n/s,1,480,cm2,5.15,5.15,5.15e-4,5.15e-4,TRUE,TRUE,TRUE,FALSE,FALSE
Plot E,3,July,August,0,NA,NA,Orbicella annularis,plotE1-1Matches_Coki_PlotE_20250711_1-1-Coki_PlotE_20250804_1-1.csv,1-1,dead,none,1,480,cm2,0.4325,0,4.325e-5,0,TRUE,FALSE,FALSE,TRUE,FALSE
Plot E,3,July,August,11,NA,NA,Orbicella franksi,plotE1-1Matches_Coki_PlotE_20250711_1-1-Coki_PlotE_20250804_1-1.csv,1-1,grow,n/s,1,480,cm2,4.0925,4.435,4.0925e-4,4.4349999999999994e-4,TRUE,TRUE,TRUE,FALSE,FALSE
Plot E,3,July,August,13,NA,NA,Orbicella franksi,plotE1-1Matches_Coki_PlotE_20250711_1-1-Coki_PlotE_20250804_1-1.csv,1-1,grow,n/s,1,480,cm2,2.3,3.545,2.2999999999999998e-4,3.545e-4,TRUE,TRUE,TRUE,FALSE,FALSE
Plot E,3,July,August,14,NA,NA,Orbicella franksi,plotE1-1Matches_Coki_PlotE_20250711_1-1-Coki_PlotE_20250804_1-1.csv,1-1,shrink,n/s,1,480,cm2,4.695,2.9125,4.6950000000000003e-4,2.9125e-4,TRUE,TRUE,TRUE,FALSE,FALSE
Plot E,3,July,August,16,NA,NA,Orbicella annularis,plotE1-1Matches_Coki_PlotE_20250711_1-1-Coki_PlotE_20250804_1-1.csv,1-1,grow,n/s,1,480,cm2,8.3075,9.0725,8.307499999999999e-4,9.0725e-4,TRUE,TRUE,TRUE,FALSE,FALSE
Plot E,3,July,August,18,NA,NA,Orbicella annularis,plotE1-1Matches_Coki_PlotE_20250711_1-1-Coki_PlotE_20250804_1-1.csv,1-1,grow,n/s,1,480,cm2,2.83,3.3275,2.83e-4,3.3275000000000004e-4,TRUE,TRUE,TRUE,FALSE,FALSE
Plot E,3,July,August,19,NA,NA,Orbicella annularis,plotE1-1Matches_Coki_PlotE_20250711_1-1-Coki_PlotE_20250804_1-1.csv,1-1,grow,n/s,2,480,cm2,7.6525,9.6375,7.652500000000001e-4,9.6375e-4,TRUE,TRUE,TRUE,FALSE,FALSE
Plot E,3,July,August,2,NA,NA,Orbicella franksi,plotE1-1Matches_Coki_PlotE_20250711_1-1-Coki_PlotE_20250804_1-1.csv,1-1,grow,n/s,1,480,cm2,4.9825,5.5075,4.9825e-4,5.5075e-4,TRUE,TRUE,TRUE,FALSE,FALSE
Plot E,3,July,August,20,NA,NA,Orbicella annularis,plotE1-1Matches_Coki_PlotE_20250711_1-1-Coki_PlotE_20250804_1-1.csv,1-1,grow,n/s,1,480,cm2,5.025,5.445,5.025e-4,5.445000000000001e-4,TRUE,TRUE,TRUE,FALSE,FALSE
Plot E,3,July,August,21,NA,NA,Orbicella annularis,plotE1-1Matches_Coki_PlotE_20250711_1-1-Coki_PlotE_20250804_1-1.csv,1-1,grow; same; shrink,n/s,4,480,cm2,28.8,29.9525,0.0028799999999999997,0.0029952499999999996,TRUE,TRUE,TRUE,FALSE,FALSE
Plot E,3,July,August,22,NA,NA,Orbicella annularis,plotE1-1Matches_Coki_PlotE_20250711_1-1-Coki_PlotE_20250804_1-1.csv,1-1,same,n/s,1,480,cm2,3.3275,3.35,3.3275000000000004e-4,3.35e-4,TRUE,TRUE,TRUE,FALSE,FALSE
Plot E,3,July,August,24,NA,NA,Orbicella annularis,plotE1-1Matches_Coki_PlotE_20250711_1-1-Coki_PlotE_20250804_1-1.csv,1-1,grow,n/s,1,480,cm2,0.4925,0.7675,4.925e-5,7.675e-5,TRUE,TRUE,TRUE,FALSE,FALSE
Plot E,3,July,August,25,NA,NA,Orbicella annularis,plotE1-1Matches_Coki_PlotE_20250711_1-1-Coki_PlotE_20250804_1-1.csv,1-1,grow,n/s,2,480,cm2,8.8375,10.13,8.8375e-4,0.001013,TRUE,TRUE,TRUE,FALSE,FALSE
Plot E,3,July,August,26,NA,NA,Orbicella annularis,plotE1-1Matches_Coki_PlotE_20250711_1-1-Coki_PlotE_20250804_1-1.csv,1-1,shrink,n/s,1,480,cm2,2.76,2.565,2.76e-4,2.565e-4,TRUE,TRUE,TRUE,FALSE,FALSE
Plot E,3,July,August,27,NA,NA,Orbicella annularis,plotE1-1Matches_Coki_PlotE_20250711_1-1-Coki_PlotE_20250804_1-1.csv,1-1,grow,n/s,1,480,cm2,3.1025,4.0175,3.1025e-4,4.0175e-4,TRUE,TRUE,TRUE,FALSE,FALSE
Plot E,3,July,August,28,NA,NA,Orbicella annularis,plotE1-1Matches_Coki_PlotE_20250711_1-1-Coki_PlotE_20250804_1-1.csv,1-1,grow,n/s,1,480,cm2,8.0475,8.615,8.047499999999999e-4,8.615000000000001e-4,TRUE,TRUE,TRUE,FALSE,FALSE
Plot E,3,July,August,29,NA,NA,Orbicella annularis,plotE1-1Matches_Coki_PlotE_20250711_1-1-Coki_PlotE_20250804_1-1.csv,1-1,grow,n/s,1,480,cm2,0.9975,1.185,9.975e-5,1.1850000000000001e-4,TRUE,TRUE,TRUE,FALSE,FALSE
Plot E,3,July,August,3,NA,NA,Orbicella franksi,plotE1-1Matches_Coki_PlotE_20250711_1-1-Coki_PlotE_20250804_1-1.csv,1-1,same,n/s,1,480,cm2,4.4275,4.3675,4.4275e-4,4.3674999999999996e-4,TRUE,TRUE,TRUE,FALSE,FALSE
Plot E,3,July,August,31,NA,NA,Orbicella annularis,plotE1-1Matches_Coki_PlotE_20250711_1-1-Coki_PlotE_20250804_1-1.csv,1-1,grow,n/s,1,480,cm2,9.1025,10.51,9.102499999999999e-4,0.001051,TRUE,TRUE,TRUE,FALSE,FALSE
Plot E,3,July,August,32,NA,NA,Acropora palmata,plotE1-1Matches_Coki_PlotE_20250711_1-1-Coki_PlotE_20250804_1-1.csv,1-1,n/s,fuse,3,480,cm2,227.19,818.5274999999999,0.022719,0.08185274999999999,TRUE,TRUE,TRUE,FALSE,FALSE
Plot E,3,July,August,33,NA,NA,Orbicella annularis,plotE1-1Matches_Coki_PlotE_20250711_1-1-Coki_PlotE_20250804_1-1.csv,1-1,grow,n/s,1,480,cm2,2.8225,3.255,2.8225e-4,3.255e-4,TRUE,TRUE,TRUE,FALSE,FALSE
Plot E,3,July,August,34,NA,NA,Orbicella annularis,plotE1-1Matches_Coki_PlotE_20250711_1-1-Coki_PlotE_20250804_1-1.csv,1-1,grow,n/s,1,480,cm2,3.0675,4.065,3.0675e-4,4.065e-4,TRUE,TRUE,TRUE,FALSE,FALSE
Plot E,3,July,August,35,NA,NA,Orbicella annularis,plotE1-1Matches_Coki_PlotE_20250711_1-1-Coki_PlotE_20250804_1-1.csv,1-1,grow,n/s,1,480,cm2,0.54,0.6225,5.4000000000000005e-5,6.225000000000001e-5,TRUE,TRUE,TRUE,FALSE,FALSE
Plot E,3,July,August,36,NA,NA,Orbicella annularis,plotE1-1Matches_Coki_PlotE_20250711_1-1-Coki_PlotE_20250804_1-1.csv,1-1,same,n/s,1,480,cm2,1.735,1.7125,1.7350000000000002e-4,1.7125e-4,TRUE,TRUE,TRUE,FALSE,FALSE
Plot E,3,July,August,38,NA,NA,Orbicella franksi,plotE1-1Matches_Coki_PlotE_20250711_1-1-Coki_PlotE_20250804_1-1.csv,1-1,same,n/s,1,480,cm2,5.985,5.8125,5.985000000000001e-4,5.8125e-4,TRUE,TRUE,TRUE,FALSE,FALSE
Plot E,3,July,August,39,NA,NA,Orbicella franksi,plotE1-1Matches_Coki_PlotE_20250711_1-1-Coki_PlotE_20250804_1-1.csv,1-1,same,n/s,1,480,cm2,5.75,5.825,5.75e-4,5.825e-4,TRUE,TRUE,TRUE,FALSE,FALSE
Plot E,3,July,August,4,NA,NA,Orbicella franksi,plotE1-1Matches_Coki_PlotE_20250711_1-1-Coki_PlotE_20250804_1-1.csv,1-1,grow,n/s,1,480,cm2,5.025,5.385,5.025e-4,5.385e-4,TRUE,TRUE,TRUE,FALSE,FALSE
Plot E,3,July,August,40,NA,NA,Orbicella franksi,plotE1-1Matches_Coki_PlotE_20250711_1-1-Coki_PlotE_20250804_1-1.csv,1-1,shrink,n/s,1,480,cm2,5.7025,5.2375,5.7025e-4,5.2375e-4,TRUE,TRUE,TRUE,FALSE,FALSE
Plot E,3,July,August,41,NA,NA,Orbicella franksi,plotE1-1Matches_Coki_PlotE_20250711_1-1-Coki_PlotE_20250804_1-1.csv,1-1,grow,n/s,1,480,cm2,5.0125,5.435,5.012500000000001e-4,5.434999999999999e-4,TRUE,TRUE,TRUE,FALSE,FALSE
Plot E,3,July,August,42,NA,NA,Orbicella franksi,plotE1-1Matches_Coki_PlotE_20250711_1-1-Coki_PlotE_20250804_1-1.csv,1-1,same,n/s,1,480,cm2,6.3425,6.49,6.3425e-4,0.00064900000000000005,TRUE,TRUE,TRUE,FALSE,FALSE
Plot E,3,July,August,43,NA,NA,Orbicella franksi,plotE1-1Matches_Coki_PlotE_20250711_1-1-Coki_PlotE_20250804_1-1.csv,1-1,same,n/s,1,480,cm2,6.0425,6.1875,6.042500000000001e-4,6.1875e-4,TRUE,TRUE,TRUE,FALSE,FALSE
Plot E,3,July,August,44,NA,NA,Orbicella franksi,plotE1-1Matches_Coki_PlotE_20250711_1-1-Coki_PlotE_20250804_1-1.csv,1-1,shrink,n/s,1,480,cm2,4.73,4.4675,4.7300000000000006e-4,4.4675000000000004e-4,TRUE,TRUE,TRUE,FALSE,FALSE
Plot E,3,July,August,45,NA,NA,Orbicella franksi,plotE1-1Matches_Coki_PlotE_20250711_1-1-Coki_PlotE_20250804_1-1.csv,1-1,same,n/s,1,480,cm2,6.145,5.915,6.144999999999999e-4,5.915e-4,TRUE,TRUE,TRUE,FALSE,FALSE
Plot E,3,July,August,46,NA,NA,Orbicella franksi,plotE1-1Matches_Coki_PlotE_20250711_1-1-Coki_PlotE_20250804_1-1.csv,1-1,shrink,n/s,1,480,cm2,5.09,4.5025,5.09e-4,4.5025e-4,TRUE,TRUE,TRUE,FALSE,FALSE
Plot E,3,July,August,47,NA,NA,Orbicella annularis,plotE1-1Matches_Coki_PlotE_20250711_1-1-Coki_PlotE_20250804_1-1.csv,1-1,same,n/s,1,480,cm2,5.77,5.5475,5.769999999999999e-4,5.5475e-4,TRUE,TRUE,TRUE,FALSE,FALSE
Plot E,3,July,August,48,NA,NA,Orbicella annularis,plotE1-1Matches_Coki_PlotE_20250711_1-1-Coki_PlotE_20250804_1-1.csv,1-1,shrink,n/s,1,480,cm2,2.3525,2.22,2.3525e-4,2.2200000000000003e-4,TRUE,TRUE,TRUE,FALSE,FALSE
Plot E,3,July,August,49,NA,NA,Orbicella annularis,plotE1-1Matches_Coki_PlotE_20250711_1-1-Coki_PlotE_20250804_1-1.csv,1-1,grow,n/s,1,480,cm2,5.4275,6.345,5.4275e-4,6.345e-4,TRUE,TRUE,TRUE,FALSE,FALSE
Plot E,3,July,August,5,NA,NA,Orbicella franksi,plotE1-1Matches_Coki_PlotE_20250711_1-1-Coki_PlotE_20250804_1-1.csv,1-1,same,n/s,1,480,cm2,4.9525,4.795,4.952499999999999e-4,4.795e-4,TRUE,TRUE,TRUE,FALSE,FALSE
Plot E,3,July,August,50,NA,NA,Orbicella annularis,plotE1-1Matches_Coki_PlotE_20250711_1-1-Coki_PlotE_20250804_1-1.csv,1-1,grow,n/s,1,480,cm2,4.755,5.3025,4.755e-4,5.3025e-4,TRUE,TRUE,TRUE,FALSE,FALSE
Plot E,3,July,August,51,NA,NA,Orbicella annularis,plotE1-1Matches_Coki_PlotE_20250711_1-1-Coki_PlotE_20250804_1-1.csv,1-1,same,n/s,1,480,cm2,6.975,6.9875,6.975e-4,6.987499999999999e-4,TRUE,TRUE,TRUE,FALSE,FALSE
Plot E,3,July,August,52,NA,NA,Orbicella annularis,plotE1-1Matches_Coki_PlotE_20250711_1-1-Coki_PlotE_20250804_1-1.csv,1-1,grow; same,n/s,3,480,cm2,16.8775,17.565,0.00168775,0.0017565,TRUE,TRUE,TRUE,FALSE,FALSE
Plot E,3,July,August,53,NA,NA,Orbicella annularis,plotE1-1Matches_Coki_PlotE_20250711_1-1-Coki_PlotE_20250804_1-1.csv,1-1,same,n/s,1,480,cm2,6.7625,6.5525,6.7625e-4,6.5525e-4,TRUE,TRUE,TRUE,FALSE,FALSE
Plot E,3,July,August,54,NA,NA,Orbicella annularis,plotE1-1Matches_Coki_PlotE_20250711_1-1-Coki_PlotE_20250804_1-1.csv,1-1,grow,n/s,1,480,cm2,5.33,5.9875,5.33e-4,5.9875e-4,TRUE,TRUE,TRUE,FALSE,FALSE
Plot E,3,July,August,55,NA,NA,Orbicella faveolata,plotE1-1Matches_Coki_PlotE_20250711_1-1-Coki_PlotE_20250804_1-1.csv,1-1,same,n/s,1,480,cm2,8.975,9.1725,8.975e-4,9.1725e-4,TRUE,TRUE,TRUE,FALSE,FALSE
Plot E,3,July,August,56,NA,NA,Orbicella faveolata,plotE1-1Matches_Coki_PlotE_20250711_1-1-Coki_PlotE_20250804_1-1.csv,1-1,grow,n/s,1,480,cm2,4.1025,5.2875,4.1025e-4,5.287499999999999e-4,TRUE,TRUE,TRUE,FALSE,FALSE
Plot E,3,July,August,57,NA,NA,Orbicella faveolata,plotE1-1Matches_Coki_PlotE_20250711_1-1-Coki_PlotE_20250804_1-1.csv,1-1,grow,n/s,1,480,cm2,4.27,6.4775,4.2699999999999997e-4,6.4775e-4,TRUE,TRUE,TRUE,FALSE,FALSE
Plot E,3,July,August,58,NA,NA,Acropora palmata,plotE1-1Matches_Coki_PlotE_20250711_1-1-Coki_PlotE_20250804_1-1.csv,1-1,grow,n/s,1,480,cm2,9,20.9375,9e-4,0.00209375,TRUE,TRUE,TRUE,FALSE,FALSE
Plot E,3,July,August,59,NA,NA,Acropora palmata,plotE1-1Matches_Coki_PlotE_20250711_1-1-Coki_PlotE_20250804_1-1.csv,1-1,grow,n/s,1,480,cm2,10.5825,22.0525,0.00105825,0.0022052499999999997,TRUE,TRUE,TRUE,FALSE,FALSE
Plot E,3,July,August,6,NA,NA,Orbicella franksi,plotE1-1Matches_Coki_PlotE_20250711_1-1-Coki_PlotE_20250804_1-1.csv,1-1,shrink,n/s,1,480,cm2,3.975,3.69,3.975e-4,3.6899999999999997e-4,TRUE,TRUE,TRUE,FALSE,FALSE
Plot E,3,July,August,60,NA,NA,Acropora palmata,plotE1-1Matches_Coki_PlotE_20250711_1-1-Coki_PlotE_20250804_1-1.csv,1-1,grow,n/s,1,480,cm2,18.5625,26.4,0.00185625,0.00264,TRUE,TRUE,TRUE,FALSE,FALSE
Plot E,3,July,August,61,NA,NA,Acropora palmata,plotE1-1Matches_Coki_PlotE_20250711_1-1-Coki_PlotE_20250804_1-1.csv,1-1,grow,n/s,1,480,cm2,9.3575,13.925,9.3575e-4,0.0013925,TRUE,TRUE,TRUE,FALSE,FALSE
Plot E,3,July,August,62,NA,NA,Acropora palmata,plotE1-1Matches_Coki_PlotE_20250711_1-1-Coki_PlotE_20250804_1-1.csv,1-1,grow,n/s,1,480,cm2,12.1525,15.55,0.00121525,0.0015550000000000002,TRUE,TRUE,TRUE,FALSE,FALSE
Plot E,3,July,August,63,NA,NA,Orbicella sp.,plotE1-1Matches_Coki_PlotE_20250711_1-1-Coki_PlotE_20250804_1-1.csv,1-1,born,none,1,480,cm2,0,4.255,0,4.255e-4,FALSE,TRUE,FALSE,FALSE,TRUE
Plot E,3,July,August,64,NA,NA,Orbicella sp.,plotE1-1Matches_Coki_PlotE_20250711_1-1-Coki_PlotE_20250804_1-1.csv,1-1,born,none,1,480,cm2,0,2.92,0,2.92e-4,FALSE,TRUE,FALSE,FALSE,TRUE
Plot E,3,July,August,8,NA,NA,Orbicella franksi,plotE1-1Matches_Coki_PlotE_20250711_1-1-Coki_PlotE_20250804_1-1.csv,1-1,grow,n/s,1,480,cm2,5.1375,5.435,5.1375e-4,5.434999999999999e-4,TRUE,TRUE,TRUE,FALSE,FALSE
Plot E,3,July,August,9,NA,NA,Orbicella franksi,plotE1-1Matches_Coki_PlotE_20250711_1-1-Coki_PlotE_20250804_1-1.csv,1-1,grow,n/s,1,480,cm2,5.15,5.7575,5.15e-4,5.7575e-4,TRUE,TRUE,TRUE,FALSE,FALSE
Plot E,4,August,September,11,NA,NA,Orbicella franksi,plotE1-1Matches_Coki_PlotE_20250804_1-1-Coki_PlotE_20250908_1-1.csv,1-1,same,n/s,1,480,cm2,4.435,4.375,4.4349999999999994e-4,4.375e-4,TRUE,TRUE,TRUE,FALSE,FALSE
Plot E,4,August,September,13,NA,NA,Orbicella franksi,plotE1-1Matches_Coki_PlotE_20250804_1-1-Coki_PlotE_20250908_1-1.csv,1-1,same,n/s,1,480,cm2,3.545,3.44,3.545e-4,3.44e-4,TRUE,TRUE,TRUE,FALSE,FALSE
Plot E,4,August,September,14,NA,NA,Orbicella franksi,plotE1-1Matches_Coki_PlotE_20250804_1-1-Coki_PlotE_20250908_1-1.csv,1-1,grow,n/s,1,480,cm2,2.9125,4.4375,2.9125e-4,4.4375e-4,TRUE,TRUE,TRUE,FALSE,FALSE
Plot E,4,August,September,16,NA,NA,Orbicella annularis,plotE1-1Matches_Coki_PlotE_20250804_1-1-Coki_PlotE_20250908_1-1.csv,1-1,same,n/s,1,480,cm2,9.0725,8.9725,9.0725e-4,8.9725e-4,TRUE,TRUE,TRUE,FALSE,FALSE
Plot E,4,August,September,18,NA,NA,Orbicella annularis,plotE1-1Matches_Coki_PlotE_20250804_1-1-Coki_PlotE_20250908_1-1.csv,1-1,grow,n/s,1,480,cm2,3.3275,3.5775,3.3275000000000004e-4,3.5775e-4,TRUE,TRUE,TRUE,FALSE,FALSE
Plot E,4,August,September,19,NA,NA,Orbicella annularis,plotE1-1Matches_Coki_PlotE_20250804_1-1-Coki_PlotE_20250908_1-1.csv,1-1,same,n/s,2,480,cm2,9.6375,9.555,9.6375e-4,9.555000000000001e-4,TRUE,TRUE,TRUE,FALSE,FALSE
Plot E,4,August,September,2,NA,NA,Orbicella franksi,plotE1-1Matches_Coki_PlotE_20250804_1-1-Coki_PlotE_20250908_1-1.csv,1-1,same,n/s,1,480,cm2,5.5075,5.26,5.5075e-4,5.26e-4,TRUE,TRUE,TRUE,FALSE,FALSE
Plot E,4,August,September,20,NA,NA,Orbicella annularis,plotE1-1Matches_Coki_PlotE_20250804_1-1-Coki_PlotE_20250908_1-1.csv,1-1,same,n/s,1,480,cm2,5.445,5.6525,5.445000000000001e-4,5.6525e-4,TRUE,TRUE,TRUE,FALSE,FALSE
Plot E,4,August,September,21,NA,NA,Orbicella annularis,plotE1-1Matches_Coki_PlotE_20250804_1-1-Coki_PlotE_20250908_1-1.csv,1-1,grow; n/s,fuse; n/s,4,480,cm2,29.9525,89.13499999999999,0.00299525,0.0089135,TRUE,TRUE,TRUE,FALSE,FALSE
Plot E,4,August,September,22,NA,NA,Orbicella annularis,plotE1-1Matches_Coki_PlotE_20250804_1-1-Coki_PlotE_20250908_1-1.csv,1-1,grow,n/s,1,480,cm2,3.35,3.9625,3.35e-4,3.9625e-4,TRUE,TRUE,TRUE,FALSE,FALSE
Plot E,4,August,September,24,NA,NA,Orbicella annularis,plotE1-1Matches_Coki_PlotE_20250804_1-1-Coki_PlotE_20250908_1-1.csv,1-1,shrink,n/s,1,480,cm2,0.7675,0.6125,7.675e-5,6.125e-5,TRUE,TRUE,TRUE,FALSE,FALSE
Plot E,4,August,September,25,NA,NA,Orbicella annularis,plotE1-1Matches_Coki_PlotE_20250804_1-1-Coki_PlotE_20250908_1-1.csv,1-1,grow; same,n/s,2,480,cm2,10.13,10.495,0.001013,0.0010494999999999999,TRUE,TRUE,TRUE,FALSE,FALSE
Plot E,4,August,September,26,NA,NA,Orbicella annularis,plotE1-1Matches_Coki_PlotE_20250804_1-1-Coki_PlotE_20250908_1-1.csv,1-1,grow,n/s,1,480,cm2,2.565,2.7175,2.565e-4,2.7174999999999996e-4,TRUE,TRUE,TRUE,FALSE,FALSE
Plot E,4,August,September,27,NA,NA,Orbicella annularis,plotE1-1Matches_Coki_PlotE_20250804_1-1-Coki_PlotE_20250908_1-1.csv,1-1,grow,n/s,1,480,cm2,4.0175,4.5225,4.0175e-4,4.5225e-4,TRUE,TRUE,TRUE,FALSE,FALSE
Plot E,4,August,September,28,NA,NA,Orbicella annularis,plotE1-1Matches_Coki_PlotE_20250804_1-1-Coki_PlotE_20250908_1-1.csv,1-1,grow,n/s,1,480,cm2,8.615,9.315,8.615000000000001e-4,9.314999999999999e-4,TRUE,TRUE,TRUE,FALSE,FALSE
Plot E,4,August,September,29,NA,NA,Orbicella annularis,plotE1-1Matches_Coki_PlotE_20250804_1-1-Coki_PlotE_20250908_1-1.csv,1-1,grow,n/s,1,480,cm2,1.185,1.2625,1.1850000000000001e-4,1.2625e-4,TRUE,TRUE,TRUE,FALSE,FALSE
Plot E,4,August,September,3,NA,NA,Orbicella franksi,plotE1-1Matches_Coki_PlotE_20250804_1-1-Coki_PlotE_20250908_1-1.csv,1-1,grow,n/s,1,480,cm2,4.3675,4.6625,4.3674999999999996e-4,4.6625e-4,TRUE,TRUE,TRUE,FALSE,FALSE
Plot E,4,August,September,31,NA,NA,Orbicella annularis,plotE1-1Matches_Coki_PlotE_20250804_1-1-Coki_PlotE_20250908_1-1.csv,1-1,grow,n/s,1,480,cm2,10.51,11.1625,0.001051,0.00111625,TRUE,TRUE,TRUE,FALSE,FALSE
Plot E,4,August,September,32,NA,NA,Acropora palmata,plotE1-1Matches_Coki_PlotE_20250804_1-1-Coki_PlotE_20250908_1-1.csv,1-1,grow,n/s,1,480,cm2,272.8425,304.465,0.027284249999999996,0.030446499999999998,TRUE,TRUE,TRUE,FALSE,FALSE
Plot E,4,August,September,33,NA,NA,Orbicella annularis,plotE1-1Matches_Coki_PlotE_20250804_1-1-Coki_PlotE_20250908_1-1.csv,1-1,grow,n/s,1,480,cm2,3.255,3.6275,3.255e-4,3.6275e-4,TRUE,TRUE,TRUE,FALSE,FALSE
Plot E,4,August,September,34,NA,NA,Orbicella annularis,plotE1-1Matches_Coki_PlotE_20250804_1-1-Coki_PlotE_20250908_1-1.csv,1-1,grow,n/s,1,480,cm2,4.065,4.4875,4.065e-4,4.4875e-4,TRUE,TRUE,TRUE,FALSE,FALSE
Plot E,4,August,September,35,NA,NA,Orbicella annularis,plotE1-1Matches_Coki_PlotE_20250804_1-1-Coki_PlotE_20250908_1-1.csv,1-1,same,n/s,1,480,cm2,0.6225,0.645,6.225000000000001e-5,6.45e-5,TRUE,TRUE,TRUE,FALSE,FALSE
Plot E,4,August,September,36,NA,NA,Orbicella annularis,plotE1-1Matches_Coki_PlotE_20250804_1-1-Coki_PlotE_20250908_1-1.csv,1-1,grow,n/s,1,480,cm2,1.7125,1.9775,1.7125e-4,1.9775e-4,TRUE,TRUE,TRUE,FALSE,FALSE
Plot E,4,August,September,38,NA,NA,Orbicella franksi,plotE1-1Matches_Coki_PlotE_20250804_1-1-Coki_PlotE_20250908_1-1.csv,1-1,shrink,n/s,1,480,cm2,5.8125,4.39,5.8125e-4,4.39e-4,TRUE,TRUE,TRUE,FALSE,FALSE
Plot E,4,August,September,39,NA,NA,Orbicella franksi,plotE1-1Matches_Coki_PlotE_20250804_1-1-Coki_PlotE_20250908_1-1.csv,1-1,same,n/s,1,480,cm2,5.825,6.0425,5.825e-4,6.042500000000001e-4,TRUE,TRUE,TRUE,FALSE,FALSE
Plot E,4,August,September,4,NA,NA,Orbicella franksi,plotE1-1Matches_Coki_PlotE_20250804_1-1-Coki_PlotE_20250908_1-1.csv,1-1,same,n/s,1,480,cm2,5.385,5.3725,5.385e-4,5.3725e-4,TRUE,TRUE,TRUE,FALSE,FALSE
Plot E,4,August,September,40,NA,NA,Orbicella franksi,plotE1-1Matches_Coki_PlotE_20250804_1-1-Coki_PlotE_20250908_1-1.csv,1-1,grow,n/s,1,480,cm2,5.2375,5.7525,5.2375e-4,5.7525e-4,TRUE,TRUE,TRUE,FALSE,FALSE
Plot E,4,August,September,41,NA,NA,Orbicella franksi,plotE1-1Matches_Coki_PlotE_20250804_1-1-Coki_PlotE_20250908_1-1.csv,1-1,grow,n/s,1,480,cm2,5.435,6.105,5.434999999999999e-4,6.105e-4,TRUE,TRUE,TRUE,FALSE,FALSE
Plot E,4,August,September,42,NA,NA,Orbicella franksi,plotE1-1Matches_Coki_PlotE_20250804_1-1-Coki_PlotE_20250908_1-1.csv,1-1,same,n/s,1,480,cm2,6.49,6.6775,0.00064900000000000005,6.6775e-4,TRUE,TRUE,TRUE,FALSE,FALSE
Plot E,4,August,September,43,NA,NA,Orbicella franksi,plotE1-1Matches_Coki_PlotE_20250804_1-1-Coki_PlotE_20250908_1-1.csv,1-1,shrink,n/s,1,480,cm2,6.1875,5.65,6.1875e-4,5.650000000000001e-4,TRUE,TRUE,TRUE,FALSE,FALSE
Plot E,4,August,September,44,NA,NA,Orbicella franksi,plotE1-1Matches_Coki_PlotE_20250804_1-1-Coki_PlotE_20250908_1-1.csv,1-1,grow,n/s,1,480,cm2,4.4675,5.0525,4.4675000000000004e-4,5.052500000000001e-4,TRUE,TRUE,TRUE,FALSE,FALSE
Plot E,4,August,September,45,NA,NA,Orbicella franksi,plotE1-1Matches_Coki_PlotE_20250804_1-1-Coki_PlotE_20250908_1-1.csv,1-1,grow,n/s,1,480,cm2,5.915,6.565,5.915e-4,6.565000000000001e-4,TRUE,TRUE,TRUE,FALSE,FALSE
Plot E,4,August,September,46,NA,NA,Orbicella franksi,plotE1-1Matches_Coki_PlotE_20250804_1-1-Coki_PlotE_20250908_1-1.csv,1-1,grow,n/s,1,480,cm2,4.5025,5.2675,4.5025e-4,5.2675e-4,TRUE,TRUE,TRUE,FALSE,FALSE
Plot E,4,August,September,47,NA,NA,Orbicella annularis,plotE1-1Matches_Coki_PlotE_20250804_1-1-Coki_PlotE_20250908_1-1.csv,1-1,grow,n/s,1,480,cm2,5.5475,6.1125,5.5475e-4,6.1125e-4,TRUE,TRUE,TRUE,FALSE,FALSE
Plot E,4,August,September,48,NA,NA,Orbicella annularis,plotE1-1Matches_Coki_PlotE_20250804_1-1-Coki_PlotE_20250908_1-1.csv,1-1,same,n/s,1,480,cm2,2.22,2.1775,2.2200000000000003e-4,2.1775000000000003e-4,TRUE,TRUE,TRUE,FALSE,FALSE
Plot E,4,August,September,49,NA,NA,Orbicella annularis,plotE1-1Matches_Coki_PlotE_20250804_1-1-Coki_PlotE_20250908_1-1.csv,1-1,same,n/s,1,480,cm2,6.345,6.13,6.345e-4,6.129999999999999e-4,TRUE,TRUE,TRUE,FALSE,FALSE
Plot E,4,August,September,5,NA,NA,Orbicella franksi,plotE1-1Matches_Coki_PlotE_20250804_1-1-Coki_PlotE_20250908_1-1.csv,1-1,same,n/s,1,480,cm2,4.795,4.575,4.795e-4,4.575e-4,TRUE,TRUE,TRUE,FALSE,FALSE
Plot E,4,August,September,50,NA,NA,Orbicella annularis,plotE1-1Matches_Coki_PlotE_20250804_1-1-Coki_PlotE_20250908_1-1.csv,1-1,shrink,n/s,1,480,cm2,5.3025,4.335,5.3025e-4,4.335e-4,TRUE,TRUE,TRUE,FALSE,FALSE
Plot E,4,August,September,51,NA,NA,Orbicella annularis,plotE1-1Matches_Coki_PlotE_20250804_1-1-Coki_PlotE_20250908_1-1.csv,1-1,same,n/s,1,480,cm2,6.9875,7.0425,6.987499999999999e-4,7.0425e-4,TRUE,TRUE,TRUE,FALSE,FALSE
Plot E,4,August,September,52,NA,NA,Orbicella annularis,plotE1-1Matches_Coki_PlotE_20250804_1-1-Coki_PlotE_20250908_1-1.csv,1-1,grow; n/s,fuse; n/s,3,480,cm2,17.565,32.5225,0.0017565,0.00325225,TRUE,TRUE,TRUE,FALSE,FALSE
Plot E,4,August,September,53,NA,NA,Orbicella annularis,plotE1-1Matches_Coki_PlotE_20250804_1-1-Coki_PlotE_20250908_1-1.csv,1-1,grow,n/s,1,480,cm2,6.5525,7.725,6.5525e-4,7.725e-4,TRUE,TRUE,TRUE,FALSE,FALSE
Plot E,4,August,September,54,NA,NA,Orbicella annularis,plotE1-1Matches_Coki_PlotE_20250804_1-1-Coki_PlotE_20250908_1-1.csv,1-1,grow,n/s,1,480,cm2,5.9875,7.3075,5.9875e-4,7.307500000000001e-4,TRUE,TRUE,TRUE,FALSE,FALSE
Plot E,4,August,September,55,NA,NA,Orbicella faveolata,plotE1-1Matches_Coki_PlotE_20250804_1-1-Coki_PlotE_20250908_1-1.csv,1-1,grow,n/s,1,480,cm2,9.1725,9.9625,9.1725e-4,9.9625e-4,TRUE,TRUE,TRUE,FALSE,FALSE
Plot E,4,August,September,56,NA,NA,Orbicella faveolata,plotE1-1Matches_Coki_PlotE_20250804_1-1-Coki_PlotE_20250908_1-1.csv,1-1,grow,n/s,1,480,cm2,5.2875,5.9225,5.287499999999999e-4,5.9225e-4,TRUE,TRUE,TRUE,FALSE,FALSE
Plot E,4,August,September,57,NA,NA,Orbicella faveolata,plotE1-1Matches_Coki_PlotE_20250804_1-1-Coki_PlotE_20250908_1-1.csv,1-1,grow,n/s,1,480,cm2,6.4775,7.2125,6.4775e-4,7.2125e-4,TRUE,TRUE,TRUE,FALSE,FALSE
Plot E,4,August,September,58,NA,NA,Acropora palmata,plotE1-1Matches_Coki_PlotE_20250804_1-1-Coki_PlotE_20250908_1-1.csv,1-1,shrink,n/s,1,480,cm2,20.9375,18.3825,0.00209375,0.00183825,TRUE,TRUE,TRUE,FALSE,FALSE
Plot E,4,August,September,59,NA,NA,Acropora palmata,plotE1-1Matches_Coki_PlotE_20250804_1-1-Coki_PlotE_20250908_1-1.csv,1-1,grow,n/s,1,480,cm2,22.0525,23.5825,0.0022052499999999997,0.00235825,TRUE,TRUE,TRUE,FALSE,FALSE
Plot E,4,August,September,6,NA,NA,Orbicella franksi,plotE1-1Matches_Coki_PlotE_20250804_1-1-Coki_PlotE_20250908_1-1.csv,1-1,grow,n/s,1,480,cm2,3.69,4.105,3.6899999999999997e-4,4.1050000000000006e-4,TRUE,TRUE,TRUE,FALSE,FALSE
Plot E,4,August,September,60,NA,NA,Acropora palmata,plotE1-1Matches_Coki_PlotE_20250804_1-1-Coki_PlotE_20250908_1-1.csv,1-1,grow,n/s,1,480,cm2,26.4,27.7475,0.00264,0.00277475,TRUE,TRUE,TRUE,FALSE,FALSE
Plot E,4,August,September,61,NA,NA,Acropora palmata,plotE1-1Matches_Coki_PlotE_20250804_1-1-Coki_PlotE_20250908_1-1.csv,1-1,grow,n/s,1,480,cm2,13.925,16.77,0.0013925,0.0016769999999999999,TRUE,TRUE,TRUE,FALSE,FALSE
Plot E,4,August,September,62,NA,NA,Acropora palmata,plotE1-1Matches_Coki_PlotE_20250804_1-1-Coki_PlotE_20250908_1-1.csv,1-1,grow,n/s,1,480,cm2,15.55,17.1675,0.0015550000000000002,0.00171675,TRUE,TRUE,TRUE,FALSE,FALSE
Plot E,4,August,September,63,NA,NA,Orbicella sp.,plotE1-1Matches_Coki_PlotE_20250804_1-1-Coki_PlotE_20250908_1-1.csv,1-1,grow,n/s,1,480,cm2,4.255,4.7325,4.255e-4,4.7325e-4,TRUE,TRUE,TRUE,FALSE,FALSE
Plot E,4,August,September,64,NA,NA,Orbicella sp.,plotE1-1Matches_Coki_PlotE_20250804_1-1-Coki_PlotE_20250908_1-1.csv,1-1,grow,n/s,1,480,cm2,2.92,3.1825,2.92e-4,3.1825e-4,TRUE,TRUE,TRUE,FALSE,FALSE
Plot E,4,August,September,8,NA,NA,Orbicella franksi,plotE1-1Matches_Coki_PlotE_20250804_1-1-Coki_PlotE_20250908_1-1.csv,1-1,same,n/s,1,480,cm2,5.435,5.6775,5.434999999999999e-4,5.6775e-4,TRUE,TRUE,TRUE,FALSE,FALSE
Plot E,4,August,September,9,NA,NA,Orbicella franksi,plotE1-1Matches_Coki_PlotE_20250804_1-1-Coki_PlotE_20250908_1-1.csv,1-1,grow,n/s,1,480,cm2,5.7575,6.5925,5.7575e-4,6.5925e-4,TRUE,TRUE,TRUE,FALSE,FALSE
Plot E,5,September,October,11,NA,NA,Orbicella franksi,plotE1-1Matches_Coki_PlotE_20250908_1-1-Coki_PlotE_20251014_1-1.csv,1-1,shrink,n/s,1,480,cm2,4.375,4.0575,4.375e-4,4.0575e-4,TRUE,TRUE,TRUE,FALSE,FALSE
Plot E,5,September,October,13,NA,NA,Orbicella franksi,plotE1-1Matches_Coki_PlotE_20250908_1-1-Coki_PlotE_20251014_1-1.csv,1-1,shrink,n/s,1,480,cm2,3.44,2.92,3.44e-4,2.92e-4,TRUE,TRUE,TRUE,FALSE,FALSE
Plot E,5,September,October,14,NA,NA,Orbicella franksi,plotE1-1Matches_Coki_PlotE_20250908_1-1-Coki_PlotE_20251014_1-1.csv,1-1,shrink,n/s,1,480,cm2,4.4375,3.39,4.4375e-4,3.39e-4,TRUE,TRUE,TRUE,FALSE,FALSE
Plot E,5,September,October,16,NA,NA,Orbicella annularis,plotE1-1Matches_Coki_PlotE_20250908_1-1-Coki_PlotE_20251014_1-1.csv,1-1,same,n/s,1,480,cm2,8.9725,8.965,8.9725e-4,8.964999999999999e-4,TRUE,TRUE,TRUE,FALSE,FALSE
Plot E,5,September,October,18,NA,NA,Orbicella annularis,plotE1-1Matches_Coki_PlotE_20250908_1-1-Coki_PlotE_20251014_1-1.csv,1-1,grow,n/s,1,480,cm2,3.5775,4.0925,3.5775e-4,4.0925e-4,TRUE,TRUE,TRUE,FALSE,FALSE
Plot E,5,September,October,19,NA,NA,Orbicella annularis,plotE1-1Matches_Coki_PlotE_20250908_1-1-Coki_PlotE_20251014_1-1.csv,1-1,n/s,fuse,2,480,cm2,9.555,22.525,9.555000000000001e-4,0.0022524999999999997,TRUE,TRUE,TRUE,FALSE,FALSE
Plot E,5,September,October,2,NA,NA,Orbicella franksi,plotE1-1Matches_Coki_PlotE_20250908_1-1-Coki_PlotE_20251014_1-1.csv,1-1,same,n/s,1,480,cm2,5.26,5.09,5.26e-4,5.09e-4,TRUE,TRUE,TRUE,FALSE,FALSE
Plot E,5,September,October,20,NA,NA,Orbicella annularis,plotE1-1Matches_Coki_PlotE_20250908_1-1-Coki_PlotE_20251014_1-1.csv,1-1,same,n/s,1,480,cm2,5.6525,5.8925,5.6525e-4,5.8925e-4,TRUE,TRUE,TRUE,FALSE,FALSE
Plot E,5,September,October,21,NA,NA,Orbicella annularis,plotE1-1Matches_Coki_PlotE_20250908_1-1-Coki_PlotE_20251014_1-1.csv,1-1,n/s,fuse,2,480,cm2,33.28,69.49,0.003328,0.0069489999999999994,TRUE,TRUE,TRUE,FALSE,FALSE
Plot E,5,September,October,22,NA,NA,Orbicella annularis,plotE1-1Matches_Coki_PlotE_20250908_1-1-Coki_PlotE_20251014_1-1.csv,1-1,grow,n/s,1,480,cm2,3.9625,4.5275,3.9625e-4,4.5275e-4,TRUE,TRUE,TRUE,FALSE,FALSE
Plot E,5,September,October,24,NA,NA,Orbicella annularis,plotE1-1Matches_Coki_PlotE_20250908_1-1-Coki_PlotE_20251014_1-1.csv,1-1,grow,n/s,1,480,cm2,0.6125,0.675,6.125e-5,6.75e-5,TRUE,TRUE,TRUE,FALSE,FALSE
Plot E,5,September,October,25,NA,NA,Orbicella annularis,plotE1-1Matches_Coki_PlotE_20250908_1-1-Coki_PlotE_20251014_1-1.csv,1-1,grow; same,n/s,2,480,cm2,10.495,10.955,0.0010494999999999999,0.0010955,TRUE,TRUE,TRUE,FALSE,FALSE
Plot E,5,September,October,26,NA,NA,Orbicella annularis,plotE1-1Matches_Coki_PlotE_20250908_1-1-Coki_PlotE_20251014_1-1.csv,1-1,same,n/s,1,480,cm2,2.7175,2.82,2.7174999999999996e-4,2.8199999999999997e-4,TRUE,TRUE,TRUE,FALSE,FALSE
Plot E,5,September,October,27,NA,NA,Orbicella annularis,plotE1-1Matches_Coki_PlotE_20250908_1-1-Coki_PlotE_20251014_1-1.csv,1-1,grow,n/s,1,480,cm2,4.5225,4.945,4.5225e-4,4.945e-4,TRUE,TRUE,TRUE,FALSE,FALSE
Plot E,5,September,October,28,NA,NA,Orbicella annularis,plotE1-1Matches_Coki_PlotE_20250908_1-1-Coki_PlotE_20251014_1-1.csv,1-1,grow,n/s,1,480,cm2,9.315,9.805,9.314999999999999e-4,9.805e-4,TRUE,TRUE,TRUE,FALSE,FALSE
Plot E,5,September,October,29,NA,NA,Orbicella annularis,plotE1-1Matches_Coki_PlotE_20250908_1-1-Coki_PlotE_20251014_1-1.csv,1-1,same,n/s,1,480,cm2,1.2625,1.2925,1.2625e-4,1.2925e-4,TRUE,TRUE,TRUE,FALSE,FALSE
Plot E,5,September,October,3,NA,NA,Orbicella franksi,plotE1-1Matches_Coki_PlotE_20250908_1-1-Coki_PlotE_20251014_1-1.csv,1-1,shrink,n/s,1,480,cm2,4.6625,4.27,4.6625e-4,4.2699999999999997e-4,TRUE,TRUE,TRUE,FALSE,FALSE
Plot E,5,September,October,31,NA,NA,Orbicella annularis,plotE1-1Matches_Coki_PlotE_20250908_1-1-Coki_PlotE_20251014_1-1.csv,1-1,grow,n/s,1,480,cm2,11.1625,12.1575,0.00111625,0.00121575,TRUE,TRUE,TRUE,FALSE,FALSE
Plot E,5,September,October,32,NA,NA,Acropora palmata,plotE1-1Matches_Coki_PlotE_20250908_1-1-Coki_PlotE_20251014_1-1.csv,1-1,same,n/s,1,480,cm2,304.465,303.265,0.030446499999999998,0.0303265,TRUE,TRUE,TRUE,FALSE,FALSE
Plot E,5,September,October,33,NA,NA,Orbicella annularis,plotE1-1Matches_Coki_PlotE_20250908_1-1-Coki_PlotE_20251014_1-1.csv,1-1,grow,n/s,1,480,cm2,3.6275,3.9225,3.6275e-4,3.9224999999999997e-4,TRUE,TRUE,TRUE,FALSE,FALSE
Plot E,5,September,October,34,NA,NA,Orbicella annularis,plotE1-1Matches_Coki_PlotE_20250908_1-1-Coki_PlotE_20251014_1-1.csv,1-1,grow,n/s,1,480,cm2,4.4875,5.4925,4.4875e-4,5.492499999999999e-4,TRUE,TRUE,TRUE,FALSE,FALSE
Plot E,5,September,October,35,NA,NA,Orbicella annularis,plotE1-1Matches_Coki_PlotE_20250908_1-1-Coki_PlotE_20251014_1-1.csv,1-1,grow,n/s,1,480,cm2,0.645,0.695,6.45e-5,6.95e-5,TRUE,TRUE,TRUE,FALSE,FALSE
Plot E,5,September,October,36,NA,NA,Orbicella annularis,plotE1-1Matches_Coki_PlotE_20250908_1-1-Coki_PlotE_20251014_1-1.csv,1-1,same,n/s,1,480,cm2,1.9775,2.05,1.9775e-4,2.05e-4,TRUE,TRUE,TRUE,FALSE,FALSE
Plot E,5,September,October,38,NA,NA,Orbicella franksi,plotE1-1Matches_Coki_PlotE_20250908_1-1-Coki_PlotE_20251014_1-1.csv,1-1,grow,n/s,1,480,cm2,4.39,6.51,4.39e-4,6.51e-4,TRUE,TRUE,TRUE,FALSE,FALSE
Plot E,5,September,October,39,NA,NA,Orbicella franksi,plotE1-1Matches_Coki_PlotE_20250908_1-1-Coki_PlotE_20251014_1-1.csv,1-1,same,n/s,1,480,cm2,6.0425,6.02,6.042500000000001e-4,6.02e-4,TRUE,TRUE,TRUE,FALSE,FALSE
Plot E,5,September,October,4,NA,NA,Orbicella franksi,plotE1-1Matches_Coki_PlotE_20250908_1-1-Coki_PlotE_20251014_1-1.csv,1-1,same,n/s,1,480,cm2,5.3725,5.4025,5.3725e-4,5.402499999999999e-4,TRUE,TRUE,TRUE,FALSE,FALSE
Plot E,5,September,October,40,NA,NA,Orbicella franksi,plotE1-1Matches_Coki_PlotE_20250908_1-1-Coki_PlotE_20251014_1-1.csv,1-1,shrink,n/s,1,480,cm2,5.7525,5.4225,5.7525e-4,5.4225e-4,TRUE,TRUE,TRUE,FALSE,FALSE
Plot E,5,September,October,41,NA,NA,Orbicella franksi,plotE1-1Matches_Coki_PlotE_20250908_1-1-Coki_PlotE_20251014_1-1.csv,1-1,same,n/s,1,480,cm2,6.105,5.9425,6.105e-4,5.942499999999999e-4,TRUE,TRUE,TRUE,FALSE,FALSE
Plot E,5,September,October,42,NA,NA,Orbicella franksi,plotE1-1Matches_Coki_PlotE_20250908_1-1-Coki_PlotE_20251014_1-1.csv,1-1,same,n/s,1,480,cm2,6.6775,6.745,6.6775e-4,6.745e-4,TRUE,TRUE,TRUE,FALSE,FALSE
Plot E,5,September,October,43,NA,NA,Orbicella franksi,plotE1-1Matches_Coki_PlotE_20250908_1-1-Coki_PlotE_20251014_1-1.csv,1-1,grow,n/s,1,480,cm2,5.65,6.39,5.650000000000001e-4,6.389999999999999e-4,TRUE,TRUE,TRUE,FALSE,FALSE
Plot E,5,September,October,44,NA,NA,Orbicella franksi,plotE1-1Matches_Coki_PlotE_20250908_1-1-Coki_PlotE_20251014_1-1.csv,1-1,shrink,n/s,1,480,cm2,5.0525,4.77,5.052500000000001e-4,4.7699999999999994e-4,TRUE,TRUE,TRUE,FALSE,FALSE
Plot E,5,September,October,45,NA,NA,Orbicella franksi,plotE1-1Matches_Coki_PlotE_20250908_1-1-Coki_PlotE_20251014_1-1.csv,1-1,same,n/s,1,480,cm2,6.565,6.4625,6.565000000000001e-4,6.4625e-4,TRUE,TRUE,TRUE,FALSE,FALSE
Plot E,5,September,October,46,NA,NA,Orbicella franksi,plotE1-1Matches_Coki_PlotE_20250908_1-1-Coki_PlotE_20251014_1-1.csv,1-1,same,n/s,1,480,cm2,5.2675,5.215,5.2675e-4,5.214999999999999e-4,TRUE,TRUE,TRUE,FALSE,FALSE
Plot E,5,September,October,47,NA,NA,Orbicella annularis,plotE1-1Matches_Coki_PlotE_20250908_1-1-Coki_PlotE_20251014_1-1.csv,1-1,same,n/s,1,480,cm2,6.1125,6.3,6.1125e-4,6.3e-4,TRUE,TRUE,TRUE,FALSE,FALSE
Plot E,5,September,October,48,NA,NA,Orbicella annularis,plotE1-1Matches_Coki_PlotE_20250908_1-1-Coki_PlotE_20251014_1-1.csv,1-1,grow,n/s,1,480,cm2,2.1775,2.555,2.1775000000000003e-4,2.5550000000000003e-4,TRUE,TRUE,TRUE,FALSE,FALSE
Plot E,5,September,October,49,NA,NA,Orbicella annularis,plotE1-1Matches_Coki_PlotE_20250908_1-1-Coki_PlotE_20251014_1-1.csv,1-1,same,n/s,1,480,cm2,6.13,6.3575,6.129999999999999e-4,6.3575e-4,TRUE,TRUE,TRUE,FALSE,FALSE
Plot E,5,September,October,5,NA,NA,Orbicella franksi,plotE1-1Matches_Coki_PlotE_20250908_1-1-Coki_PlotE_20251014_1-1.csv,1-1,grow,n/s,1,480,cm2,4.575,5.15,4.575e-4,5.15e-4,TRUE,TRUE,TRUE,FALSE,FALSE
Plot E,5,September,October,50,NA,NA,Orbicella annularis,plotE1-1Matches_Coki_PlotE_20250908_1-1-Coki_PlotE_20251014_1-1.csv,1-1,grow,n/s,1,480,cm2,4.335,5.4575,4.335e-4,5.4575e-4,TRUE,TRUE,TRUE,FALSE,FALSE
Plot E,5,September,October,51,NA,NA,Orbicella annularis,plotE1-1Matches_Coki_PlotE_20250908_1-1-Coki_PlotE_20251014_1-1.csv,1-1,grow,n/s,1,480,cm2,7.0425,7.78,7.0425e-4,7.78e-4,TRUE,TRUE,TRUE,FALSE,FALSE
Plot E,5,September,October,52,NA,NA,Orbicella annularis,plotE1-1Matches_Coki_PlotE_20250908_1-1-Coki_PlotE_20251014_1-1.csv,1-1,n/s,fuse,2,480,cm2,19.705000000000002,42.75,0.0019705,0.004275,TRUE,TRUE,TRUE,FALSE,FALSE
Plot E,5,September,October,53,NA,NA,Orbicella annularis,plotE1-1Matches_Coki_PlotE_20250908_1-1-Coki_PlotE_20251014_1-1.csv,1-1,same,n/s,1,480,cm2,7.725,8.0175,7.725e-4,8.0175e-4,TRUE,TRUE,TRUE,FALSE,FALSE
Plot E,5,September,October,54,NA,NA,Orbicella annularis,plotE1-1Matches_Coki_PlotE_20250908_1-1-Coki_PlotE_20251014_1-1.csv,1-1,grow,n/s,1,480,cm2,7.3075,8.2725,7.307500000000001e-4,8.272500000000001e-4,TRUE,TRUE,TRUE,FALSE,FALSE
Plot E,5,September,October,55,NA,NA,Orbicella faveolata,plotE1-1Matches_Coki_PlotE_20250908_1-1-Coki_PlotE_20251014_1-1.csv,1-1,grow,n/s,1,480,cm2,9.9625,10.6525,9.9625e-4,0.00106525,TRUE,TRUE,TRUE,FALSE,FALSE
Plot E,5,September,October,56,NA,NA,Orbicella faveolata,plotE1-1Matches_Coki_PlotE_20250908_1-1-Coki_PlotE_20251014_1-1.csv,1-1,grow,n/s,1,480,cm2,5.9225,7.57,5.9225e-4,7.570000000000001e-4,TRUE,TRUE,TRUE,FALSE,FALSE
Plot E,5,September,October,57,NA,NA,Orbicella faveolata,plotE1-1Matches_Coki_PlotE_20250908_1-1-Coki_PlotE_20251014_1-1.csv,1-1,same,n/s,1,480,cm2,7.2125,7.315,7.2125e-4,7.315e-4,TRUE,TRUE,TRUE,FALSE,FALSE
Plot E,5,September,October,58,NA,NA,Acropora palmata,plotE1-1Matches_Coki_PlotE_20250908_1-1-Coki_PlotE_20251014_1-1.csv,1-1,shrink,n/s,1,480,cm2,18.3825,15.405,0.00183825,0.0015405,TRUE,TRUE,TRUE,FALSE,FALSE
Plot E,5,September,October,59,NA,NA,Acropora palmata,plotE1-1Matches_Coki_PlotE_20250908_1-1-Coki_PlotE_20251014_1-1.csv,1-1,shrink,n/s,1,480,cm2,23.5825,21.28,0.00235825,0.002128,TRUE,TRUE,TRUE,FALSE,FALSE
Plot E,5,September,October,6,NA,NA,Orbicella franksi,plotE1-1Matches_Coki_PlotE_20250908_1-1-Coki_PlotE_20251014_1-1.csv,1-1,same,n/s,1,480,cm2,4.105,4.035,4.1050000000000006e-4,4.035e-4,TRUE,TRUE,TRUE,FALSE,FALSE
Plot E,5,September,October,60,NA,NA,Acropora palmata,plotE1-1Matches_Coki_PlotE_20250908_1-1-Coki_PlotE_20251014_1-1.csv,1-1,same,n/s,1,480,cm2,27.7475,28.375,0.00277475,0.0028375,TRUE,TRUE,TRUE,FALSE,FALSE
Plot E,5,September,October,61,NA,NA,Acropora palmata,plotE1-1Matches_Coki_PlotE_20250908_1-1-Coki_PlotE_20251014_1-1.csv,1-1,shrink,n/s,1,480,cm2,16.77,11.9325,0.0016769999999999999,0.0011932499999999999,TRUE,TRUE,TRUE,FALSE,FALSE
Plot E,5,September,October,62,NA,NA,Acropora palmata,plotE1-1Matches_Coki_PlotE_20250908_1-1-Coki_PlotE_20251014_1-1.csv,1-1,same,n/s,1,480,cm2,17.1675,17.06,0.00171675,0.0017059999999999998,TRUE,TRUE,TRUE,FALSE,FALSE
Plot E,5,September,October,63,NA,NA,Orbicella sp.,plotE1-1Matches_Coki_PlotE_20250908_1-1-Coki_PlotE_20251014_1-1.csv,1-1,dead,none,1,480,cm2,4.7325,0,4.7325e-4,0,TRUE,FALSE,FALSE,TRUE,FALSE
Plot E,5,September,October,64,NA,NA,Orbicella sp.,plotE1-1Matches_Coki_PlotE_20250908_1-1-Coki_PlotE_20251014_1-1.csv,1-1,same,n/s,1,480,cm2,3.1825,3.1825,3.1825e-4,3.1825e-4,TRUE,TRUE,TRUE,FALSE,FALSE
Plot E,5,September,October,8,NA,NA,Orbicella franksi,plotE1-1Matches_Coki_PlotE_20250908_1-1-Coki_PlotE_20251014_1-1.csv,1-1,same,n/s,1,480,cm2,5.6775,5.515,5.6775e-4,5.515e-4,TRUE,TRUE,TRUE,FALSE,FALSE
Plot E,5,September,October,9,NA,NA,Orbicella franksi,plotE1-1Matches_Coki_PlotE_20250908_1-1-Coki_PlotE_20251014_1-1.csv,1-1,same,n/s,1,480,cm2,6.5925,6.815,6.5925e-4,6.815e-4,TRUE,TRUE,TRUE,FALSE,FALSE
Plot E,6,October,November,11,NA,NA,Orbicella franksi,plotE1-1Matches_Coki_PlotE_20251014_1-1-Coki_PlotE_20251106_1-1.csv,1-1,grow,n/s,1,480,cm2,4.0575,4.755,4.0575e-4,4.755e-4,TRUE,TRUE,TRUE,FALSE,FALSE
Plot E,6,October,November,13,NA,NA,Orbicella franksi,plotE1-1Matches_Coki_PlotE_20251014_1-1-Coki_PlotE_20251106_1-1.csv,1-1,grow,n/s,1,480,cm2,2.92,3.83,2.92e-4,3.83e-4,TRUE,TRUE,TRUE,FALSE,FALSE
Plot E,6,October,November,14,NA,NA,Orbicella franksi,plotE1-1Matches_Coki_PlotE_20251014_1-1-Coki_PlotE_20251106_1-1.csv,1-1,same,n/s,1,480,cm2,3.39,3.39,3.39e-4,3.39e-4,TRUE,TRUE,TRUE,FALSE,FALSE
Plot E,6,October,November,16,NA,NA,Orbicella annularis,plotE1-1Matches_Coki_PlotE_20251014_1-1-Coki_PlotE_20251106_1-1.csv,1-1,grow,n/s,1,480,cm2,8.965,9.71,8.964999999999999e-4,9.710000000000001e-4,TRUE,TRUE,TRUE,FALSE,FALSE
Plot E,6,October,November,18,NA,NA,Orbicella annularis,plotE1-1Matches_Coki_PlotE_20251014_1-1-Coki_PlotE_20251106_1-1.csv,1-1,shrink,n/s,1,480,cm2,4.0925,3.4425,4.0925e-4,3.4425e-4,TRUE,TRUE,TRUE,FALSE,FALSE
Plot E,6,October,November,19,NA,NA,Orbicella annularis,plotE1-1Matches_Coki_PlotE_20251014_1-1-Coki_PlotE_20251106_1-1.csv,1-1,grow,n/s,1,480,cm2,11.2625,11.9625,0.0011262499999999999,0.00119625,TRUE,TRUE,TRUE,FALSE,FALSE
Plot E,6,October,November,2,NA,NA,Orbicella franksi,plotE1-1Matches_Coki_PlotE_20251014_1-1-Coki_PlotE_20251106_1-1.csv,1-1,same,n/s,1,480,cm2,5.09,5.05,5.09e-4,5.05e-4,TRUE,TRUE,TRUE,FALSE,FALSE
Plot E,6,October,November,20,NA,NA,Orbicella annularis,plotE1-1Matches_Coki_PlotE_20251014_1-1-Coki_PlotE_20251106_1-1.csv,1-1,same,n/s,1,480,cm2,5.8925,5.66,5.8925e-4,5.66e-4,TRUE,TRUE,TRUE,FALSE,FALSE
Plot E,6,October,November,21,NA,NA,Orbicella annularis,plotE1-1Matches_Coki_PlotE_20251014_1-1-Coki_PlotE_20251106_1-1.csv,1-1,same,n/s,1,480,cm2,34.745,35.2,0.0034744999999999997,0.00352,TRUE,TRUE,TRUE,FALSE,FALSE
Plot E,6,October,November,22,NA,NA,Orbicella annularis,plotE1-1Matches_Coki_PlotE_20251014_1-1-Coki_PlotE_20251106_1-1.csv,1-1,shrink,n/s,1,480,cm2,4.5275,3.8425,4.5275e-4,3.8425e-4,TRUE,TRUE,TRUE,FALSE,FALSE
Plot E,6,October,November,24,NA,NA,Orbicella annularis,plotE1-1Matches_Coki_PlotE_20251014_1-1-Coki_PlotE_20251106_1-1.csv,1-1,grow,n/s,1,480,cm2,0.675,0.725,6.75e-5,7.25e-5,TRUE,TRUE,TRUE,FALSE,FALSE
Plot E,6,October,November,25,NA,NA,Orbicella annularis,plotE1-1Matches_Coki_PlotE_20251014_1-1-Coki_PlotE_20251106_1-1.csv,1-1,n/s,fuse,2,480,cm2,10.955,22.29,0.0010955,0.002229,TRUE,TRUE,TRUE,FALSE,FALSE
Plot E,6,October,November,26,NA,NA,Orbicella annularis,plotE1-1Matches_Coki_PlotE_20251014_1-1-Coki_PlotE_20251106_1-1.csv,1-1,shrink,n/s,1,480,cm2,2.82,2.525,2.8199999999999997e-4,2.525e-4,TRUE,TRUE,TRUE,FALSE,FALSE
Plot E,6,October,November,27,NA,NA,Orbicella annularis,plotE1-1Matches_Coki_PlotE_20251014_1-1-Coki_PlotE_20251106_1-1.csv,1-1,shrink,n/s,1,480,cm2,4.945,4.045,4.945e-4,4.0449999999999997e-4,TRUE,TRUE,TRUE,FALSE,FALSE
Plot E,6,October,November,28,NA,NA,Orbicella annularis,plotE1-1Matches_Coki_PlotE_20251014_1-1-Coki_PlotE_20251106_1-1.csv,1-1,shrink,n/s,1,480,cm2,9.805,8.73,9.805e-4,8.730000000000001e-4,TRUE,TRUE,TRUE,FALSE,FALSE
Plot E,6,October,November,29,NA,NA,Orbicella annularis,plotE1-1Matches_Coki_PlotE_20251014_1-1-Coki_PlotE_20251106_1-1.csv,1-1,shrink,n/s,1,480,cm2,1.2925,1.225,1.2925e-4,1.225e-4,TRUE,TRUE,TRUE,FALSE,FALSE
Plot E,6,October,November,3,NA,NA,Orbicella franksi,plotE1-1Matches_Coki_PlotE_20251014_1-1-Coki_PlotE_20251106_1-1.csv,1-1,grow,n/s,1,480,cm2,4.27,4.9425,4.2699999999999997e-4,4.9425e-4,TRUE,TRUE,TRUE,FALSE,FALSE
Plot E,6,October,November,31,NA,NA,Orbicella annularis,plotE1-1Matches_Coki_PlotE_20251014_1-1-Coki_PlotE_20251106_1-1.csv,1-1,same,n/s,1,480,cm2,12.1575,12.58,0.00121575,0.001258,TRUE,TRUE,TRUE,FALSE,FALSE
Plot E,6,October,November,32,NA,NA,Acropora palmata,plotE1-1Matches_Coki_PlotE_20251014_1-1-Coki_PlotE_20251106_1-1.csv,1-1,grow,n/s,1,480,cm2,303.265,328.705,0.0303265,0.0328705,TRUE,TRUE,TRUE,FALSE,FALSE
Plot E,6,October,November,33,NA,NA,Orbicella annularis,plotE1-1Matches_Coki_PlotE_20251014_1-1-Coki_PlotE_20251106_1-1.csv,1-1,grow,n/s,1,480,cm2,3.9225,4.185,3.9224999999999997e-4,4.185e-4,TRUE,TRUE,TRUE,FALSE,FALSE
Plot E,6,October,November,34,NA,NA,Orbicella annularis,plotE1-1Matches_Coki_PlotE_20251014_1-1-Coki_PlotE_20251106_1-1.csv,1-1,same,n/s,1,480,cm2,5.4925,5.24,5.492499999999999e-4,5.24e-4,TRUE,TRUE,TRUE,FALSE,FALSE
Plot E,6,October,November,35,NA,NA,Orbicella annularis,plotE1-1Matches_Coki_PlotE_20251014_1-1-Coki_PlotE_20251106_1-1.csv,1-1,shrink,n/s,1,480,cm2,0.695,0.6,6.95e-5,5.9999999999999995e-5,TRUE,TRUE,TRUE,FALSE,FALSE
Plot E,6,October,November,36,NA,NA,Orbicella annularis,plotE1-1Matches_Coki_PlotE_20251014_1-1-Coki_PlotE_20251106_1-1.csv,1-1,same,n/s,1,480,cm2,2.05,1.98,2.05e-4,1.98e-4,TRUE,TRUE,TRUE,FALSE,FALSE
Plot E,6,October,November,38,NA,NA,Orbicella franksi,plotE1-1Matches_Coki_PlotE_20251014_1-1-Coki_PlotE_20251106_1-1.csv,1-1,shrink,n/s,1,480,cm2,6.51,6.185,6.51e-4,6.184999999999999e-4,TRUE,TRUE,TRUE,FALSE,FALSE
Plot E,6,October,November,39,NA,NA,Orbicella franksi,plotE1-1Matches_Coki_PlotE_20251014_1-1-Coki_PlotE_20251106_1-1.csv,1-1,same,n/s,1,480,cm2,6.02,6.215,6.02e-4,6.215e-4,TRUE,TRUE,TRUE,FALSE,FALSE
Plot E,6,October,November,4,NA,NA,Orbicella franksi,plotE1-1Matches_Coki_PlotE_20251014_1-1-Coki_PlotE_20251106_1-1.csv,1-1,grow,n/s,1,480,cm2,5.4025,9.005,5.402499999999999e-4,9.005e-4,TRUE,TRUE,TRUE,FALSE,FALSE
Plot E,6,October,November,40,NA,NA,Orbicella franksi,plotE1-1Matches_Coki_PlotE_20251014_1-1-Coki_PlotE_20251106_1-1.csv,1-1,same,n/s,1,480,cm2,5.4225,5.6025,5.4225e-4,5.6025e-4,TRUE,TRUE,TRUE,FALSE,FALSE
Plot E,6,October,November,41,NA,NA,Orbicella franksi,plotE1-1Matches_Coki_PlotE_20251014_1-1-Coki_PlotE_20251106_1-1.csv,1-1,shrink,n/s,1,480,cm2,5.9425,5.5725,5.942499999999999e-4,5.5725e-4,TRUE,TRUE,TRUE,FALSE,FALSE
Plot E,6,October,November,42,NA,NA,Orbicella franksi,plotE1-1Matches_Coki_PlotE_20251014_1-1-Coki_PlotE_20251106_1-1.csv,1-1,same,n/s,1,480,cm2,6.745,6.51,6.745e-4,6.51e-4,TRUE,TRUE,TRUE,FALSE,FALSE
Plot E,6,October,November,43,NA,NA,Orbicella franksi,plotE1-1Matches_Coki_PlotE_20251014_1-1-Coki_PlotE_20251106_1-1.csv,1-1,same,n/s,1,480,cm2,6.39,6.4325,6.389999999999999e-4,6.4325e-4,TRUE,TRUE,TRUE,FALSE,FALSE
Plot E,6,October,November,44,NA,NA,Orbicella franksi,plotE1-1Matches_Coki_PlotE_20251014_1-1-Coki_PlotE_20251106_1-1.csv,1-1,same,n/s,1,480,cm2,4.77,4.8075,4.7699999999999994e-4,4.8075e-4,TRUE,TRUE,TRUE,FALSE,FALSE
Plot E,6,October,November,45,NA,NA,Orbicella franksi,plotE1-1Matches_Coki_PlotE_20251014_1-1-Coki_PlotE_20251106_1-1.csv,1-1,same,n/s,1,480,cm2,6.4625,6.3525,6.4625e-4,6.3525e-4,TRUE,TRUE,TRUE,FALSE,FALSE
Plot E,6,October,November,46,NA,NA,Orbicella franksi,plotE1-1Matches_Coki_PlotE_20251014_1-1-Coki_PlotE_20251106_1-1.csv,1-1,same,n/s,1,480,cm2,5.215,4.9975,5.214999999999999e-4,4.9975e-4,TRUE,TRUE,TRUE,FALSE,FALSE
Plot E,6,October,November,47,NA,NA,Orbicella annularis,plotE1-1Matches_Coki_PlotE_20251014_1-1-Coki_PlotE_20251106_1-1.csv,1-1,same,n/s,1,480,cm2,6.3,6.075,6.3e-4,6.075e-4,TRUE,TRUE,TRUE,FALSE,FALSE
Plot E,6,October,November,48,NA,NA,Orbicella annularis,plotE1-1Matches_Coki_PlotE_20251014_1-1-Coki_PlotE_20251106_1-1.csv,1-1,same,n/s,1,480,cm2,2.555,2.5725,2.5550000000000003e-4,2.5725e-4,TRUE,TRUE,TRUE,FALSE,FALSE
Plot E,6,October,November,49,NA,NA,Orbicella annularis,plotE1-1Matches_Coki_PlotE_20251014_1-1-Coki_PlotE_20251106_1-1.csv,1-1,shrink,n/s,1,480,cm2,6.3575,5.3125,6.3575e-4,5.3125e-4,TRUE,TRUE,TRUE,FALSE,FALSE
Plot E,6,October,November,5,NA,NA,Orbicella franksi,plotE1-1Matches_Coki_PlotE_20251014_1-1-Coki_PlotE_20251106_1-1.csv,1-1,grow,n/s,1,480,cm2,5.15,7.2675,5.15e-4,7.2675e-4,TRUE,TRUE,TRUE,FALSE,FALSE
Plot E,6,October,November,50,NA,NA,Orbicella annularis,plotE1-1Matches_Coki_PlotE_20251014_1-1-Coki_PlotE_20251106_1-1.csv,1-1,same,n/s,1,480,cm2,5.4575,5.5325,5.4575e-4,5.532499999999999e-4,TRUE,TRUE,TRUE,FALSE,FALSE
Plot E,6,October,November,51,NA,NA,Orbicella annularis,plotE1-1Matches_Coki_PlotE_20251014_1-1-Coki_PlotE_20251106_1-1.csv,1-1,shrink,n/s,1,480,cm2,7.78,6.2625,7.78e-4,6.262500000000001e-4,TRUE,TRUE,TRUE,FALSE,FALSE
Plot E,6,October,November,52,NA,NA,Orbicella annularis,plotE1-1Matches_Coki_PlotE_20251014_1-1-Coki_PlotE_20251106_1-1.csv,1-1,shrink,n/s,1,480,cm2,21.375,20.1625,0.0021375,0.0020162500000000002,TRUE,TRUE,TRUE,FALSE,FALSE
Plot E,6,October,November,53,NA,NA,Orbicella annularis,plotE1-1Matches_Coki_PlotE_20251014_1-1-Coki_PlotE_20251106_1-1.csv,1-1,same,n/s,1,480,cm2,8.0175,8.0675,8.0175e-4,8.067500000000001e-4,TRUE,TRUE,TRUE,FALSE,FALSE
Plot E,6,October,November,54,NA,NA,Orbicella annularis,plotE1-1Matches_Coki_PlotE_20251014_1-1-Coki_PlotE_20251106_1-1.csv,1-1,shrink,n/s,1,480,cm2,8.2725,7.1,8.272500000000001e-4,7.099999999999999e-4,TRUE,TRUE,TRUE,FALSE,FALSE
Plot E,6,October,November,55,NA,NA,Orbicella faveolata,plotE1-1Matches_Coki_PlotE_20251014_1-1-Coki_PlotE_20251106_1-1.csv,1-1,same,n/s,1,480,cm2,10.6525,10.1575,0.00106525,0.0010157500000000002,TRUE,TRUE,TRUE,FALSE,FALSE
Plot E,6,October,November,56,NA,NA,Orbicella faveolata,plotE1-1Matches_Coki_PlotE_20251014_1-1-Coki_PlotE_20251106_1-1.csv,1-1,shrink,n/s,1,480,cm2,7.57,6.48,7.570000000000001e-4,6.48e-4,TRUE,TRUE,TRUE,FALSE,FALSE
Plot E,6,October,November,57,NA,NA,Orbicella faveolata,plotE1-1Matches_Coki_PlotE_20251014_1-1-Coki_PlotE_20251106_1-1.csv,1-1,same,n/s,1,480,cm2,7.315,7.2775,7.315e-4,7.2775e-4,TRUE,TRUE,TRUE,FALSE,FALSE
Plot E,6,October,November,58,NA,NA,Acropora palmata,plotE1-1Matches_Coki_PlotE_20251014_1-1-Coki_PlotE_20251106_1-1.csv,1-1,same,n/s,1,480,cm2,15.405,15.395,0.0015405,0.0015394999999999999,TRUE,TRUE,TRUE,FALSE,FALSE
Plot E,6,October,November,59,NA,NA,Acropora palmata,plotE1-1Matches_Coki_PlotE_20251014_1-1-Coki_PlotE_20251106_1-1.csv,1-1,same,n/s,1,480,cm2,21.28,21.14,0.002128,0.002114,TRUE,TRUE,TRUE,FALSE,FALSE
Plot E,6,October,November,6,NA,NA,Orbicella franksi,plotE1-1Matches_Coki_PlotE_20251014_1-1-Coki_PlotE_20251106_1-1.csv,1-1,grow,n/s,1,480,cm2,4.035,5.48,4.035e-4,5.480000000000001e-4,TRUE,TRUE,TRUE,FALSE,FALSE
Plot E,6,October,November,60,NA,NA,Acropora palmata,plotE1-1Matches_Coki_PlotE_20251014_1-1-Coki_PlotE_20251106_1-1.csv,1-1,shrink,n/s,1,480,cm2,28.375,26.4475,0.0028375,0.00264475,TRUE,TRUE,TRUE,FALSE,FALSE
Plot E,6,October,November,61,NA,NA,Acropora palmata,plotE1-1Matches_Coki_PlotE_20251014_1-1-Coki_PlotE_20251106_1-1.csv,1-1,grow,n/s,1,480,cm2,11.9325,18.6825,0.0011932499999999999,0.0018682500000000001,TRUE,TRUE,TRUE,FALSE,FALSE
Plot E,6,October,November,62,NA,NA,Acropora palmata,plotE1-1Matches_Coki_PlotE_20251014_1-1-Coki_PlotE_20251106_1-1.csv,1-1,same,n/s,1,480,cm2,17.06,16.8625,0.0017059999999999998,0.00168625,TRUE,TRUE,TRUE,FALSE,FALSE
Plot E,6,October,November,64,NA,NA,Orbicella sp.,plotE1-1Matches_Coki_PlotE_20251014_1-1-Coki_PlotE_20251106_1-1.csv,1-1,same,n/s,1,480,cm2,3.1825,3.27,3.1825e-4,3.27e-4,TRUE,TRUE,TRUE,FALSE,FALSE
Plot E,6,October,November,69,NA,NA,Orbicella sp.,plotE1-1Matches_Coki_PlotE_20251014_1-1-Coki_PlotE_20251106_1-1.csv,1-1,born,none,1,480,cm2,0,3.9825,0,3.9825e-4,FALSE,TRUE,FALSE,FALSE,TRUE
Plot E,6,October,November,70,NA,NA,Orbicella sp.,plotE1-1Matches_Coki_PlotE_20251014_1-1-Coki_PlotE_20251106_1-1.csv,1-1,born,none,1,480,cm2,0,2.3075,0,2.3075e-4,FALSE,TRUE,FALSE,FALSE,TRUE
Plot E,6,October,November,8,NA,NA,Orbicella franksi,plotE1-1Matches_Coki_PlotE_20251014_1-1-Coki_PlotE_20251106_1-1.csv,1-1,shrink,n/s,1,480,cm2,5.515,4.0575,5.515e-4,4.0575e-4,TRUE,TRUE,TRUE,FALSE,FALSE
Plot E,6,October,November,9,NA,NA,Orbicella franksi,plotE1-1Matches_Coki_PlotE_20251014_1-1-Coki_PlotE_20251106_1-1.csv,1-1,shrink,n/s,1,480,cm2,6.815,2.92,6.815e-4,2.92e-4,TRUE,TRUE,TRUE,FALSE,FALSE
