plot,month_order,month,observation_source,genet,species,is_baseline_genet,present,surviving_from_baseline,died_from_baseline_this_month,area,area_m2,plot_area_m2,percent_cover_of_plot,taglab_area_units
Plot E,1,May,baseline_start,0,Orbicella annularis,TRUE,TRUE,TRUE,FALSE,0.225,2.25e-5,480,4.6875000000000004e-6,cm2
Plot E,1,May,baseline_start,10,Acropora palmata,TRUE,TRUE,TRUE,FALSE,19.885,0.0019885000000000002,480,4.142708333333334e-4,cm2
Plot E,1,May,baseline_start,11,Orbicella franksi,TRUE,TRUE,TRUE,FALSE,3.2775,3.2774999999999997e-4,480,6.828125e-5,cm2
Plot E,1,May,baseline_start,12,Acropora palmata,TRUE,TRUE,TRUE,FALSE,17.0325,0.00170325,480,3.5484375e-4,cm2
Plot E,1,May,baseline_start,13,Orbicella franksi,TRUE,TRUE,TRUE,FALSE,2.75,2.75e-4,480,5.7291666666666666e-5,cm2
Plot E,1,May,baseline_start,14,Orbicella franksi,TRUE,TRUE,TRUE,FALSE,3.7425,3.7425e-4,480,7.796875e-5,cm2
Plot E,1,May,baseline_start,15,Acropora palmata,TRUE,TRUE,TRUE,FALSE,16.985,0.0016985,480,3.5385416666666665e-4,cm2
Plot E,1,May,baseline_start,16,Orbicella annularis,TRUE,TRUE,TRUE,FALSE,8.0875,8.0875e-4,480,1.6848958333333334e-4,cm2
Plot E,1,May,baseline_start,17,Acropora palmata,TRUE,TRUE,TRUE,FALSE,17.455,0.0017454999999999999,480,3.636458333333333e-4,cm2
Plot E,1,May,baseline_start,18,Orbicella annularis,TRUE,TRUE,TRUE,FALSE,2.4425,2.4425e-4,480,5.088541666666666e-5,cm2
Plot E,1,May,baseline_start,19,Orbicella annularis,TRUE,TRUE,TRUE,FALSE,7.914999999999999,7.914999999999999e-4,480,1.648958333333333e-4,cm2
Plot E,1,May,baseline_start,2,Orbicella franksi,TRUE,TRUE,TRUE,FALSE,4.2,4.2e-4,480,8.75e-5,cm2
Plot E,1,May,baseline_start,20,Orbicella annularis,TRUE,TRUE,TRUE,FALSE,4.635,4.635e-4,480,9.656250000000001e-5,cm2
Plot E,1,May,baseline_start,21,Orbicella annularis,TRUE,TRUE,TRUE,FALSE,25.799999999999997,0.0025800000000000003,480,5.375e-4,cm2
Plot E,1,May,baseline_start,22,Orbicella annularis,TRUE,TRUE,TRUE,FALSE,3.135,3.135e-4,480,6.53125e-5,cm2
Plot E,1,May,baseline_start,23,Acropora palmata,TRUE,TRUE,TRUE,FALSE,37.365,0.0037365000000000002,480,7.784375e-4,cm2
Plot E,1,May,baseline_start,24,Orbicella annularis,TRUE,TRUE,TRUE,FALSE,0.56,5.6000000000000006e-5,480,1.1666666666666668e-5,cm2
Plot E,1,May,baseline_start,25,Orbicella annularis,TRUE,TRUE,TRUE,FALSE,7.5875,7.587500000000001e-4,480,1.5807291666666669e-4,cm2
Plot E,1,May,baseline_start,26,Orbicella annularis,TRUE,TRUE,TRUE,FALSE,2.03,2.0299999999999997e-4,480,4.229166666666667e-5,cm2
Plot E,1,May,baseline_start,27,Orbicella annularis,TRUE,TRUE,TRUE,FALSE,3.0175,3.0175e-4,480,6.286458333333334e-5,cm2
Plot E,1,May,baseline_start,28,Orbicella annularis,TRUE,TRUE,TRUE,FALSE,7.6075,7.6075e-4,480,1.5848958333333334e-4,cm2
Plot E,1,May,baseline_start,29,Orbicella annularis,TRUE,TRUE,TRUE,FALSE,0.76,7.6e-5,480,1.5833333333333336e-5,cm2
Plot E,1,May,baseline_start,3,Orbicella franksi,TRUE,TRUE,TRUE,FALSE,3.285,3.285e-4,480,6.84375e-5,cm2
Plot E,1,May,baseline_start,30,Orbicella annularis,TRUE,TRUE,TRUE,FALSE,0.4575,4.575e-5,480,9.53125e-6,cm2
Plot E,1,May,baseline_start,31,Orbicella annularis,TRUE,TRUE,TRUE,FALSE,8.9275,8.9275e-4,480,1.859895833333333e-4,cm2
Plot E,1,May,baseline_start,32,Acropora palmata,TRUE,TRUE,TRUE,FALSE,172.2025,0.01722025,480,0.0035875520833333332,cm2
Plot E,1,May,baseline_start,33,Orbicella annularis,TRUE,TRUE,TRUE,FALSE,2.1625,2.1625e-4,480,4.505208333333333e-5,cm2
Plot E,1,May,baseline_start,34,Orbicella annularis,TRUE,TRUE,TRUE,FALSE,3.06,3.06e-4,480,6.375e-5,cm2
Plot E,1,May,baseline_start,35,Orbicella annularis,TRUE,TRUE,TRUE,FALSE,0.4125,4.125e-5,480,8.59375e-6,cm2
Plot E,1,May,baseline_start,36,Orbicella annularis,TRUE,TRUE,TRUE,FALSE,1.2225,1.2225e-4,480,2.546875e-5,cm2
Plot E,1,May,baseline_start,38,Orbicella franksi,TRUE,TRUE,TRUE,FALSE,5.48,5.480000000000001e-4,480,1.1416666666666669e-4,cm2
Plot E,1,May,baseline_start,39,Orbicella franksi,TRUE,TRUE,TRUE,FALSE,4.6675,4.6675000000000004e-4,480,9.723958333333333e-5,cm2
Plot E,1,May,baseline_start,4,Orbicella franksi,TRUE,TRUE,TRUE,FALSE,3.8675,3.8675e-4,480,8.057291666666667e-5,cm2
Plot E,1,May,baseline_start,40,Orbicella franksi,TRUE,TRUE,TRUE,FALSE,4.6725,4.6725000000000005e-4,480,9.734375e-5,cm2
Plot E,1,May,baseline_start,41,Orbicella franksi,TRUE,TRUE,TRUE,FALSE,4.735,4.735e-4,480,9.864583333333334e-5,cm2
Plot E,1,May,baseline_start,42,Orbicella franksi,TRUE,TRUE,TRUE,FALSE,5.0075,5.0075e-4,480,1.0432291666666667e-4,cm2
Plot E,1,May,baseline_start,43,Orbicella franksi,TRUE,TRUE,TRUE,FALSE,5.5875,5.5875e-4,480,1.1640625e-4,cm2
Plot E,1,May,baseline_start,44,Orbicella franksi,TRUE,TRUE,TRUE,FALSE,3.7475,3.7475000000000003e-4,480,7.807291666666667e-5,cm2
Plot E,1,May,baseline_start,45,Orbicella franksi,TRUE,TRUE,TRUE,FALSE,4.7825,4.7825e-4,480,9.963541666666667e-5,cm2
Plot E,1,May,baseline_start,46,Orbicella franksi,TRUE,TRUE,TRUE,FALSE,4.155,4.155e-4,480,8.656250000000001e-5,cm2
Plot E,1,May,baseline_start,47,Orbicella annularis,TRUE,TRUE,TRUE,FALSE,5.5025,5.502500000000001e-4,480,1.1463541666666668e-4,cm2
Plot E,1,May,baseline_start,48,Orbicella annularis,TRUE,TRUE,TRUE,FALSE,2.5825,2.5825e-4,480,5.3802083333333334e-5,cm2
Plot E,1,May,baseline_start,49,Orbicella annularis,TRUE,TRUE,TRUE,FALSE,5.4525,5.452499999999999e-4,480,1.1359374999999999e-4,cm2
Plot E,1,May,baseline_start,5,Orbicella franksi,TRUE,TRUE,TRUE,FALSE,4,4e-4,480,8.333333333333333e-5,cm2
Plot E,1,May,baseline_start,50,Orbicella annularis,TRUE,TRUE,TRUE,FALSE,4.55,4.55e-4,480,9.479166666666666e-5,cm2
Plot E,1,May,baseline_start,51,Orbicella annularis,TRUE,TRUE,TRUE,FALSE,5.845,5.845e-4,480,1.2177083333333332e-4,cm2
Plot E,1,May,baseline_start,52,Orbicella annularis,TRUE,TRUE,TRUE,FALSE,16.25,0.001625,480,3.385416666666667e-4,cm2
Plot E,1,May,baseline_start,53,Orbicella annularis,TRUE,TRUE,TRUE,FALSE,5.4325,5.4325e-4,480,1.1317708333333333e-4,cm2
Plot E,1,May,baseline_start,54,Orbicella annularis,TRUE,TRUE,TRUE,FALSE,5.1175,5.117499999999999e-4,480,1.0661458333333332e-4,cm2
Plot E,1,May,baseline_start,55,Orbicella faveolata,TRUE,TRUE,TRUE,FALSE,8.4725,8.4725e-4,480,1.765104166666667e-4,cm2
Plot E,1,May,baseline_start,56,Orbicella faveolata,TRUE,TRUE,TRUE,FALSE,4.6325,4.6325e-4,480,9.651041666666666e-5,cm2
Plot E,1,May,baseline_start,57,Orbicella faveolata,TRUE,TRUE,TRUE,FALSE,5.7825,5.7825e-4,480,1.2046875e-4,cm2
Plot E,1,May,baseline_start,58,Acropora palmata,TRUE,TRUE,TRUE,FALSE,17.94,0.001794,480,3.7375e-4,cm2
Plot E,1,May,baseline_start,59,Acropora palmata,TRUE,TRUE,TRUE,FALSE,17.8575,0.0017857500000000002,480,3.7203125e-4,cm2
Plot E,1,May,baseline_start,6,Orbicella franksi,TRUE,TRUE,TRUE,FALSE,2.4575,2.4575e-4,480,5.119791666666666e-5,cm2
Plot E,1,May,baseline_start,60,Acropora palmata,TRUE,TRUE,TRUE,FALSE,18.8325,0.00188325,480,3.9234375e-4,cm2
Plot E,1,May,baseline_start,61,Acropora palmata,TRUE,TRUE,TRUE,FALSE,10.8775,0.00108775,480,2.2661458333333333e-4,cm2
Plot E,1,May,baseline_start,62,Acropora palmata,TRUE,TRUE,TRUE,FALSE,15.3625,0.00153625,480,3.200520833333334e-4,cm2
Plot E,1,May,baseline_start,7,Acropora palmata,TRUE,TRUE,TRUE,FALSE,21.1325,0.00211325,480,4.402604166666667e-4,cm2
Plot E,1,May,baseline_start,8,Orbicella franksi,TRUE,TRUE,TRUE,FALSE,4.0875,4.0875000000000004e-4,480,8.515625e-5,cm2
Plot E,1,May,baseline_start,9,Orbicella franksi,TRUE,TRUE,TRUE,FALSE,3.7275,3.7275e-4,480,7.765625e-5,cm2
Plot E,2,June,interval_end,0,Orbicella annularis,TRUE,TRUE,TRUE,FALSE,0.2375,2.3749999999999998e-5,480,4.947916666666666e-6,cm2
Plot E,2,June,interval_end,10,Acropora palmata,TRUE,FALSE,FALSE,TRUE,0,0,480,0,cm2
Plot E,2,June,interval_end,11,Orbicella franksi,TRUE,TRUE,TRUE,FALSE,4.0925,4.0925e-4,480,8.526041666666667e-5,cm2
Plot E,2,June,interval_end,12,Acropora palmata,TRUE,FALSE,FALSE,TRUE,0,0,480,0,cm2
Plot E,2,June,interval_end,13,Orbicella franksi,TRUE,TRUE,TRUE,FALSE,2.3,2.2999999999999998e-4,480,4.791666666666667e-5,cm2
Plot E,2,June,interval_end,14,Orbicella franksi,TRUE,TRUE,TRUE,FALSE,4.695,4.6950000000000003e-4,480,9.781250000000001e-5,cm2
Plot E,2,June,interval_end,15,Acropora palmata,TRUE,FALSE,FALSE,TRUE,0,0,480,0,cm2
Plot E,2,June,interval_end,16,Orbicella annularis,TRUE,TRUE,TRUE,FALSE,8.3075,8.307499999999999e-4,480,1.7307291666666662e-4,cm2
Plot E,2,June,interval_end,17,Acropora palmata,TRUE,FALSE,FALSE,TRUE,0,0,480,0,cm2
Plot E,2,June,interval_end,18,Orbicella annularis,TRUE,TRUE,TRUE,FALSE,2.83,2.83e-4,480,5.895833333333333e-5,cm2
Plot E,2,June,interval_end,19,Orbicella annularis,TRUE,TRUE,TRUE,FALSE,7.6525,7.652500000000001e-4,480,1.5942708333333336e-4,cm2
Plot E,2,June,interval_end,2,Orbicella franksi,TRUE,TRUE,TRUE,FALSE,4.9825,4.9825e-4,480,1.0380208333333334e-4,cm2
Plot E,2,June,interval_end,20,Orbicella annularis,TRUE,TRUE,TRUE,FALSE,5.025,5.025e-4,480,1.046875e-4,cm2
Plot E,2,June,interval_end,21,Orbicella annularis,TRUE,TRUE,TRUE,FALSE,28.825000000000003,0.0028825,480,6.005208333333333e-4,cm2
Plot E,2,June,interval_end,22,Orbicella annularis,TRUE,TRUE,TRUE,FALSE,3.3275,3.3275000000000004e-4,480,6.932291666666668e-5,cm2
Plot E,2,June,interval_end,23,Acropora palmata,TRUE,FALSE,FALSE,TRUE,0,0,480,0,cm2
Plot E,2,June,interval_end,24,Orbicella annularis,TRUE,TRUE,TRUE,FALSE,0.485,4.85e-5,480,1.0104166666666667e-5,cm2
Plot E,2,June,interval_end,25,Orbicella annularis,TRUE,TRUE,TRUE,FALSE,8.975,8.975000000000001e-4,480,1.869791666666667e-4,cm2
Plot E,2,June,interval_end,26,Orbicella annularis,TRUE,TRUE,TRUE,FALSE,2.425,2.4249999999999999e-4,480,5.0520833333333326e-5,cm2
Plot E,2,June,interval_end,27,Orbicella annularis,TRUE,TRUE,TRUE,FALSE,4.1675,4.1675e-4,480,8.682291666666668e-5,cm2
Plot E,2,June,interval_end,28,Orbicella annularis,TRUE,TRUE,TRUE,FALSE,7.89,7.89e-4,480,1.64375e-4,cm2
Plot E,2,June,interval_end,29,Orbicella annularis,TRUE,TRUE,TRUE,FALSE,1.2075,1.2075000000000001e-4,480,2.515625e-5,cm2
Plot E,2,June,interval_end,3,Orbicella franksi,TRUE,TRUE,TRUE,FALSE,4.4275,4.4275e-4,480,9.223958333333333e-5,cm2
Plot E,2,June,interval_end,30,Orbicella annularis,TRUE,TRUE,TRUE,FALSE,0.6725,6.725e-5,480,1.4010416666666666e-5,cm2
Plot E,2,June,interval_end,31,Orbicella annularis,TRUE,TRUE,TRUE,FALSE,10.4,0.0010400000000000001,480,2.1666666666666668e-4,cm2
Plot E,2,June,interval_end,32,Acropora palmata,TRUE,TRUE,TRUE,FALSE,207.315,0.0207315,480,0.0043190625,cm2
Plot E,2,June,interval_end,33,Orbicella annularis,TRUE,TRUE,TRUE,FALSE,3.01,3.01e-4,480,6.270833333333333e-5,cm2
Plot E,2,June,interval_end,34,Orbicella annularis,TRUE,TRUE,TRUE,FALSE,3.525,3.525e-4,480,7.34375e-5,cm2
Plot E,2,June,interval_end,35,Orbicella annularis,TRUE,TRUE,TRUE,FALSE,0.6225,6.225000000000001e-5,480,1.2968750000000002e-5,cm2
Plot E,2,June,interval_end,36,Orbicella annularis,TRUE,TRUE,TRUE,FALSE,1.625,1.625e-4,480,3.3854166666666665e-5,cm2
Plot E,2,June,interval_end,38,Orbicella franksi,TRUE,TRUE,TRUE,FALSE,6.04,6.04e-4,480,1.2583333333333335e-4,cm2
Plot E,2,June,interval_end,39,Orbicella franksi,TRUE,TRUE,TRUE,FALSE,5.4775,5.4775e-4,480,1.1411458333333332e-4,cm2
Plot E,2,June,interval_end,4,Orbicella franksi,TRUE,TRUE,TRUE,FALSE,5.025,5.025e-4,480,1.046875e-4,cm2
Plot E,2,June,interval_end,40,Orbicella franksi,TRUE,TRUE,TRUE,FALSE,5.73,5.73e-4,480,1.19375e-4,cm2
Plot E,2,June,interval_end,41,Orbicella franksi,TRUE,TRUE,TRUE,FALSE,5.45,5.45e-4,480,1.1354166666666667e-4,cm2
Plot E,2,June,interval_end,42,Orbicella franksi,TRUE,TRUE,TRUE,FALSE,6.2425,6.2425e-4,480,1.3005208333333334e-4,cm2
Plot E,2,June,interval_end,43,Orbicella franksi,TRUE,TRUE,TRUE,FALSE,6.1525,6.1525e-4,480,1.2817708333333333e-4,cm2
Plot E,2,June,interval_end,44,Orbicella franksi,TRUE,TRUE,TRUE,FALSE,4.745,4.745e-4,480,9.885416666666666e-5,cm2
Plot E,2,June,interval_end,45,Orbicella franksi,TRUE,TRUE,TRUE,FALSE,5.985,5.985000000000001e-4,480,1.2468750000000002e-4,cm2
Plot E,2,June,interval_end,46,Orbicella franksi,TRUE,TRUE,TRUE,FALSE,5.115,5.115e-4,480,1.0656250000000001e-4,cm2
Plot E,2,June,interval_end,47,Orbicella annularis,TRUE,TRUE,TRUE,FALSE,4.69,4.69e-4,480,9.770833333333334e-5,cm2
Plot E,2,June,interval_end,48,Orbicella annularis,TRUE,TRUE,TRUE,FALSE,2.3325,2.3325e-4,480,4.8593750000000005e-5,cm2
Plot E,2,June,interval_end,49,Orbicella annularis,TRUE,TRUE,TRUE,FALSE,5.37,5.37e-4,480,1.1187500000000001e-4,cm2
Plot E,2,June,interval_end,5,Orbicella franksi,TRUE,TRUE,TRUE,FALSE,4.9525,4.952499999999999e-4,480,1.0317708333333332e-4,cm2
Plot E,2,June,interval_end,50,Orbicella annularis,TRUE,TRUE,TRUE,FALSE,4.6675,4.6675000000000004e-4,480,9.723958333333333e-5,cm2
Plot E,2,June,interval_end,51,Orbicella annularis,TRUE,TRUE,TRUE,FALSE,6.32,6.320000000000001e-4,480,1.3166666666666668e-4,cm2
Plot E,2,June,interval_end,52,Orbicella annularis,TRUE,TRUE,TRUE,FALSE,16.25,0.001625,480,3.385416666666667e-4,cm2
Plot E,2,June,interval_end,53,Orbicella annularis,TRUE,TRUE,TRUE,FALSE,5.4325,5.4325e-4,480,1.1317708333333333e-4,cm2
Plot E,2,June,interval_end,54,Orbicella annularis,TRUE,TRUE,TRUE,FALSE,5.1175,5.117499999999999e-4,480,1.0661458333333332e-4,cm2
Plot E,2,June,interval_end,55,Orbicella faveolata,TRUE,TRUE,TRUE,FALSE,9.13,9.130000000000001e-4,480,1.9020833333333335e-4,cm2
Plot E,2,June,interval_end,56,Orbicella faveolata,TRUE,TRUE,TRUE,FALSE,5.18,5.18e-4,480,1.0791666666666667e-4,cm2
Plot E,2,June,interval_end,57,Orbicella faveolata,TRUE,TRUE,TRUE,FALSE,6.04,6.04e-4,480,1.2583333333333335e-4,cm2
Plot E,2,June,interval_end,58,Acropora palmata,TRUE,TRUE,TRUE,FALSE,16.9925,0.00169925,480,3.5401041666666664e-4,cm2
Plot E,2,June,interval_end,59,Acropora palmata,TRUE,TRUE,TRUE,FALSE,16.4075,0.0016407499999999998,480,3.418229166666666e-4,cm2
Plot E,2,June,interval_end,6,Orbicella franksi,TRUE,TRUE,TRUE,FALSE,3.975,3.975e-4,480,8.28125e-5,cm2
Plot E,2,June,interval_end,60,Acropora palmata,TRUE,TRUE,TRUE,FALSE,19.62,0.001962,480,4.0875000000000004e-4,cm2
Plot E,2,June,interval_end,61,Acropora palmata,TRUE,TRUE,TRUE,FALSE,9.985,9.985e-4,480,2.0802083333333336e-4,cm2
Plot E,2,June,interval_end,62,Acropora palmata,TRUE,TRUE,TRUE,FALSE,14.03,0.001403,480,2.9229166666666667e-4,cm2
Plot E,2,June,interval_end,7,Acropora palmata,TRUE,FALSE,FALSE,TRUE,0,0,480,0,cm2
Plot E,2,June,interval_end,8,Orbicella franksi,TRUE,TRUE,TRUE,FALSE,5.1375,5.1375e-4,480,1.0703124999999999e-4,cm2
Plot E,2,June,interval_end,9,Orbicella franksi,TRUE,TRUE,TRUE,FALSE,5.15,5.15e-4,480,1.0729166666666668e-4,cm2
Plot E,3,July,interval_end,0,Orbicella annularis,TRUE,TRUE,TRUE,FALSE,0.4325,4.325e-5,480,9.010416666666666e-6,cm2
Plot E,3,July,NA,10,Acropora palmata,TRUE,FALSE,FALSE,FALSE,0,0,NA,NA,NA
Plot E,3,July,interval_end,11,Orbicella franksi,TRUE,TRUE,TRUE,FALSE,4.0925,4.0925e-4,480,8.526041666666667e-5,cm2
Plot E,3,July,NA,12,Acropora palmata,TRUE,FALSE,FALSE,FALSE,0,0,NA,NA,NA
Plot E,3,July,interval_end,13,Orbicella franksi,TRUE,TRUE,TRUE,FALSE,2.3,2.2999999999999998e-4,480,4.791666666666667e-5,cm2
Plot E,3,July,interval_end,14,Orbicella franksi,TRUE,TRUE,TRUE,FALSE,4.695,4.6950000000000003e-4,480,9.781250000000001e-5,cm2
Plot E,3,July,NA,15,Acropora palmata,TRUE,FALSE,FALSE,FALSE,0,0,NA,NA,NA
Plot E,3,July,interval_end,16,Orbicella annularis,TRUE,TRUE,TRUE,FALSE,8.3075,8.307499999999999e-4,480,1.7307291666666662e-4,cm2
Plot E,3,July,NA,17,Acropora palmata,TRUE,FALSE,FALSE,FALSE,0,0,NA,NA,NA
Plot E,3,July,interval_end,18,Orbicella annularis,TRUE,TRUE,TRUE,FALSE,2.83,2.83e-4,480,5.895833333333333e-5,cm2
Plot E,3,July,interval_end,19,Orbicella annularis,TRUE,TRUE,TRUE,FALSE,7.6525,7.652500000000001e-4,480,1.5942708333333336e-4,cm2
Plot E,3,July,interval_end,2,Orbicella franksi,TRUE,TRUE,TRUE,FALSE,4.9825,4.9825e-4,480,1.0380208333333334e-4,cm2
Plot E,3,July,interval_end,20,Orbicella annularis,TRUE,TRUE,TRUE,FALSE,5.025,5.025e-4,480,1.046875e-4,cm2
Plot E,3,July,interval_end,21,Orbicella annularis,TRUE,TRUE,TRUE,FALSE,45.1275,0.004512749999999999,480,9.401562499999998e-4,cm2
Plot E,3,July,interval_end,22,Orbicella annularis,TRUE,TRUE,TRUE,FALSE,3.3275,3.3275000000000004e-4,480,6.932291666666668e-5,cm2
Plot E,3,July,NA,23,Acropora palmata,TRUE,FALSE,FALSE,FALSE,0,0,NA,NA,NA
Plot E,3,July,interval_end,24,Orbicella annularis,TRUE,TRUE,TRUE,FALSE,0.4925,4.925e-5,480,1.0260416666666666e-5,cm2
Plot E,3,July,interval_end,25,Orbicella annularis,TRUE,TRUE,TRUE,FALSE,8.8375,8.8375e-4,480,1.8411458333333333e-4,cm2
Plot E,3,July,interval_end,26,Orbicella annularis,TRUE,TRUE,TRUE,FALSE,2.76,2.76e-4,480,5.75e-5,cm2
Plot E,3,July,interval_end,27,Orbicella annularis,TRUE,TRUE,TRUE,FALSE,3.1025,3.1025e-4,480,6.463541666666666e-5,cm2
Plot E,3,July,interval_end,28,Orbicella annularis,TRUE,TRUE,TRUE,FALSE,8.0475,8.047499999999999e-4,480,1.6765624999999997e-4,cm2
Plot E,3,July,interval_end,29,Orbicella annularis,TRUE,TRUE,TRUE,FALSE,0.9975,9.975e-5,480,2.078125e-5,cm2
Plot E,3,July,interval_end,3,Orbicella franksi,TRUE,TRUE,TRUE,FALSE,4.4275,4.4275e-4,480,9.223958333333333e-5,cm2
Plot E,3,July,interval_end,30,Orbicella annularis,TRUE,FALSE,FALSE,TRUE,0,0,480,0,cm2
Plot E,3,July,interval_end,31,Orbicella annularis,TRUE,TRUE,TRUE,FALSE,9.1025,9.102499999999999e-4,480,1.8963541666666665e-4,cm2
Plot E,3,July,interval_end,32,Acropora palmata,TRUE,TRUE,TRUE,FALSE,783.97,0.078397,480,0.01633270833333333,cm2
Plot E,3,July,interval_end,33,Orbicella annularis,TRUE,TRUE,TRUE,FALSE,2.8225,2.8225e-4,480,5.8802083333333334e-5,cm2
Plot E,3,July,interval_end,34,Orbicella annularis,TRUE,TRUE,TRUE,FALSE,3.0675,3.0675e-4,480,6.390625e-5,cm2
Plot E,3,July,interval_end,35,Orbicella annularis,TRUE,TRUE,TRUE,FALSE,0.54,5.4000000000000005e-5,480,1.125e-5,cm2
Plot E,3,July,interval_end,36,Orbicella annularis,TRUE,TRUE,TRUE,FALSE,1.735,1.7350000000000002e-4,480,3.6145833333333336e-5,cm2
Plot E,3,July,interval_end,38,Orbicella franksi,TRUE,TRUE,TRUE,FALSE,5.985,5.985000000000001e-4,480,1.2468750000000002e-4,cm2
Plot E,3,July,interval_end,39,Orbicella franksi,TRUE,TRUE,TRUE,FALSE,5.75,5.75e-4,480,1.1979166666666666e-4,cm2
Plot E,3,July,interval_end,4,Orbicella franksi,TRUE,TRUE,TRUE,FALSE,5.025,5.025e-4,480,1.046875e-4,cm2
Plot E,3,July,interval_end,40,Orbicella franksi,TRUE,TRUE,TRUE,FALSE,5.7025,5.7025e-4,480,1.1880208333333334e-4,cm2
Plot E,3,July,interval_end,41,Orbicella franksi,TRUE,TRUE,TRUE,FALSE,5.0125,5.012500000000001e-4,480,1.0442708333333335e-4,cm2
Plot E,3,July,interval_end,42,Orbicella franksi,TRUE,TRUE,TRUE,FALSE,6.3425,6.3425e-4,480,1.3213541666666669e-4,cm2
Plot E,3,July,interval_end,43,Orbicella franksi,TRUE,TRUE,TRUE,FALSE,6.0425,6.042500000000001e-4,480,1.2588541666666667e-4,cm2
Plot E,3,July,interval_end,44,Orbicella franksi,TRUE,TRUE,TRUE,FALSE,4.73,4.7300000000000006e-4,480,9.854166666666669e-5,cm2
Plot E,3,July,interval_end,45,Orbicella franksi,TRUE,TRUE,TRUE,FALSE,6.145,6.144999999999999e-4,480,1.280208333333333e-4,cm2
Plot E,3,July,interval_end,46,Orbicella franksi,TRUE,TRUE,TRUE,FALSE,5.09,5.09e-4,480,1.0604166666666666e-4,cm2
Plot E,3,July,interval_end,47,Orbicella annularis,TRUE,TRUE,TRUE,FALSE,5.77,5.769999999999999e-4,480,1.2020833333333332e-4,cm2
Plot E,3,July,interval_end,48,Orbicella annularis,TRUE,TRUE,TRUE,FALSE,2.3525,2.3525e-4,480,4.901041666666667e-5,cm2
Plot E,3,July,interval_end,49,Orbicella annularis,TRUE,TRUE,TRUE,FALSE,5.4275,5.4275e-4,480,1.1307291666666668e-4,cm2
Plot E,3,July,interval_end,5,Orbicella franksi,TRUE,TRUE,TRUE,FALSE,4.9525,4.952499999999999e-4,480,1.0317708333333332e-4,cm2
Plot E,3,July,interval_end,50,Orbicella annularis,TRUE,TRUE,TRUE,FALSE,4.755,4.755e-4,480,9.90625e-5,cm2
Plot E,3,July,interval_end,51,Orbicella annularis,TRUE,TRUE,TRUE,FALSE,6.975,6.975e-4,480,1.453125e-4,cm2
Plot E,3,July,interval_end,52,Orbicella annularis,TRUE,TRUE,TRUE,FALSE,16.8775,0.00168775,480,3.5161458333333334e-4,cm2
Plot E,3,July,interval_end,53,Orbicella annularis,TRUE,TRUE,TRUE,FALSE,6.7625,6.7625e-4,480,1.4088541666666668e-4,cm2
Plot E,3,July,interval_end,54,Orbicella annularis,TRUE,TRUE,TRUE,FALSE,5.33,5.33e-4,480,1.1104166666666668e-4,cm2
Plot E,3,July,interval_end,55,Orbicella faveolata,TRUE,TRUE,TRUE,FALSE,8.975,8.975e-4,480,1.8697916666666665e-4,cm2
Plot E,3,July,interval_end,56,Orbicella faveolata,TRUE,TRUE,TRUE,FALSE,4.1025,4.1025e-4,480,8.546875000000001e-5,cm2
Plot E,3,July,interval_end,57,Orbicella faveolata,TRUE,TRUE,TRUE,FALSE,4.27,4.2699999999999997e-4,480,8.895833333333332e-5,cm2
Plot E,3,July,interval_end,58,Acropora palmata,TRUE,TRUE,TRUE,FALSE,9,9e-4,480,1.875e-4,cm2
Plot E,3,July,interval_end,59,Acropora palmata,TRUE,TRUE,TRUE,FALSE,10.5825,0.00105825,480,2.2046875e-4,cm2
Plot E,3,July,interval_end,6,Orbicella franksi,TRUE,TRUE,TRUE,FALSE,3.975,3.975e-4,480,8.28125e-5,cm2
Plot E,3,July,interval_end,60,Acropora palmata,TRUE,TRUE,TRUE,FALSE,18.5625,0.00185625,480,3.8671875e-4,cm2
Plot E,3,July,interval_end,61,Acropora palmata,TRUE,TRUE,TRUE,FALSE,9.3575,9.3575e-4,480,1.9494791666666665e-4,cm2
Plot E,3,July,interval_end,62,Acropora palmata,TRUE,TRUE,TRUE,FALSE,12.1525,0.00121525,480,2.5317708333333334e-4,cm2
Plot E,3,July,NA,7,Acropora palmata,TRUE,FALSE,FALSE,FALSE,0,0,NA,NA,NA
Plot E,3,July,interval_end,8,Orbicella franksi,TRUE,TRUE,TRUE,FALSE,5.1375,5.1375e-4,480,1.0703124999999999e-4,cm2
Plot E,3,July,interval_end,9,Orbicella franksi,TRUE,TRUE,TRUE,FALSE,5.15,5.15e-4,480,1.0729166666666668e-4,cm2
Plot E,4,August,interval_end,0,Orbicella annularis,TRUE,FALSE,FALSE,TRUE,0,0,480,0,cm2
Plot E,4,August,NA,10,Acropora palmata,TRUE,FALSE,FALSE,FALSE,0,0,NA,NA,NA
Plot E,4,August,interval_end,11,Orbicella franksi,TRUE,TRUE,TRUE,FALSE,4.435,4.4349999999999994e-4,480,9.239583333333331e-5,cm2
Plot E,4,August,NA,12,Acropora palmata,TRUE,FALSE,FALSE,FALSE,0,0,NA,NA,NA
Plot E,4,August,interval_end,13,Orbicella franksi,TRUE,TRUE,TRUE,FALSE,3.545,3.545e-4,480,7.385416666666668e-5,cm2
Plot E,4,August,interval_end,14,Orbicella franksi,TRUE,TRUE,TRUE,FALSE,2.9125,2.9125e-4,480,6.067708333333334e-5,cm2
Plot E,4,August,NA,15,Acropora palmata,TRUE,FALSE,FALSE,FALSE,0,0,NA,NA,NA
Plot E,4,August,interval_end,16,Orbicella annularis,TRUE,TRUE,TRUE,FALSE,9.0725,9.0725e-4,480,1.8901041666666667e-4,cm2
Plot E,4,August,NA,17,Acropora palmata,TRUE,FALSE,FALSE,FALSE,0,0,NA,NA,NA
Plot E,4,August,interval_end,18,Orbicella annularis,TRUE,TRUE,TRUE,FALSE,3.3275,3.3275000000000004e-4,480,6.932291666666668e-5,cm2
Plot E,4,August,interval_end,19,Orbicella annularis,TRUE,TRUE,TRUE,FALSE,9.6375,9.6375e-4,480,2.0078125e-4,cm2
Plot E,4,August,interval_end,2,Orbicella franksi,TRUE,TRUE,TRUE,FALSE,5.5075,5.5075e-4,480,1.1473958333333332e-4,cm2
Plot E,4,August,interval_end,20,Orbicella annularis,TRUE,TRUE,TRUE,FALSE,5.445,5.445000000000001e-4,480,1.1343750000000001e-4,cm2
Plot E,4,August,interval_end,21,Orbicella annularis,TRUE,TRUE,TRUE,FALSE,29.9525,0.0029952499999999996,480,6.240104166666666e-4,cm2
Plot E,4,August,interval_end,22,Orbicella annularis,TRUE,TRUE,TRUE,FALSE,3.35,3.35e-4,480,6.979166666666666e-5,cm2
Plot E,4,August,NA,23,Acropora palmata,TRUE,FALSE,FALSE,FALSE,0,0,NA,NA,NA
Plot E,4,August,interval_end,24,Orbicella annularis,TRUE,TRUE,TRUE,FALSE,0.7675,7.675e-5,480,1.5989583333333333e-5,cm2
Plot E,4,August,interval_end,25,Orbicella annularis,TRUE,TRUE,TRUE,FALSE,10.13,0.001013,480,2.1104166666666667e-4,cm2
Plot E,4,August,interval_end,26,Orbicella annularis,TRUE,TRUE,TRUE,FALSE,2.565,2.565e-4,480,5.34375e-5,cm2
Plot E,4,August,interval_end,27,Orbicella annularis,TRUE,TRUE,TRUE,FALSE,4.0175,4.0175e-4,480,8.369791666666665e-5,cm2
Plot E,4,August,interval_end,28,Orbicella annularis,TRUE,TRUE,TRUE,FALSE,8.615,8.615000000000001e-4,480,1.7947916666666668e-4,cm2
Plot E,4,August,interval_end,29,Orbicella annularis,TRUE,TRUE,TRUE,FALSE,1.185,1.1850000000000001e-4,480,2.4687500000000004e-5,cm2
Plot E,4,August,interval_end,3,Orbicella franksi,TRUE,TRUE,TRUE,FALSE,4.3675,4.3674999999999996e-4,480,9.098958333333333e-5,cm2
Plot E,4,August,NA,30,Orbicella annularis,TRUE,FALSE,FALSE,FALSE,0,0,NA,NA,NA
Plot E,4,August,interval_end,31,Orbicella annularis,TRUE,TRUE,TRUE,FALSE,10.51,0.001051,480,2.1895833333333335e-4,cm2
Plot E,4,August,interval_end,32,Acropora palmata,TRUE,TRUE,TRUE,FALSE,818.5274999999999,0.08185274999999999,480,0.01705265625,cm2
Plot E,4,August,interval_end,33,Orbicella annularis,TRUE,TRUE,TRUE,FALSE,3.255,3.255e-4,480,6.78125e-5,cm2
Plot E,4,August,interval_end,34,Orbicella annularis,TRUE,TRUE,TRUE,FALSE,4.065,4.065e-4,480,8.468749999999999e-5,cm2
Plot E,4,August,interval_end,35,Orbicella annularis,TRUE,TRUE,TRUE,FALSE,0.6225,6.225000000000001e-5,480,1.2968750000000002e-5,cm2
Plot E,4,August,interval_end,36,Orbicella annularis,TRUE,TRUE,TRUE,FALSE,1.7125,1.7125e-4,480,3.567708333333333e-5,cm2
Plot E,4,August,interval_end,38,Orbicella franksi,TRUE,TRUE,TRUE,FALSE,5.8125,5.8125e-4,480,1.2109374999999999e-4,cm2
Plot E,4,August,interval_end,39,Orbicella franksi,TRUE,TRUE,TRUE,FALSE,5.825,5.825e-4,480,1.2135416666666668e-4,cm2
Plot E,4,August,interval_end,4,Orbicella franksi,TRUE,TRUE,TRUE,FALSE,5.385,5.385e-4,480,1.1218750000000001e-4,cm2
Plot E,4,August,interval_end,40,Orbicella franksi,TRUE,TRUE,TRUE,FALSE,5.2375,5.2375e-4,480,1.0911458333333334e-4,cm2
Plot E,4,August,interval_end,41,Orbicella franksi,TRUE,TRUE,TRUE,FALSE,5.435,5.434999999999999e-4,480,1.1322916666666666e-4,cm2
Plot E,4,August,interval_end,42,Orbicella franksi,TRUE,TRUE,TRUE,FALSE,6.49,0.00064900000000000005,480,1.3520833333333334e-4,cm2
Plot E,4,August,interval_end,43,Orbicella franksi,TRUE,TRUE,TRUE,FALSE,6.1875,6.1875e-4,480,1.2890625e-4,cm2
Plot E,4,August,interval_end,44,Orbicella franksi,TRUE,TRUE,TRUE,FALSE,4.4675,4.4675000000000004e-4,480,9.307291666666668e-5,cm2
Plot E,4,August,interval_end,45,Orbicella franksi,TRUE,TRUE,TRUE,FALSE,5.915,5.915e-4,480,1.2322916666666667e-4,cm2
Plot E,4,August,interval_end,46,Orbicella franksi,TRUE,TRUE,TRUE,FALSE,4.5025,4.5025e-4,480,9.380208333333334e-5,cm2
Plot E,4,August,interval_end,47,Orbicella annularis,TRUE,TRUE,TRUE,FALSE,5.5475,5.5475e-4,480,1.1557291666666667e-4,cm2
Plot E,4,August,interval_end,48,Orbicella annularis,TRUE,TRUE,TRUE,FALSE,2.22,2.2200000000000003e-4,480,4.6250000000000006e-5,cm2
Plot E,4,August,interval_end,49,Orbicella annularis,TRUE,TRUE,TRUE,FALSE,6.345,6.345e-4,480,1.3218749999999998e-4,cm2
Plot E,4,August,interval_end,5,Orbicella franksi,TRUE,TRUE,TRUE,FALSE,4.795,4.795e-4,480,9.989583333333333e-5,cm2
Plot E,4,August,interval_end,50,Orbicella annularis,TRUE,TRUE,TRUE,FALSE,5.3025,5.3025e-4,480,1.1046875000000001e-4,cm2
Plot E,4,August,interval_end,51,Orbicella annularis,TRUE,TRUE,TRUE,FALSE,6.9875,6.987499999999999e-4,480,1.4557291666666665e-4,cm2
Plot E,4,August,interval_end,52,Orbicella annularis,TRUE,TRUE,TRUE,FALSE,17.565,0.0017565,480,3.659375e-4,cm2
Plot E,4,August,interval_end,53,Orbicella annularis,TRUE,TRUE,TRUE,FALSE,6.5525,6.5525e-4,480,1.3651041666666667e-4,cm2
Plot E,4,August,interval_end,54,Orbicella annularis,TRUE,TRUE,TRUE,FALSE,5.9875,5.9875e-4,480,1.2473958333333334e-4,cm2
Plot E,4,August,interval_end,55,Orbicella faveolata,TRUE,TRUE,TRUE,FALSE,9.1725,9.1725e-4,480,1.9109375e-4,cm2
Plot E,4,August,interval_end,56,Orbicella faveolata,TRUE,TRUE,TRUE,FALSE,5.2875,5.287499999999999e-4,480,1.1015624999999998e-4,cm2
Plot E,4,August,interval_end,57,Orbicella faveolata,TRUE,TRUE,TRUE,FALSE,6.4775,6.4775e-4,480,1.3494791666666665e-4,cm2
Plot E,4,August,interval_end,58,Acropora palmata,TRUE,TRUE,TRUE,FALSE,20.9375,0.00209375,480,4.3619791666666666e-4,cm2
Plot E,4,August,interval_end,59,Acropora palmata,TRUE,TRUE,TRUE,FALSE,22.0525,0.0022052499999999997,480,4.594270833333333e-4,cm2
Plot E,4,August,interval_end,6,Orbicella franksi,TRUE,TRUE,TRUE,FALSE,3.69,3.6899999999999997e-4,480,7.687499999999998e-5,cm2
Plot E,4,August,interval_end,60,Acropora palmata,TRUE,TRUE,TRUE,FALSE,26.4,0.00264,480,5.5e-4,cm2
Plot E,4,August,interval_end,61,Acropora palmata,TRUE,TRUE,TRUE,FALSE,13.925,0.0013925,480,2.901041666666667e-4,cm2
Plot E,4,August,interval_end,62,Acropora palmata,TRUE,TRUE,TRUE,FALSE,15.55,0.0015550000000000002,480,3.239583333333334e-4,cm2
Plot E,4,August,interval_end,63,Orbicella sp.,FALSE,TRUE,NA,FALSE,4.255,4.255e-4,480,8.864583333333333e-5,cm2
Plot E,4,August,interval_end,64,Orbicella sp.,FALSE,TRUE,NA,FALSE,2.92,2.92e-4,480,6.083333333333333e-5,cm2
Plot E,4,August,NA,7,Acropora palmata,TRUE,FALSE,FALSE,FALSE,0,0,NA,NA,NA
Plot E,4,August,interval_end,8,Orbicella franksi,TRUE,TRUE,TRUE,FALSE,5.435,5.434999999999999e-4,480,1.1322916666666666e-4,cm2
Plot E,4,August,interval_end,9,Orbicella franksi,TRUE,TRUE,TRUE,FALSE,5.7575,5.7575e-4,480,1.1994791666666667e-4,cm2
Plot E,5,September,NA,0,Orbicella annularis,TRUE,FALSE,FALSE,FALSE,0,0,NA,NA,NA
Plot E,5,September,NA,10,Acropora palmata,TRUE,FALSE,FALSE,FALSE,0,0,NA,NA,NA
Plot E,5,September,interval_end,11,Orbicella franksi,TRUE,TRUE,TRUE,FALSE,4.375,4.375e-4,480,9.114583333333334e-5,cm2
Plot E,5,September,NA,12,Acropora palmata,TRUE,FALSE,FALSE,FALSE,0,0,NA,NA,NA
Plot E,5,September,interval_end,13,Orbicella franksi,TRUE,TRUE,TRUE,FALSE,3.44,3.44e-4,480,7.166666666666667e-5,cm2
Plot E,5,September,interval_end,14,Orbicella franksi,TRUE,TRUE,TRUE,FALSE,4.4375,4.4375e-4,480,9.244791666666668e-5,cm2
Plot E,5,September,NA,15,Acropora palmata,TRUE,FALSE,FALSE,FALSE,0,0,NA,NA,NA
Plot E,5,September,interval_end,16,Orbicella annularis,TRUE,TRUE,TRUE,FALSE,8.9725,8.9725e-4,480,1.8692708333333332e-4,cm2
Plot E,5,September,NA,17,Acropora palmata,TRUE,FALSE,FALSE,FALSE,0,0,NA,NA,NA
Plot E,5,September,interval_end,18,Orbicella annularis,TRUE,TRUE,TRUE,FALSE,3.5775,3.5775e-4,480,7.453125e-5,cm2
Plot E,5,September,interval_end,19,Orbicella annularis,TRUE,TRUE,TRUE,FALSE,9.555,9.555000000000001e-4,480,1.9906250000000002e-4,cm2
Plot E,5,September,interval_end,2,Orbicella franksi,TRUE,TRUE,TRUE,FALSE,5.26,5.26e-4,480,1.0958333333333333e-4,cm2
Plot E,5,September,interval_end,20,Orbicella annularis,TRUE,TRUE,TRUE,FALSE,5.6525,5.6525e-4,480,1.1776041666666666e-4,cm2
Plot E,5,September,interval_end,21,Orbicella annularis,TRUE,TRUE,TRUE,FALSE,89.13499999999999,0.0089135,480,0.0018569791666666667,cm2
Plot E,5,September,interval_end,22,Orbicella annularis,TRUE,TRUE,TRUE,FALSE,3.9625,3.9625e-4,480,8.255208333333334e-5,cm2
Plot E,5,September,NA,23,Acropora palmata,TRUE,FALSE,FALSE,FALSE,0,0,NA,NA,NA
Plot E,5,September,interval_end,24,Orbicella annularis,TRUE,TRUE,TRUE,FALSE,0.6125,6.125e-5,480,1.2760416666666667e-5,cm2
Plot E,5,September,interval_end,25,Orbicella annularis,TRUE,TRUE,TRUE,FALSE,10.495,0.0010494999999999999,480,2.186458333333333e-4,cm2
Plot E,5,September,interval_end,26,Orbicella annularis,TRUE,TRUE,TRUE,FALSE,2.7175,2.7174999999999996e-4,480,5.661458333333333e-5,cm2
Plot E,5,September,interval_end,27,Orbicella annularis,TRUE,TRUE,TRUE,FALSE,4.5225,4.5225e-4,480,9.421875e-5,cm2
Plot E,5,September,interval_end,28,Orbicella annularis,TRUE,TRUE,TRUE,FALSE,9.315,9.314999999999999e-4,480,1.9406249999999998e-4,cm2
Plot E,5,September,interval_end,29,Orbicella annularis,TRUE,TRUE,TRUE,FALSE,1.2625,1.2625e-4,480,2.6302083333333333e-5,cm2
Plot E,5,September,interval_end,3,Orbicella franksi,TRUE,TRUE,TRUE,FALSE,4.6625,4.6625e-4,480,9.713541666666666e-5,cm2
Plot E,5,September,NA,30,Orbicella annularis,TRUE,FALSE,FALSE,FALSE,0,0,NA,NA,NA
Plot E,5,September,interval_end,31,Orbicella annularis,TRUE,TRUE,TRUE,FALSE,11.1625,0.00111625,480,2.3255208333333334e-4,cm2
Plot E,5,September,interval_end,32,Acropora palmata,TRUE,TRUE,TRUE,FALSE,304.465,0.030446499999999998,480,0.006343020833333333,cm2
Plot E,5,September,interval_end,33,Orbicella annularis,TRUE,TRUE,TRUE,FALSE,3.6275,3.6275e-4,480,7.557291666666667e-5,cm2
Plot E,5,September,interval_end,34,Orbicella annularis,TRUE,TRUE,TRUE,FALSE,4.4875,4.4875e-4,480,9.348958333333332e-5,cm2
Plot E,5,September,interval_end,35,Orbicella annularis,TRUE,TRUE,TRUE,FALSE,0.645,6.45e-5,480,1.3437499999999998e-5,cm2
Plot E,5,September,interval_end,36,Orbicella annularis,TRUE,TRUE,TRUE,FALSE,1.9775,1.9775e-4,480,4.119791666666667e-5,cm2
Plot E,5,September,interval_end,38,Orbicella franksi,TRUE,TRUE,TRUE,FALSE,4.39,4.39e-4,480,9.145833333333334e-5,cm2
Plot E,5,September,interval_end,39,Orbicella franksi,TRUE,TRUE,TRUE,FALSE,6.0425,6.042500000000001e-4,480,1.2588541666666667e-4,cm2
Plot E,5,September,interval_end,4,Orbicella franksi,TRUE,TRUE,TRUE,FALSE,5.3725,5.3725e-4,480,1.1192708333333332e-4,cm2
Plot E,5,September,interval_end,40,Orbicella franksi,TRUE,TRUE,TRUE,FALSE,5.7525,5.7525e-4,480,1.1984375e-4,cm2
Plot E,5,September,interval_end,41,Orbicella franksi,TRUE,TRUE,TRUE,FALSE,6.105,6.105e-4,480,1.2718750000000002e-4,cm2
Plot E,5,September,interval_end,42,Orbicella franksi,TRUE,TRUE,TRUE,FALSE,6.6775,6.6775e-4,480,1.3911458333333335e-4,cm2
Plot E,5,September,interval_end,43,Orbicella franksi,TRUE,TRUE,TRUE,FALSE,5.65,5.650000000000001e-4,480,1.1770833333333335e-4,cm2
Plot E,5,September,interval_end,44,Orbicella franksi,TRUE,TRUE,TRUE,FALSE,5.0525,5.052500000000001e-4,480,1.0526041666666668e-4,cm2
Plot E,5,September,interval_end,45,Orbicella franksi,TRUE,TRUE,TRUE,FALSE,6.565,6.565000000000001e-4,480,1.3677083333333336e-4,cm2
Plot E,5,September,interval_end,46,Orbicella franksi,TRUE,TRUE,TRUE,FALSE,5.2675,5.2675e-4,480,1.0973958333333334e-4,cm2
Plot E,5,September,interval_end,47,Orbicella annularis,TRUE,TRUE,TRUE,FALSE,6.1125,6.1125e-4,480,1.2734375000000002e-4,cm2
Plot E,5,September,interval_end,48,Orbicella annularis,TRUE,TRUE,TRUE,FALSE,2.1775,2.1775000000000003e-4,480,4.536458333333334e-5,cm2
Plot E,5,September,interval_end,49,Orbicella annularis,TRUE,TRUE,TRUE,FALSE,6.13,6.129999999999999e-4,480,1.2770833333333332e-4,cm2
Plot E,5,September,interval_end,5,Orbicella franksi,TRUE,TRUE,TRUE,FALSE,4.575,4.575e-4,480,9.531249999999999e-5,cm2
Plot E,5,September,interval_end,50,Orbicella annularis,TRUE,TRUE,TRUE,FALSE,4.335,4.335e-4,480,9.031249999999999e-5,cm2
Plot E,5,September,interval_end,51,Orbicella annularis,TRUE,TRUE,TRUE,FALSE,7.0425,7.0425e-4,480,1.4671875e-4,cm2
Plot E,5,September,interval_end,52,Orbicella annularis,TRUE,TRUE,TRUE,FALSE,32.5225,0.00325225,480,6.775520833333333e-4,cm2
Plot E,5,September,interval_end,53,Orbicella annularis,TRUE,TRUE,TRUE,FALSE,7.725,7.725e-4,480,1.609375e-4,cm2
Plot E,5,September,interval_end,54,Orbicella annularis,TRUE,TRUE,TRUE,FALSE,7.3075,7.307500000000001e-4,480,1.5223958333333333e-4,cm2
Plot E,5,September,interval_end,55,Orbicella faveolata,TRUE,TRUE,TRUE,FALSE,9.9625,9.9625e-4,480,2.0755208333333332e-4,cm2
Plot E,5,September,interval_end,56,Orbicella faveolata,TRUE,TRUE,TRUE,FALSE,5.9225,5.9225e-4,480,1.2338541666666666e-4,cm2
Plot E,5,September,interval_end,57,Orbicella faveolata,TRUE,TRUE,TRUE,FALSE,7.2125,7.2125e-4,480,1.5026041666666665e-4,cm2
Plot E,5,September,interval_end,58,Acropora palmata,TRUE,TRUE,TRUE,FALSE,18.3825,0.00183825,480,3.8296875e-4,cm2
Plot E,5,September,interval_end,59,Acropora palmata,TRUE,TRUE,TRUE,FALSE,23.5825,0.00235825,480,4.913020833333334e-4,cm2
Plot E,5,September,interval_end,6,Orbicella franksi,TRUE,TRUE,TRUE,FALSE,4.105,4.1050000000000006e-4,480,8.552083333333334e-5,cm2
Plot E,5,September,interval_end,60,Acropora palmata,TRUE,TRUE,TRUE,FALSE,27.7475,0.00277475,480,5.780729166666666e-4,cm2
Plot E,5,September,interval_end,61,Acropora palmata,TRUE,TRUE,TRUE,FALSE,16.77,0.0016769999999999999,480,3.4937499999999997e-4,cm2
Plot E,5,September,interval_end,62,Acropora palmata,TRUE,TRUE,TRUE,FALSE,17.1675,0.00171675,480,3.5765625e-4,cm2
Plot E,5,September,interval_end,63,Orbicella sp.,FALSE,TRUE,NA,FALSE,4.7325,4.7325e-4,480,9.859375e-5,cm2
Plot E,5,September,interval_end,64,Orbicella sp.,FALSE,TRUE,NA,FALSE,3.1825,3.1825e-4,480,6.630208333333333e-5,cm2
Plot E,5,September,NA,7,Acropora palmata,TRUE,FALSE,FALSE,FALSE,0,0,NA,NA,NA
Plot E,5,September,interval_end,8,Orbicella franksi,TRUE,TRUE,TRUE,FALSE,5.6775,5.6775e-4,480,1.1828124999999999e-4,cm2
Plot E,5,September,interval_end,9,Orbicella franksi,TRUE,TRUE,TRUE,FALSE,6.5925,6.5925e-4,480,1.3734375e-4,cm2
Plot E,6,October,NA,0,Orbicella annularis,TRUE,FALSE,FALSE,FALSE,0,0,NA,NA,NA
Plot E,6,October,NA,10,Acropora palmata,TRUE,FALSE,FALSE,FALSE,0,0,NA,NA,NA
Plot E,6,October,interval_end,11,Orbicella franksi,TRUE,TRUE,TRUE,FALSE,4.0575,4.0575e-4,480,8.453125e-5,cm2
Plot E,6,October,NA,12,Acropora palmata,TRUE,FALSE,FALSE,FALSE,0,0,NA,NA,NA
Plot E,6,October,interval_end,13,Orbicella franksi,TRUE,TRUE,TRUE,FALSE,2.92,2.92e-4,480,6.083333333333333e-5,cm2
Plot E,6,October,interval_end,14,Orbicella franksi,TRUE,TRUE,TRUE,FALSE,3.39,3.39e-4,480,7.0625e-5,cm2
Plot E,6,October,NA,15,Acropora palmata,TRUE,FALSE,FALSE,FALSE,0,0,NA,NA,NA
Plot E,6,October,interval_end,16,Orbicella annularis,TRUE,TRUE,TRUE,FALSE,8.965,8.964999999999999e-4,480,1.8677083333333333e-4,cm2
Plot E,6,October,NA,17,Acropora palmata,TRUE,FALSE,FALSE,FALSE,0,0,NA,NA,NA
Plot E,6,October,interval_end,18,Orbicella annularis,TRUE,TRUE,TRUE,FALSE,4.0925,4.0925e-4,480,8.526041666666667e-5,cm2
Plot E,6,October,interval_end,19,Orbicella annularis,TRUE,TRUE,TRUE,FALSE,22.525,0.0022524999999999997,480,4.692708333333333e-4,cm2
Plot E,6,October,interval_end,2,Orbicella franksi,TRUE,TRUE,TRUE,FALSE,5.09,5.09e-4,480,1.0604166666666666e-4,cm2
Plot E,6,October,interval_end,20,Orbicella annularis,TRUE,TRUE,TRUE,FALSE,5.8925,5.8925e-4,480,1.227604166666667e-4,cm2
Plot E,6,October,interval_end,21,Orbicella annularis,TRUE,TRUE,TRUE,FALSE,69.49,0.0069489999999999994,480,0.0014477083333333332,cm2
Plot E,6,October,interval_end,22,Orbicella annularis,TRUE,TRUE,TRUE,FALSE,4.5275,4.5275e-4,480,9.432291666666665e-5,cm2
Plot E,6,October,NA,23,Acropora palmata,TRUE,FALSE,FALSE,FALSE,0,0,NA,NA,NA
Plot E,6,October,interval_end,24,Orbicella annularis,TRUE,TRUE,TRUE,FALSE,0.675,6.75e-5,480,1.40625e-5,cm2
Plot E,6,October,interval_end,25,Orbicella annularis,TRUE,TRUE,TRUE,FALSE,10.955,0.0010955,480,2.2822916666666665e-4,cm2
Plot E,6,October,interval_end,26,Orbicella annularis,TRUE,TRUE,TRUE,FALSE,2.82,2.8199999999999997e-4,480,5.874999999999999e-5,cm2
Plot E,6,October,interval_end,27,Orbicella annularis,TRUE,TRUE,TRUE,FALSE,4.945,4.945e-4,480,1.0302083333333334e-4,cm2
Plot E,6,October,interval_end,28,Orbicella annularis,TRUE,TRUE,TRUE,FALSE,9.805,9.805e-4,480,2.0427083333333332e-4,cm2
Plot E,6,October,interval_end,29,Orbicella annularis,TRUE,TRUE,TRUE,FALSE,1.2925,1.2925e-4,480,2.692708333333333e-5,cm2
Plot E,6,October,interval_end,3,Orbicella franksi,TRUE,TRUE,TRUE,FALSE,4.27,4.2699999999999997e-4,480,8.895833333333332e-5,cm2
Plot E,6,October,NA,30,Orbicella annularis,TRUE,FALSE,FALSE,FALSE,0,0,NA,NA,NA
Plot E,6,October,interval_end,31,Orbicella annularis,TRUE,TRUE,TRUE,FALSE,12.1575,0.00121575,480,2.5328125e-4,cm2
Plot E,6,October,interval_end,32,Acropora palmata,TRUE,TRUE,TRUE,FALSE,303.265,0.0303265,480,0.006318020833333333,cm2
Plot E,6,October,interval_end,33,Orbicella annularis,TRUE,TRUE,TRUE,FALSE,3.9225,3.9224999999999997e-4,480,8.171874999999999e-5,cm2
Plot E,6,October,interval_end,34,Orbicella annularis,TRUE,TRUE,TRUE,FALSE,5.4925,5.492499999999999e-4,480,1.1442708333333332e-4,cm2
Plot E,6,October,interval_end,35,Orbicella annularis,TRUE,TRUE,TRUE,FALSE,0.695,6.95e-5,480,1.4479166666666665e-5,cm2
Plot E,6,October,interval_end,36,Orbicella annularis,TRUE,TRUE,TRUE,FALSE,2.05,2.05e-4,480,4.270833333333333e-5,cm2
Plot E,6,October,interval_end,38,Orbicella franksi,TRUE,TRUE,TRUE,FALSE,6.51,6.51e-4,480,1.35625e-4,cm2
Plot E,6,October,interval_end,39,Orbicella franksi,TRUE,TRUE,TRUE,FALSE,6.02,6.02e-4,480,1.2541666666666666e-4,cm2
Plot E,6,October,interval_end,4,Orbicella franksi,TRUE,TRUE,TRUE,FALSE,5.4025,5.402499999999999e-4,480,1.125520833333333e-4,cm2
Plot E,6,October,interval_end,40,Orbicella franksi,TRUE,TRUE,TRUE,FALSE,5.4225,5.4225e-4,480,1.1296874999999999e-4,cm2
Plot E,6,October,interval_end,41,Orbicella franksi,TRUE,TRUE,TRUE,FALSE,5.9425,5.942499999999999e-4,480,1.2380208333333332e-4,cm2
Plot E,6,October,interval_end,42,Orbicella franksi,TRUE,TRUE,TRUE,FALSE,6.745,6.745e-4,480,1.4052083333333332e-4,cm2
Plot E,6,October,interval_end,43,Orbicella franksi,TRUE,TRUE,TRUE,FALSE,6.39,6.389999999999999e-4,480,1.33125e-4,cm2
Plot E,6,October,interval_end,44,Orbicella franksi,TRUE,TRUE,TRUE,FALSE,4.77,4.7699999999999994e-4,480,9.937499999999999e-5,cm2
Plot E,6,October,interval_end,45,Orbicella franksi,TRUE,TRUE,TRUE,FALSE,6.4625,6.4625e-4,480,1.3463541666666667e-4,cm2
Plot E,6,October,interval_end,46,Orbicella franksi,TRUE,TRUE,TRUE,FALSE,5.215,5.214999999999999e-4,480,1.0864583333333333e-4,cm2
Plot E,6,October,interval_end,47,Orbicella annularis,TRUE,TRUE,TRUE,FALSE,6.3,6.3e-4,480,1.3125e-4,cm2
Plot E,6,October,interval_end,48,Orbicella annularis,TRUE,TRUE,TRUE,FALSE,2.555,2.5550000000000003e-4,480,5.3229166666666675e-5,cm2
Plot E,6,October,interval_end,49,Orbicella annularis,TRUE,TRUE,TRUE,FALSE,6.3575,6.3575e-4,480,1.3244791666666667e-4,cm2
Plot E,6,October,interval_end,5,Orbicella franksi,TRUE,TRUE,TRUE,FALSE,5.15,5.15e-4,480,1.0729166666666668e-4,cm2
Plot E,6,October,interval_end,50,Orbicella annularis,TRUE,TRUE,TRUE,FALSE,5.4575,5.4575e-4,480,1.1369791666666666e-4,cm2
Plot E,6,October,interval_end,51,Orbicella annularis,TRUE,TRUE,TRUE,FALSE,7.78,7.78e-4,480,1.6208333333333336e-4,cm2
Plot E,6,October,interval_end,52,Orbicella annularis,TRUE,TRUE,TRUE,FALSE,42.75,0.004275,480,8.90625e-4,cm2
Plot E,6,October,interval_end,53,Orbicella annularis,TRUE,TRUE,TRUE,FALSE,8.0175,8.0175e-4,480,1.6703125000000002e-4,cm2
Plot E,6,October,interval_end,54,Orbicella annularis,TRUE,TRUE,TRUE,FALSE,8.2725,8.272500000000001e-4,480,1.7234375000000003e-4,cm2
Plot E,6,October,interval_end,55,Orbicella faveolata,TRUE,TRUE,TRUE,FALSE,10.6525,0.00106525,480,2.2192708333333333e-4,cm2
Plot E,6,October,interval_end,56,Orbicella faveolata,TRUE,TRUE,TRUE,FALSE,7.57,7.570000000000001e-4,480,1.5770833333333335e-4,cm2
Plot E,6,October,interval_end,57,Orbicella faveolata,TRUE,TRUE,TRUE,FALSE,7.315,7.315e-4,480,1.5239583333333335e-4,cm2
Plot E,6,October,interval_end,58,Acropora palmata,TRUE,TRUE,TRUE,FALSE,15.405,0.0015405,480,3.209375e-4,cm2
Plot E,6,October,interval_end,59,Acropora palmata,TRUE,TRUE,TRUE,FALSE,21.28,0.002128,480,4.433333333333334e-4,cm2
Plot E,6,October,interval_end,6,Orbicella franksi,TRUE,TRUE,TRUE,FALSE,4.035,4.035e-4,480,8.406249999999999e-5,cm2
Plot E,6,October,interval_end,60,Acropora palmata,TRUE,TRUE,TRUE,FALSE,28.375,0.0028375,480,5.911458333333334e-4,cm2
Plot E,6,October,interval_end,61,Acropora palmata,TRUE,TRUE,TRUE,FALSE,11.9325,0.0011932499999999999,480,2.4859374999999995e-4,cm2
Plot E,6,October,interval_end,62,Acropora palmata,TRUE,TRUE,TRUE,FALSE,17.06,0.0017059999999999998,480,3.554166666666666e-4,cm2
Plot E,6,October,interval_end,63,Orbicella sp.,FALSE,FALSE,NA,FALSE,0,0,480,0,cm2
Plot E,6,October,interval_end,64,Orbicella sp.,FALSE,TRUE,NA,FALSE,3.1825,3.1825e-4,480,6.630208333333333e-5,cm2
Plot E,6,October,NA,7,Acropora palmata,TRUE,FALSE,FALSE,FALSE,0,0,NA,NA,NA
Plot E,6,October,interval_end,8,Orbicella franksi,TRUE,TRUE,TRUE,FALSE,5.515,5.515e-4,480,1.1489583333333335e-4,cm2
Plot E,6,October,interval_end,9,Orbicella franksi,TRUE,TRUE,TRUE,FALSE,6.815,6.815e-4,480,1.4197916666666666e-4,cm2
Plot E,7,November,NA,0,Orbicella annularis,TRUE,FALSE,FALSE,FALSE,0,0,NA,NA,NA
Plot E,7,November,NA,10,Acropora palmata,TRUE,FALSE,FALSE,FALSE,0,0,NA,NA,NA
Plot E,7,November,interval_end,11,Orbicella franksi,TRUE,TRUE,TRUE,FALSE,4.755,4.755e-4,480,9.90625e-5,cm2
Plot E,7,November,NA,12,Acropora palmata,TRUE,FALSE,FALSE,FALSE,0,0,NA,NA,NA
Plot E,7,November,interval_end,13,Orbicella franksi,TRUE,TRUE,TRUE,FALSE,3.83,3.83e-4,480,7.979166666666666e-5,cm2
Plot E,7,November,interval_end,14,Orbicella franksi,TRUE,TRUE,TRUE,FALSE,3.39,3.39e-4,480,7.0625e-5,cm2
Plot E,7,November,NA,15,Acropora palmata,TRUE,FALSE,FALSE,FALSE,0,0,NA,NA,NA
Plot E,7,November,interval_end,16,Orbicella annularis,TRUE,TRUE,TRUE,FALSE,9.71,9.710000000000001e-4,480,2.0229166666666667e-4,cm2
Plot E,7,November,NA,17,Acropora palmata,TRUE,FALSE,FALSE,FALSE,0,0,NA,NA,NA
Plot E,7,November,interval_end,18,Orbicella annularis,TRUE,TRUE,TRUE,FALSE,3.4425,3.4425e-4,480,7.171874999999999e-5,cm2
Plot E,7,November,interval_end,19,Orbicella annularis,TRUE,TRUE,TRUE,FALSE,11.9625,0.00119625,480,2.4921875000000004e-4,cm2
Plot E,7,November,interval_end,2,Orbicella franksi,TRUE,TRUE,TRUE,FALSE,5.05,5.05e-4,480,1.0520833333333333e-4,cm2
Plot E,7,November,interval_end,20,Orbicella annularis,TRUE,TRUE,TRUE,FALSE,5.66,5.66e-4,480,1.1791666666666666e-4,cm2
Plot E,7,November,interval_end,21,Orbicella annularis,TRUE,TRUE,TRUE,FALSE,35.2,0.00352,480,7.333333333333334e-4,cm2
Plot E,7,November,interval_end,22,Orbicella annularis,TRUE,TRUE,TRUE,FALSE,3.8425,3.8425e-4,480,8.005208333333333e-5,cm2
Plot E,7,November,NA,23,Acropora palmata,TRUE,FALSE,FALSE,FALSE,0,0,NA,NA,NA
Plot E,7,November,interval_end,24,Orbicella annularis,TRUE,TRUE,TRUE,FALSE,0.725,7.25e-5,480,1.5104166666666667e-5,cm2
Plot E,7,November,interval_end,25,Orbicella annularis,TRUE,TRUE,TRUE,FALSE,22.29,0.002229,480,4.6437500000000005e-4,cm2
Plot E,7,November,interval_end,26,Orbicella annularis,TRUE,TRUE,TRUE,FALSE,2.525,2.525e-4,480,5.260416666666667e-5,cm2
Plot E,7,November,interval_end,27,Orbicella annularis,TRUE,TRUE,TRUE,FALSE,4.045,4.0449999999999997e-4,480,8.427083333333333e-5,cm2
Plot E,7,November,interval_end,28,Orbicella annularis,TRUE,TRUE,TRUE,FALSE,8.73,8.730000000000001e-4,480,1.8187500000000002e-4,cm2
Plot E,7,November,interval_end,29,Orbicella annularis,TRUE,TRUE,TRUE,FALSE,1.225,1.225e-4,480,2.5520833333333335e-5,cm2
Plot E,7,November,interval_end,3,Orbicella franksi,TRUE,TRUE,TRUE,FALSE,4.9425,4.9425e-4,480,1.0296875e-4,cm2
Plot E,7,November,NA,30,Orbicella annularis,TRUE,FALSE,FALSE,FALSE,0,0,NA,NA,NA
Plot E,7,November,interval_end,31,Orbicella annularis,TRUE,TRUE,TRUE,FALSE,12.58,0.001258,480,2.620833333333333e-4,cm2
Plot E,7,November,interval_end,32,Acropora palmata,TRUE,TRUE,TRUE,FALSE,328.705,0.0328705,480,0.006848020833333333,cm2
Plot E,7,November,interval_end,33,Orbicella annularis,TRUE,TRUE,TRUE,FALSE,4.185,4.185e-4,480,8.71875e-5,cm2
Plot E,7,November,interval_end,34,Orbicella annularis,TRUE,TRUE,TRUE,FALSE,5.24,5.24e-4,480,1.0916666666666667e-4,cm2
Plot E,7,November,interval_end,35,Orbicella annularis,TRUE,TRUE,TRUE,FALSE,0.6,5.9999999999999995e-5,480,1.2499999999999999e-5,cm2
Plot E,7,November,interval_end,36,Orbicella annularis,TRUE,TRUE,TRUE,FALSE,1.98,1.98e-4,480,4.124999999999999e-5,cm2
Plot E,7,November,interval_end,38,Orbicella franksi,TRUE,TRUE,TRUE,FALSE,6.185,6.184999999999999e-4,480,1.2885416666666663e-4,cm2
Plot E,7,November,interval_end,39,Orbicella franksi,TRUE,TRUE,TRUE,FALSE,6.215,6.215e-4,480,1.2947916666666666e-4,cm2
Plot E,7,November,interval_end,4,Orbicella franksi,TRUE,TRUE,TRUE,FALSE,9.005,9.005e-4,480,1.8760416666666668e-4,cm2
Plot E,7,November,interval_end,40,Orbicella franksi,TRUE,TRUE,TRUE,FALSE,5.6025,5.6025e-4,480,1.1671875e-4,cm2
Plot E,7,November,interval_end,41,Orbicella franksi,TRUE,TRUE,TRUE,FALSE,5.5725,5.5725e-4,480,1.1609375000000001e-4,cm2
Plot E,7,November,interval_end,42,Orbicella franksi,TRUE,TRUE,TRUE,FALSE,6.51,6.51e-4,480,1.35625e-4,cm2
Plot E,7,November,interval_end,43,Orbicella franksi,TRUE,TRUE,TRUE,FALSE,6.4325,6.4325e-4,480,1.340104166666667e-4,cm2
Plot E,7,November,interval_end,44,Orbicella franksi,TRUE,TRUE,TRUE,FALSE,4.8075,4.8075e-4,480,1.0015625e-4,cm2
Plot E,7,November,interval_end,45,Orbicella franksi,TRUE,TRUE,TRUE,FALSE,6.3525,6.3525e-4,480,1.3234375e-4,cm2
Plot E,7,November,interval_end,46,Orbicella franksi,TRUE,TRUE,TRUE,FALSE,4.9975,4.9975e-4,480,1.0411458333333332e-4,cm2
Plot E,7,November,interval_end,47,Orbicella annularis,TRUE,TRUE,TRUE,FALSE,6.075,6.075e-4,480,1.265625e-4,cm2
Plot E,7,November,interval_end,48,Orbicella annularis,TRUE,TRUE,TRUE,FALSE,2.5725,2.5725e-4,480,5.359375e-5,cm2
Plot E,7,November,interval_end,49,Orbicella annularis,TRUE,TRUE,TRUE,FALSE,5.3125,5.3125e-4,480,1.1067708333333334e-4,cm2
Plot E,7,November,interval_end,5,Orbicella franksi,TRUE,TRUE,TRUE,FALSE,7.2675,7.2675e-4,480,1.5140624999999998e-4,cm2
Plot E,7,November,interval_end,50,Orbicella annularis,TRUE,TRUE,TRUE,FALSE,5.5325,5.532499999999999e-4,480,1.1526041666666666e-4,cm2
Plot E,7,November,interval_end,51,Orbicella annularis,TRUE,TRUE,TRUE,FALSE,6.2625,6.262500000000001e-4,480,1.3046875000000002e-4,cm2
Plot E,7,November,interval_end,52,Orbicella annularis,TRUE,TRUE,TRUE,FALSE,20.1625,0.0020162500000000002,480,4.2005208333333337e-4,cm2
Plot E,7,November,interval_end,53,Orbicella annularis,TRUE,TRUE,TRUE,FALSE,8.0675,8.067500000000001e-4,480,1.6807291666666669e-4,cm2
Plot E,7,November,interval_end,54,Orbicella annularis,TRUE,TRUE,TRUE,FALSE,7.1,7.099999999999999e-4,480,1.4791666666666667e-4,cm2
Plot E,7,November,interval_end,55,Orbicella faveolata,TRUE,TRUE,TRUE,FALSE,10.1575,0.0010157500000000002,480,2.1161458333333335e-4,cm2
Plot E,7,November,interval_end,56,Orbicella faveolata,TRUE,TRUE,TRUE,FALSE,6.48,6.48e-4,480,1.35e-4,cm2
Plot E,7,November,interval_end,57,Orbicella faveolata,TRUE,TRUE,TRUE,FALSE,7.2775,7.2775e-4,480,1.5161458333333333e-4,cm2
Plot E,7,November,interval_end,58,Acropora palmata,TRUE,TRUE,TRUE,FALSE,15.395,0.0015394999999999999,480,3.207291666666666e-4,cm2
Plot E,7,November,interval_end,59,Acropora palmata,TRUE,TRUE,TRUE,FALSE,21.14,0.002114,480,4.404166666666667e-4,cm2
Plot E,7,November,interval_end,6,Orbicella franksi,TRUE,TRUE,TRUE,FALSE,5.48,5.480000000000001e-4,480,1.1416666666666669e-4,cm2
Plot E,7,November,interval_end,60,Acropora palmata,TRUE,TRUE,TRUE,FALSE,26.4475,0.00264475,480,5.509895833333333e-4,cm2
Plot E,7,November,interval_end,61,Acropora palmata,TRUE,TRUE,TRUE,FALSE,18.6825,0.0018682500000000001,480,3.8921875e-4,cm2
Plot E,7,November,interval_end,62,Acropora palmata,TRUE,TRUE,TRUE,FALSE,16.8625,0.00168625,480,3.5130208333333335e-4,cm2
Plot E,7,November,interval_end,64,Orbicella sp.,FALSE,TRUE,NA,FALSE,3.27,3.27e-4,480,6.8125e-5,cm2
Plot E,7,November,interval_end,69,Orbicella sp.,FALSE,TRUE,NA,FALSE,3.9825,3.9825e-4,480,8.296875e-5,cm2
Plot E,7,November,NA,7,Acropora palmata,TRUE,FALSE,FALSE,FALSE,0,0,NA,NA,NA
Plot E,7,November,interval_end,70,Orbicella sp.,FALSE,TRUE,NA,FALSE,2.3075,2.3075e-4,480,4.807291666666666e-5,cm2
Plot E,7,November,interval_end,8,Orbicella franksi,TRUE,TRUE,TRUE,FALSE,4.0575,4.0575e-4,480,8.453125e-5,cm2
Plot E,7,November,interval_end,9,Orbicella franksi,TRUE,TRUE,TRUE,FALSE,2.92,2.92e-4,480,6.083333333333333e-5,cm2
