plot,month,month_order,survey_date,observation_source,genet,tag,genotype,species,plot_area_m2,taglab_area_units,area,area_m2,present,snapshot_object_id,n_duplicate_observations
Plot E,May,1,2025-05-07,baseline_start,0,NA,NA,Orbicella annularis,480,cm2,0.225,2.25e-5,TRUE,Plot E__1__baseline_start__0,1
Plot E,May,1,2025-05-07,baseline_start,10,NA,NA,Acropora palmata,480,cm2,19.885,0.0019885000000000002,TRUE,Plot E__1__baseline_start__10,1
Plot E,May,1,2025-05-07,baseline_start,11,NA,NA,Orbicella franksi,480,cm2,3.2775,3.2774999999999997e-4,TRUE,Plot E__1__baseline_start__11,1
Plot E,May,1,2025-05-07,baseline_start,12,NA,NA,Acropora palmata,480,cm2,17.0325,0.00170325,TRUE,Plot E__1__baseline_start__12,1
Plot E,May,1,2025-05-07,baseline_start,13,NA,NA,Orbicella franksi,480,cm2,2.75,2.75e-4,TRUE,Plot E__1__baseline_start__13,1
Plot E,May,1,2025-05-07,baseline_start,14,NA,NA,Orbicella franksi,480,cm2,3.7425,3.7425e-4,TRUE,Plot E__1__baseline_start__14,1
Plot E,May,1,2025-05-07,baseline_start,15,NA,NA,Acropora palmata,480,cm2,16.985,0.0016985,TRUE,Plot E__1__baseline_start__15,1
Plot E,May,1,2025-05-07,baseline_start,16,NA,NA,Orbicella annularis,480,cm2,8.0875,8.0875e-4,TRUE,Plot E__1__baseline_start__16,1
Plot E,May,1,2025-05-07,baseline_start,17,NA,NA,Acropora palmata,480,cm2,17.455,0.0017454999999999999,TRUE,Plot E__1__baseline_start__17,1
Plot E,May,1,2025-05-07,baseline_start,18,NA,NA,Orbicella annularis,480,cm2,2.4425,2.4425e-4,TRUE,Plot E__1__baseline_start__18,1
Plot E,May,1,2025-05-07,baseline_start,19,NA,NA,Orbicella annularis,480,cm2,7.914999999999999,7.914999999999999e-4,TRUE,Plot E__1__baseline_start__19,1
Plot E,May,1,2025-05-07,baseline_start,2,NA,NA,Orbicella franksi,480,cm2,4.2,4.2e-4,TRUE,Plot E__1__baseline_start__2,1
Plot E,May,1,2025-05-07,baseline_start,20,NA,NA,Orbicella annularis,480,cm2,4.635,4.635e-4,TRUE,Plot E__1__baseline_start__20,1
Plot E,May,1,2025-05-07,baseline_start,21,NA,NA,Orbicella annularis,480,cm2,25.799999999999997,0.0025800000000000003,TRUE,Plot E__1__baseline_start__21,1
Plot E,May,1,2025-05-07,baseline_start,22,NA,NA,Orbicella annularis,480,cm2,3.135,3.135e-4,TRUE,Plot E__1__baseline_start__22,1
Plot E,May,1,2025-05-07,baseline_start,23,NA,NA,Acropora palmata,480,cm2,37.365,0.0037365000000000002,TRUE,Plot E__1__baseline_start__23,1
Plot E,May,1,2025-05-07,baseline_start,24,NA,NA,Orbicella annularis,480,cm2,0.56,5.6000000000000006e-5,TRUE,Plot E__1__baseline_start__24,1
Plot E,May,1,2025-05-07,baseline_start,25,NA,NA,Orbicella annularis,480,cm2,7.5875,7.587500000000001e-4,TRUE,Plot E__1__baseline_start__25,1
Plot E,May,1,2025-05-07,baseline_start,26,NA,NA,Orbicella annularis,480,cm2,2.03,2.0299999999999997e-4,TRUE,Plot E__1__baseline_start__26,1
Plot E,May,1,2025-05-07,baseline_start,27,NA,NA,Orbicella annularis,480,cm2,3.0175,3.0175e-4,TRUE,Plot E__1__baseline_start__27,1
Plot E,May,1,2025-05-07,baseline_start,28,NA,NA,Orbicella annularis,480,cm2,7.6075,7.6075e-4,TRUE,Plot E__1__baseline_start__28,1
Plot E,May,1,2025-05-07,baseline_start,29,NA,NA,Orbicella annularis,480,cm2,0.76,7.6e-5,TRUE,Plot E__1__baseline_start__29,1
Plot E,May,1,2025-05-07,baseline_start,3,NA,NA,Orbicella franksi,480,cm2,3.285,3.285e-4,TRUE,Plot E__1__baseline_start__3,1
Plot E,May,1,2025-05-07,baseline_start,30,NA,NA,Orbicella annularis,480,cm2,0.4575,4.575e-5,TRUE,Plot E__1__baseline_start__30,1
Plot E,May,1,2025-05-07,baseline_start,31,NA,NA,Orbicella annularis,480,cm2,8.9275,8.9275e-4,TRUE,Plot E__1__baseline_start__31,1
Plot E,May,1,2025-05-07,baseline_start,32,NA,NA,Acropora palmata,480,cm2,172.2025,0.01722025,TRUE,Plot E__1__baseline_start__32,1
Plot E,May,1,2025-05-07,baseline_start,33,NA,NA,Orbicella annularis,480,cm2,2.1625,2.1625e-4,TRUE,Plot E__1__baseline_start__33,1
Plot E,May,1,2025-05-07,baseline_start,34,NA,NA,Orbicella annularis,480,cm2,3.06,3.06e-4,TRUE,Plot E__1__baseline_start__34,1
Plot E,May,1,2025-05-07,baseline_start,35,NA,NA,Orbicella annularis,480,cm2,0.4125,4.125e-5,TRUE,Plot E__1__baseline_start__35,1
Plot E,May,1,2025-05-07,baseline_start,36,NA,NA,Orbicella annularis,480,cm2,1.2225,1.2225e-4,TRUE,Plot E__1__baseline_start__36,1
Plot E,May,1,2025-05-07,baseline_start,38,NA,NA,Orbicella franksi,480,cm2,5.48,5.480000000000001e-4,TRUE,Plot E__1__baseline_start__38,1
Plot E,May,1,2025-05-07,baseline_start,39,NA,NA,Orbicella franksi,480,cm2,4.6675,4.6675000000000004e-4,TRUE,Plot E__1__baseline_start__39,1
Plot E,May,1,2025-05-07,baseline_start,4,NA,NA,Orbicella franksi,480,cm2,3.8675,3.8675e-4,TRUE,Plot E__1__baseline_start__4,1
Plot E,May,1,2025-05-07,baseline_start,40,NA,NA,Orbicella franksi,480,cm2,4.6725,4.6725000000000005e-4,TRUE,Plot E__1__baseline_start__40,1
Plot E,May,1,2025-05-07,baseline_start,41,NA,NA,Orbicella franksi,480,cm2,4.735,4.735e-4,TRUE,Plot E__1__baseline_start__41,1
Plot E,May,1,2025-05-07,baseline_start,42,NA,NA,Orbicella franksi,480,cm2,5.0075,5.0075e-4,TRUE,Plot E__1__baseline_start__42,1
Plot E,May,1,2025-05-07,baseline_start,43,NA,NA,Orbicella franksi,480,cm2,5.5875,5.5875e-4,TRUE,Plot E__1__baseline_start__43,1
Plot E,May,1,2025-05-07,baseline_start,44,NA,NA,Orbicella franksi,480,cm2,3.7475,3.7475000000000003e-4,TRUE,Plot E__1__baseline_start__44,1
Plot E,May,1,2025-05-07,baseline_start,45,NA,NA,Orbicella franksi,480,cm2,4.7825,4.7825e-4,TRUE,Plot E__1__baseline_start__45,1
Plot E,May,1,2025-05-07,baseline_start,46,NA,NA,Orbicella franksi,480,cm2,4.155,4.155e-4,TRUE,Plot E__1__baseline_start__46,1
Plot E,May,1,2025-05-07,baseline_start,47,NA,NA,Orbicella annularis,480,cm2,5.5025,5.502500000000001e-4,TRUE,Plot E__1__baseline_start__47,1
Plot E,May,1,2025-05-07,baseline_start,48,NA,NA,Orbicella annularis,480,cm2,2.5825,2.5825e-4,TRUE,Plot E__1__baseline_start__48,1
Plot E,May,1,2025-05-07,baseline_start,49,NA,NA,Orbicella annularis,480,cm2,5.4525,5.452499999999999e-4,TRUE,Plot E__1__baseline_start__49,1
Plot E,May,1,2025-05-07,baseline_start,5,NA,NA,Orbicella franksi,480,cm2,4,4e-4,TRUE,Plot E__1__baseline_start__5,1
Plot E,May,1,2025-05-07,baseline_start,50,NA,NA,Orbicella annularis,480,cm2,4.55,4.55e-4,TRUE,Plot E__1__baseline_start__50,1
Plot E,May,1,2025-05-07,baseline_start,51,NA,NA,Orbicella annularis,480,cm2,5.845,5.845e-4,TRUE,Plot E__1__baseline_start__51,1
Plot E,May,1,2025-05-07,baseline_start,52,NA,NA,Orbicella annularis,480,cm2,16.25,0.001625,TRUE,Plot E__1__baseline_start__52,1
Plot E,May,1,2025-05-07,baseline_start,53,NA,NA,Orbicella annularis,480,cm2,5.4325,5.4325e-4,TRUE,Plot E__1__baseline_start__53,1
Plot E,May,1,2025-05-07,baseline_start,54,NA,NA,Orbicella annularis,480,cm2,5.1175,5.117499999999999e-4,TRUE,Plot E__1__baseline_start__54,1
Plot E,May,1,2025-05-07,baseline_start,55,NA,NA,Orbicella faveolata,480,cm2,8.4725,8.4725e-4,TRUE,Plot E__1__baseline_start__55,1
Plot E,May,1,2025-05-07,baseline_start,56,NA,NA,Orbicella faveolata,480,cm2,4.6325,4.6325e-4,TRUE,Plot E__1__baseline_start__56,1
Plot E,May,1,2025-05-07,baseline_start,57,NA,NA,Orbicella faveolata,480,cm2,5.7825,5.7825e-4,TRUE,Plot E__1__baseline_start__57,1
Plot E,May,1,2025-05-07,baseline_start,58,NA,NA,Acropora palmata,480,cm2,17.94,0.001794,TRUE,Plot E__1__baseline_start__58,1
Plot E,May,1,2025-05-07,baseline_start,59,NA,NA,Acropora palmata,480,cm2,17.8575,0.0017857500000000002,TRUE,Plot E__1__baseline_start__59,1
Plot E,May,1,2025-05-07,baseline_start,6,NA,NA,Orbicella franksi,480,cm2,2.4575,2.4575e-4,TRUE,Plot E__1__baseline_start__6,1
Plot E,May,1,2025-05-07,baseline_start,60,NA,NA,Acropora palmata,480,cm2,18.8325,0.00188325,TRUE,Plot E__1__baseline_start__60,1
Plot E,May,1,2025-05-07,baseline_start,61,NA,NA,Acropora palmata,480,cm2,10.8775,0.00108775,TRUE,Plot E__1__baseline_start__61,1
Plot E,May,1,2025-05-07,baseline_start,62,NA,NA,Acropora palmata,480,cm2,15.3625,0.00153625,TRUE,Plot E__1__baseline_start__62,1
Plot E,May,1,2025-05-07,baseline_start,7,NA,NA,Acropora palmata,480,cm2,21.1325,0.00211325,TRUE,Plot E__1__baseline_start__7,1
Plot E,May,1,2025-05-07,baseline_start,8,NA,NA,Orbicella franksi,480,cm2,4.0875,4.0875000000000004e-4,TRUE,Plot E__1__baseline_start__8,1
Plot E,May,1,2025-05-07,baseline_start,9,NA,NA,Orbicella franksi,480,cm2,3.7275,3.7275e-4,TRUE,Plot E__1__baseline_start__9,1
Plot E,June,2,2025-06-09,interval_end,0,NA,NA,Orbicella annularis,480,cm2,0.2375,2.3749999999999998e-5,TRUE,Plot E__2__interval_end__0,1
Plot E,June,2,2025-06-09,interval_end,10,NA,NA,Acropora palmata,480,cm2,0,0,FALSE,Plot E__2__interval_end__10,1
Plot E,June,2,2025-06-09,interval_end,11,NA,NA,Orbicella franksi,480,cm2,4.0925,4.0925e-4,TRUE,Plot E__2__interval_end__11,1
Plot E,June,2,2025-06-09,interval_end,12,NA,NA,Acropora palmata,480,cm2,0,0,FALSE,Plot E__2__interval_end__12,1
Plot E,June,2,2025-06-09,interval_end,13,NA,NA,Orbicella franksi,480,cm2,2.3,2.2999999999999998e-4,TRUE,Plot E__2__interval_end__13,1
Plot E,June,2,2025-06-09,interval_end,14,NA,NA,Orbicella franksi,480,cm2,4.695,4.6950000000000003e-4,TRUE,Plot E__2__interval_end__14,1
Plot E,June,2,2025-06-09,interval_end,15,NA,NA,Acropora palmata,480,cm2,0,0,FALSE,Plot E__2__interval_end__15,1
Plot E,June,2,2025-06-09,interval_end,16,NA,NA,Orbicella annularis,480,cm2,8.3075,8.307499999999999e-4,TRUE,Plot E__2__interval_end__16,1
Plot E,June,2,2025-06-09,interval_end,17,NA,NA,Acropora palmata,480,cm2,0,0,FALSE,Plot E__2__interval_end__17,1
Plot E,June,2,2025-06-09,interval_end,18,NA,NA,Orbicella annularis,480,cm2,2.83,2.83e-4,TRUE,Plot E__2__interval_end__18,1
Plot E,June,2,2025-06-09,interval_end,19,NA,NA,Orbicella annularis,480,cm2,7.6525,7.652500000000001e-4,TRUE,Plot E__2__interval_end__19,1
Plot E,June,2,2025-06-09,interval_end,2,NA,NA,Orbicella franksi,480,cm2,4.9825,4.9825e-4,TRUE,Plot E__2__interval_end__2,1
Plot E,June,2,2025-06-09,interval_end,20,NA,NA,Orbicella annularis,480,cm2,5.025,5.025e-4,TRUE,Plot E__2__interval_end__20,1
Plot E,June,2,2025-06-09,interval_end,21,NA,NA,Orbicella annularis,480,cm2,28.825000000000003,0.0028825,TRUE,Plot E__2__interval_end__21,1
Plot E,June,2,2025-06-09,interval_end,22,NA,NA,Orbicella annularis,480,cm2,3.3275,3.3275000000000004e-4,TRUE,Plot E__2__interval_end__22,1
Plot E,June,2,2025-06-09,interval_end,23,NA,NA,Acropora palmata,480,cm2,0,0,FALSE,Plot E__2__interval_end__23,1
Plot E,June,2,2025-06-09,interval_end,24,NA,NA,Orbicella annularis,480,cm2,0.485,4.85e-5,TRUE,Plot E__2__interval_end__24,1
Plot E,June,2,2025-06-09,interval_end,25,NA,NA,Orbicella annularis,480,cm2,8.975,8.975000000000001e-4,TRUE,Plot E__2__interval_end__25,1
Plot E,June,2,2025-06-09,interval_end,26,NA,NA,Orbicella annularis,480,cm2,2.425,2.4249999999999999e-4,TRUE,Plot E__2__interval_end__26,1
Plot E,June,2,2025-06-09,interval_end,27,NA,NA,Orbicella annularis,480,cm2,4.1675,4.1675e-4,TRUE,Plot E__2__interval_end__27,1
Plot E,June,2,2025-06-09,interval_end,28,NA,NA,Orbicella annularis,480,cm2,7.89,7.89e-4,TRUE,Plot E__2__interval_end__28,1
Plot E,June,2,2025-06-09,interval_end,29,NA,NA,Orbicella annularis,480,cm2,1.2075,1.2075000000000001e-4,TRUE,Plot E__2__interval_end__29,1
Plot E,June,2,2025-06-09,interval_end,3,NA,NA,Orbicella franksi,480,cm2,4.4275,4.4275e-4,TRUE,Plot E__2__interval_end__3,1
Plot E,June,2,2025-06-09,interval_end,30,NA,NA,Orbicella annularis,480,cm2,0.6725,6.725e-5,TRUE,Plot E__2__interval_end__30,1
Plot E,June,2,2025-06-09,interval_end,31,NA,NA,Orbicella annularis,480,cm2,10.4,0.0010400000000000001,TRUE,Plot E__2__interval_end__31,1
Plot E,June,2,2025-06-09,interval_end,32,NA,NA,Acropora palmata,480,cm2,207.315,0.0207315,TRUE,Plot E__2__interval_end__32,1
Plot E,June,2,2025-06-09,interval_end,33,NA,NA,Orbicella annularis,480,cm2,3.01,3.01e-4,TRUE,Plot E__2__interval_end__33,1
Plot E,June,2,2025-06-09,interval_end,34,NA,NA,Orbicella annularis,480,cm2,3.525,3.525e-4,TRUE,Plot E__2__interval_end__34,1
Plot E,June,2,2025-06-09,interval_end,35,NA,NA,Orbicella annularis,480,cm2,0.6225,6.225000000000001e-5,TRUE,Plot E__2__interval_end__35,1
Plot E,June,2,2025-06-09,interval_end,36,NA,NA,Orbicella annularis,480,cm2,1.625,1.625e-4,TRUE,Plot E__2__interval_end__36,1
Plot E,June,2,2025-06-09,interval_end,38,NA,NA,Orbicella franksi,480,cm2,6.04,6.04e-4,TRUE,Plot E__2__interval_end__38,1
Plot E,June,2,2025-06-09,interval_end,39,NA,NA,Orbicella franksi,480,cm2,5.4775,5.4775e-4,TRUE,Plot E__2__interval_end__39,1
Plot E,June,2,2025-06-09,interval_end,4,NA,NA,Orbicella franksi,480,cm2,5.025,5.025e-4,TRUE,Plot E__2__interval_end__4,1
Plot E,June,2,2025-06-09,interval_end,40,NA,NA,Orbicella franksi,480,cm2,5.73,5.73e-4,TRUE,Plot E__2__interval_end__40,1
Plot E,June,2,2025-06-09,interval_end,41,NA,NA,Orbicella franksi,480,cm2,5.45,5.45e-4,TRUE,Plot E__2__interval_end__41,1
Plot E,June,2,2025-06-09,interval_end,42,NA,NA,Orbicella franksi,480,cm2,6.2425,6.2425e-4,TRUE,Plot E__2__interval_end__42,1
Plot E,June,2,2025-06-09,interval_end,43,NA,NA,Orbicella franksi,480,cm2,6.1525,6.1525e-4,TRUE,Plot E__2__interval_end__43,1
Plot E,June,2,2025-06-09,interval_end,44,NA,NA,Orbicella franksi,480,cm2,4.745,4.745e-4,TRUE,Plot E__2__interval_end__44,1
Plot E,June,2,2025-06-09,interval_end,45,NA,NA,Orbicella franksi,480,cm2,5.985,5.985000000000001e-4,TRUE,Plot E__2__interval_end__45,1
Plot E,June,2,2025-06-09,interval_end,46,NA,NA,Orbicella franksi,480,cm2,5.115,5.115e-4,TRUE,Plot E__2__interval_end__46,1
Plot E,June,2,2025-06-09,interval_end,47,NA,NA,Orbicella annularis,480,cm2,4.69,4.69e-4,TRUE,Plot E__2__interval_end__47,1
Plot E,June,2,2025-06-09,interval_end,48,NA,NA,Orbicella annularis,480,cm2,2.3325,2.3325e-4,TRUE,Plot E__2__interval_end__48,1
Plot E,June,2,2025-06-09,interval_end,49,NA,NA,Orbicella annularis,480,cm2,5.37,5.37e-4,TRUE,Plot E__2__interval_end__49,1
Plot E,June,2,2025-06-09,interval_end,5,NA,NA,Orbicella franksi,480,cm2,4.9525,4.952499999999999e-4,TRUE,Plot E__2__interval_end__5,1
Plot E,June,2,2025-06-09,interval_end,50,NA,NA,Orbicella annularis,480,cm2,4.6675,4.6675000000000004e-4,TRUE,Plot E__2__interval_end__50,1
Plot E,June,2,2025-06-09,interval_end,51,NA,NA,Orbicella annularis,480,cm2,6.32,6.320000000000001e-4,TRUE,Plot E__2__interval_end__51,1
Plot E,June,2,2025-06-09,interval_end,52,NA,NA,Orbicella annularis,480,cm2,16.25,0.001625,TRUE,Plot E__2__interval_end__52,1
Plot E,June,2,2025-06-09,interval_end,53,NA,NA,Orbicella annularis,480,cm2,5.4325,5.4325e-4,TRUE,Plot E__2__interval_end__53,1
Plot E,June,2,2025-06-09,interval_end,54,NA,NA,Orbicella annularis,480,cm2,5.1175,5.117499999999999e-4,TRUE,Plot E__2__interval_end__54,1
Plot E,June,2,2025-06-09,interval_end,55,NA,NA,Orbicella faveolata,480,cm2,9.13,9.130000000000001e-4,TRUE,Plot E__2__interval_end__55,1
Plot E,June,2,2025-06-09,interval_end,56,NA,NA,Orbicella faveolata,480,cm2,5.18,5.18e-4,TRUE,Plot E__2__interval_end__56,1
Plot E,June,2,2025-06-09,interval_end,57,NA,NA,Orbicella faveolata,480,cm2,6.04,6.04e-4,TRUE,Plot E__2__interval_end__57,1
Plot E,June,2,2025-06-09,interval_end,58,NA,NA,Acropora palmata,480,cm2,16.9925,0.00169925,TRUE,Plot E__2__interval_end__58,1
Plot E,June,2,2025-06-09,interval_end,59,NA,NA,Acropora palmata,480,cm2,16.4075,0.0016407499999999998,TRUE,Plot E__2__interval_end__59,1
Plot E,June,2,2025-06-09,interval_end,6,NA,NA,Orbicella franksi,480,cm2,3.975,3.975e-4,TRUE,Plot E__2__interval_end__6,1
Plot E,June,2,2025-06-09,interval_end,60,NA,NA,Acropora palmata,480,cm2,19.62,0.001962,TRUE,Plot E__2__interval_end__60,1
Plot E,June,2,2025-06-09,interval_end,61,NA,NA,Acropora palmata,480,cm2,9.985,9.985e-4,TRUE,Plot E__2__interval_end__61,1
Plot E,June,2,2025-06-09,interval_end,62,NA,NA,Acropora palmata,480,cm2,14.03,0.001403,TRUE,Plot E__2__interval_end__62,1
Plot E,June,2,2025-06-09,interval_end,7,NA,NA,Acropora palmata,480,cm2,0,0,FALSE,Plot E__2__interval_end__7,1
Plot E,June,2,2025-06-09,interval_end,8,NA,NA,Orbicella franksi,480,cm2,5.1375,5.1375e-4,TRUE,Plot E__2__interval_end__8,1
Plot E,June,2,2025-06-09,interval_end,9,NA,NA,Orbicella franksi,480,cm2,5.15,5.15e-4,TRUE,Plot E__2__interval_end__9,1
Plot E,July,3,2025-07-11,interval_end,0,NA,NA,Orbicella annularis,480,cm2,0.4325,4.325e-5,TRUE,Plot E__3__interval_end__0,1
Plot E,July,3,2025-07-11,interval_end,11,NA,NA,Orbicella franksi,480,cm2,4.0925,4.0925e-4,TRUE,Plot E__3__interval_end__11,1
Plot E,July,3,2025-07-11,interval_end,13,NA,NA,Orbicella franksi,480,cm2,2.3,2.2999999999999998e-4,TRUE,Plot E__3__interval_end__13,1
Plot E,July,3,2025-07-11,interval_end,14,NA,NA,Orbicella franksi,480,cm2,4.695,4.6950000000000003e-4,TRUE,Plot E__3__interval_end__14,1
Plot E,July,3,2025-07-11,interval_end,16,NA,NA,Orbicella annularis,480,cm2,8.3075,8.307499999999999e-4,TRUE,Plot E__3__interval_end__16,1
Plot E,July,3,2025-07-11,interval_end,18,NA,NA,Orbicella annularis,480,cm2,2.83,2.83e-4,TRUE,Plot E__3__interval_end__18,1
Plot E,July,3,2025-07-11,interval_end,19,NA,NA,Orbicella annularis,480,cm2,7.6525,7.652500000000001e-4,TRUE,Plot E__3__interval_end__19,1
Plot E,July,3,2025-07-11,interval_end,2,NA,NA,Orbicella franksi,480,cm2,4.9825,4.9825e-4,TRUE,Plot E__3__interval_end__2,1
Plot E,July,3,2025-07-11,interval_end,20,NA,NA,Orbicella annularis,480,cm2,5.025,5.025e-4,TRUE,Plot E__3__interval_end__20,1
Plot E,July,3,2025-07-11,interval_end,21,NA,NA,Orbicella annularis,480,cm2,45.1275,0.004512749999999999,TRUE,Plot E__3__interval_end__21,1
Plot E,July,3,2025-07-11,interval_end,22,NA,NA,Orbicella annularis,480,cm2,3.3275,3.3275000000000004e-4,TRUE,Plot E__3__interval_end__22,1
Plot E,July,3,2025-07-11,interval_end,24,NA,NA,Orbicella annularis,480,cm2,0.4925,4.925e-5,TRUE,Plot E__3__interval_end__24,1
Plot E,July,3,2025-07-11,interval_end,25,NA,NA,Orbicella annularis,480,cm2,8.8375,8.8375e-4,TRUE,Plot E__3__interval_end__25,1
Plot E,July,3,2025-07-11,interval_end,26,NA,NA,Orbicella annularis,480,cm2,2.76,2.76e-4,TRUE,Plot E__3__interval_end__26,1
Plot E,July,3,2025-07-11,interval_end,27,NA,NA,Orbicella annularis,480,cm2,3.1025,3.1025e-4,TRUE,Plot E__3__interval_end__27,1
Plot E,July,3,2025-07-11,interval_end,28,NA,NA,Orbicella annularis,480,cm2,8.0475,8.047499999999999e-4,TRUE,Plot E__3__interval_end__28,1
Plot E,July,3,2025-07-11,interval_end,29,NA,NA,Orbicella annularis,480,cm2,0.9975,9.975e-5,TRUE,Plot E__3__interval_end__29,1
Plot E,July,3,2025-07-11,interval_end,3,NA,NA,Orbicella franksi,480,cm2,4.4275,4.4275e-4,TRUE,Plot E__3__interval_end__3,1
Plot E,July,3,2025-07-11,interval_end,30,NA,NA,Orbicella annularis,480,cm2,0,0,FALSE,Plot E__3__interval_end__30,1
Plot E,July,3,2025-07-11,interval_end,31,NA,NA,Orbicella annularis,480,cm2,9.1025,9.102499999999999e-4,TRUE,Plot E__3__interval_end__31,1
Plot E,July,3,2025-07-11,interval_end,32,NA,NA,Acropora palmata,480,cm2,783.97,0.078397,TRUE,Plot E__3__interval_end__32,1
Plot E,July,3,2025-07-11,interval_end,33,NA,NA,Orbicella annularis,480,cm2,2.8225,2.8225e-4,TRUE,Plot E__3__interval_end__33,1
Plot E,July,3,2025-07-11,interval_end,34,NA,NA,Orbicella annularis,480,cm2,3.0675,3.0675e-4,TRUE,Plot E__3__interval_end__34,1
Plot E,July,3,2025-07-11,interval_end,35,NA,NA,Orbicella annularis,480,cm2,0.54,5.4000000000000005e-5,TRUE,Plot E__3__interval_end__35,1
Plot E,July,3,2025-07-11,interval_end,36,NA,NA,Orbicella annularis,480,cm2,1.735,1.7350000000000002e-4,TRUE,Plot E__3__interval_end__36,1
Plot E,July,3,2025-07-11,interval_end,38,NA,NA,Orbicella franksi,480,cm2,5.985,5.985000000000001e-4,TRUE,Plot E__3__interval_end__38,1
Plot E,July,3,2025-07-11,interval_end,39,NA,NA,Orbicella franksi,480,cm2,5.75,5.75e-4,TRUE,Plot E__3__interval_end__39,1
Plot E,July,3,2025-07-11,interval_end,4,NA,NA,Orbicella franksi,480,cm2,5.025,5.025e-4,TRUE,Plot E__3__interval_end__4,1
Plot E,July,3,2025-07-11,interval_end,40,NA,NA,Orbicella franksi,480,cm2,5.7025,5.7025e-4,TRUE,Plot E__3__interval_end__40,1
Plot E,July,3,2025-07-11,interval_end,41,NA,NA,Orbicella franksi,480,cm2,5.0125,5.012500000000001e-4,TRUE,Plot E__3__interval_end__41,1
Plot E,July,3,2025-07-11,interval_end,42,NA,NA,Orbicella franksi,480,cm2,6.3425,6.3425e-4,TRUE,Plot E__3__interval_end__42,1
Plot E,July,3,2025-07-11,interval_end,43,NA,NA,Orbicella franksi,480,cm2,6.0425,6.042500000000001e-4,TRUE,Plot E__3__interval_end__43,1
Plot E,July,3,2025-07-11,interval_end,44,NA,NA,Orbicella franksi,480,cm2,4.73,4.7300000000000006e-4,TRUE,Plot E__3__interval_end__44,1
Plot E,July,3,2025-07-11,interval_end,45,NA,NA,Orbicella franksi,480,cm2,6.145,6.144999999999999e-4,TRUE,Plot E__3__interval_end__45,1
Plot E,July,3,2025-07-11,interval_end,46,NA,NA,Orbicella franksi,480,cm2,5.09,5.09e-4,TRUE,Plot E__3__interval_end__46,1
Plot E,July,3,2025-07-11,interval_end,47,NA,NA,Orbicella annularis,480,cm2,5.77,5.769999999999999e-4,TRUE,Plot E__3__interval_end__47,1
Plot E,July,3,2025-07-11,interval_end,48,NA,NA,Orbicella annularis,480,cm2,2.3525,2.3525e-4,TRUE,Plot E__3__interval_end__48,1
Plot E,July,3,2025-07-11,interval_end,49,NA,NA,Orbicella annularis,480,cm2,5.4275,5.4275e-4,TRUE,Plot E__3__interval_end__49,1
Plot E,July,3,2025-07-11,interval_end,5,NA,NA,Orbicella franksi,480,cm2,4.9525,4.952499999999999e-4,TRUE,Plot E__3__interval_end__5,1
Plot E,July,3,2025-07-11,interval_end,50,NA,NA,Orbicella annularis,480,cm2,4.755,4.755e-4,TRUE,Plot E__3__interval_end__50,1
Plot E,July,3,2025-07-11,interval_end,51,NA,NA,Orbicella annularis,480,cm2,6.975,6.975e-4,TRUE,Plot E__3__interval_end__51,1
Plot E,July,3,2025-07-11,interval_end,52,NA,NA,Orbicella annularis,480,cm2,16.8775,0.00168775,TRUE,Plot E__3__interval_end__52,1
Plot E,July,3,2025-07-11,interval_end,53,NA,NA,Orbicella annularis,480,cm2,6.7625,6.7625e-4,TRUE,Plot E__3__interval_end__53,1
Plot E,July,3,2025-07-11,interval_end,54,NA,NA,Orbicella annularis,480,cm2,5.33,5.33e-4,TRUE,Plot E__3__interval_end__54,1
Plot E,July,3,2025-07-11,interval_end,55,NA,NA,Orbicella faveolata,480,cm2,8.975,8.975e-4,TRUE,Plot E__3__interval_end__55,1
Plot E,July,3,2025-07-11,interval_end,56,NA,NA,Orbicella faveolata,480,cm2,4.1025,4.1025e-4,TRUE,Plot E__3__interval_end__56,1
Plot E,July,3,2025-07-11,interval_end,57,NA,NA,Orbicella faveolata,480,cm2,4.27,4.2699999999999997e-4,TRUE,Plot E__3__interval_end__57,1
Plot E,July,3,2025-07-11,interval_end,58,NA,NA,Acropora palmata,480,cm2,9,9e-4,TRUE,Plot E__3__interval_end__58,1
Plot E,July,3,2025-07-11,interval_end,59,NA,NA,Acropora palmata,480,cm2,10.5825,0.00105825,TRUE,Plot E__3__interval_end__59,1
Plot E,July,3,2025-07-11,interval_end,6,NA,NA,Orbicella franksi,480,cm2,3.975,3.975e-4,TRUE,Plot E__3__interval_end__6,1
Plot E,July,3,2025-07-11,interval_end,60,NA,NA,Acropora palmata,480,cm2,18.5625,0.00185625,TRUE,Plot E__3__interval_end__60,1
Plot E,July,3,2025-07-11,interval_end,61,NA,NA,Acropora palmata,480,cm2,9.3575,9.3575e-4,TRUE,Plot E__3__interval_end__61,1
Plot E,July,3,2025-07-11,interval_end,62,NA,NA,Acropora palmata,480,cm2,12.1525,0.00121525,TRUE,Plot E__3__interval_end__62,1
Plot E,July,3,2025-07-11,interval_end,8,NA,NA,Orbicella franksi,480,cm2,5.1375,5.1375e-4,TRUE,Plot E__3__interval_end__8,1
Plot E,July,3,2025-07-11,interval_end,9,NA,NA,Orbicella franksi,480,cm2,5.15,5.15e-4,TRUE,Plot E__3__interval_end__9,1
Plot E,August,4,2025-08-04,interval_end,0,NA,NA,Orbicella annularis,480,cm2,0,0,FALSE,Plot E__4__interval_end__0,1
Plot E,August,4,2025-08-04,interval_end,11,NA,NA,Orbicella franksi,480,cm2,4.435,4.4349999999999994e-4,TRUE,Plot E__4__interval_end__11,1
Plot E,August,4,2025-08-04,interval_end,13,NA,NA,Orbicella franksi,480,cm2,3.545,3.545e-4,TRUE,Plot E__4__interval_end__13,1
Plot E,August,4,2025-08-04,interval_end,14,NA,NA,Orbicella franksi,480,cm2,2.9125,2.9125e-4,TRUE,Plot E__4__interval_end__14,1
Plot E,August,4,2025-08-04,interval_end,16,NA,NA,Orbicella annularis,480,cm2,9.0725,9.0725e-4,TRUE,Plot E__4__interval_end__16,1
Plot E,August,4,2025-08-04,interval_end,18,NA,NA,Orbicella annularis,480,cm2,3.3275,3.3275000000000004e-4,TRUE,Plot E__4__interval_end__18,1
Plot E,August,4,2025-08-04,interval_end,19,NA,NA,Orbicella annularis,480,cm2,9.6375,9.6375e-4,TRUE,Plot E__4__interval_end__19,1
Plot E,August,4,2025-08-04,interval_end,2,NA,NA,Orbicella franksi,480,cm2,5.5075,5.5075e-4,TRUE,Plot E__4__interval_end__2,1
Plot E,August,4,2025-08-04,interval_end,20,NA,NA,Orbicella annularis,480,cm2,5.445,5.445000000000001e-4,TRUE,Plot E__4__interval_end__20,1
Plot E,August,4,2025-08-04,interval_end,21,NA,NA,Orbicella annularis,480,cm2,29.9525,0.0029952499999999996,TRUE,Plot E__4__interval_end__21,1
Plot E,August,4,2025-08-04,interval_end,22,NA,NA,Orbicella annularis,480,cm2,3.35,3.35e-4,TRUE,Plot E__4__interval_end__22,1
Plot E,August,4,2025-08-04,interval_end,24,NA,NA,Orbicella annularis,480,cm2,0.7675,7.675e-5,TRUE,Plot E__4__interval_end__24,1
Plot E,August,4,2025-08-04,interval_end,25,NA,NA,Orbicella annularis,480,cm2,10.13,0.001013,TRUE,Plot E__4__interval_end__25,1
Plot E,August,4,2025-08-04,interval_end,26,NA,NA,Orbicella annularis,480,cm2,2.565,2.565e-4,TRUE,Plot E__4__interval_end__26,1
Plot E,August,4,2025-08-04,interval_end,27,NA,NA,Orbicella annularis,480,cm2,4.0175,4.0175e-4,TRUE,Plot E__4__interval_end__27,1
Plot E,August,4,2025-08-04,interval_end,28,NA,NA,Orbicella annularis,480,cm2,8.615,8.615000000000001e-4,TRUE,Plot E__4__interval_end__28,1
Plot E,August,4,2025-08-04,interval_end,29,NA,NA,Orbicella annularis,480,cm2,1.185,1.1850000000000001e-4,TRUE,Plot E__4__interval_end__29,1
Plot E,August,4,2025-08-04,interval_end,3,NA,NA,Orbicella franksi,480,cm2,4.3675,4.3674999999999996e-4,TRUE,Plot E__4__interval_end__3,1
Plot E,August,4,2025-08-04,interval_end,31,NA,NA,Orbicella annularis,480,cm2,10.51,0.001051,TRUE,Plot E__4__interval_end__31,1
Plot E,August,4,2025-08-04,interval_end,32,NA,NA,Acropora palmata,480,cm2,818.5274999999999,0.08185274999999999,TRUE,Plot E__4__interval_end__32,1
Plot E,August,4,2025-08-04,interval_end,33,NA,NA,Orbicella annularis,480,cm2,3.255,3.255e-4,TRUE,Plot E__4__interval_end__33,1
Plot E,August,4,2025-08-04,interval_end,34,NA,NA,Orbicella annularis,480,cm2,4.065,4.065e-4,TRUE,Plot E__4__interval_end__34,1
Plot E,August,4,2025-08-04,interval_end,35,NA,NA,Orbicella annularis,480,cm2,0.6225,6.225000000000001e-5,TRUE,Plot E__4__interval_end__35,1
Plot E,August,4,2025-08-04,interval_end,36,NA,NA,Orbicella annularis,480,cm2,1.7125,1.7125e-4,TRUE,Plot E__4__interval_end__36,1
Plot E,August,4,2025-08-04,interval_end,38,NA,NA,Orbicella franksi,480,cm2,5.8125,5.8125e-4,TRUE,Plot E__4__interval_end__38,1
Plot E,August,4,2025-08-04,interval_end,39,NA,NA,Orbicella franksi,480,cm2,5.825,5.825e-4,TRUE,Plot E__4__interval_end__39,1
Plot E,August,4,2025-08-04,interval_end,4,NA,NA,Orbicella franksi,480,cm2,5.385,5.385e-4,TRUE,Plot E__4__interval_end__4,1
Plot E,August,4,2025-08-04,interval_end,40,NA,NA,Orbicella franksi,480,cm2,5.2375,5.2375e-4,TRUE,Plot E__4__interval_end__40,1
Plot E,August,4,2025-08-04,interval_end,41,NA,NA,Orbicella franksi,480,cm2,5.435,5.434999999999999e-4,TRUE,Plot E__4__interval_end__41,1
Plot E,August,4,2025-08-04,interval_end,42,NA,NA,Orbicella franksi,480,cm2,6.49,0.00064900000000000005,TRUE,Plot E__4__interval_end__42,1
Plot E,August,4,2025-08-04,interval_end,43,NA,NA,Orbicella franksi,480,cm2,6.1875,6.1875e-4,TRUE,Plot E__4__interval_end__43,1
Plot E,August,4,2025-08-04,interval_end,44,NA,NA,Orbicella franksi,480,cm2,4.4675,4.4675000000000004e-4,TRUE,Plot E__4__interval_end__44,1
Plot E,August,4,2025-08-04,interval_end,45,NA,NA,Orbicella franksi,480,cm2,5.915,5.915e-4,TRUE,Plot E__4__interval_end__45,1
Plot E,August,4,2025-08-04,interval_end,46,NA,NA,Orbicella franksi,480,cm2,4.5025,4.5025e-4,TRUE,Plot E__4__interval_end__46,1
Plot E,August,4,2025-08-04,interval_end,47,NA,NA,Orbicella annularis,480,cm2,5.5475,5.5475e-4,TRUE,Plot E__4__interval_end__47,1
Plot E,August,4,2025-08-04,interval_end,48,NA,NA,Orbicella annularis,480,cm2,2.22,2.2200000000000003e-4,TRUE,Plot E__4__interval_end__48,1
Plot E,August,4,2025-08-04,interval_end,49,NA,NA,Orbicella annularis,480,cm2,6.345,6.345e-4,TRUE,Plot E__4__interval_end__49,1
Plot E,August,4,2025-08-04,interval_end,5,NA,NA,Orbicella franksi,480,cm2,4.795,4.795e-4,TRUE,Plot E__4__interval_end__5,1
Plot E,August,4,2025-08-04,interval_end,50,NA,NA,Orbicella annularis,480,cm2,5.3025,5.3025e-4,TRUE,Plot E__4__interval_end__50,1
Plot E,August,4,2025-08-04,interval_end,51,NA,NA,Orbicella annularis,480,cm2,6.9875,6.987499999999999e-4,TRUE,Plot E__4__interval_end__51,1
Plot E,August,4,2025-08-04,interval_end,52,NA,NA,Orbicella annularis,480,cm2,17.565,0.0017565,TRUE,Plot E__4__interval_end__52,1
Plot E,August,4,2025-08-04,interval_end,53,NA,NA,Orbicella annularis,480,cm2,6.5525,6.5525e-4,TRUE,Plot E__4__interval_end__53,1
Plot E,August,4,2025-08-04,interval_end,54,NA,NA,Orbicella annularis,480,cm2,5.9875,5.9875e-4,TRUE,Plot E__4__interval_end__54,1
Plot E,August,4,2025-08-04,interval_end,55,NA,NA,Orbicella faveolata,480,cm2,9.1725,9.1725e-4,TRUE,Plot E__4__interval_end__55,1
Plot E,August,4,2025-08-04,interval_end,56,NA,NA,Orbicella faveolata,480,cm2,5.2875,5.287499999999999e-4,TRUE,Plot E__4__interval_end__56,1
Plot E,August,4,2025-08-04,interval_end,57,NA,NA,Orbicella faveolata,480,cm2,6.4775,6.4775e-4,TRUE,Plot E__4__interval_end__57,1
Plot E,August,4,2025-08-04,interval_end,58,NA,NA,Acropora palmata,480,cm2,20.9375,0.00209375,TRUE,Plot E__4__interval_end__58,1
Plot E,August,4,2025-08-04,interval_end,59,NA,NA,Acropora palmata,480,cm2,22.0525,0.0022052499999999997,TRUE,Plot E__4__interval_end__59,1
Plot E,August,4,2025-08-04,interval_end,6,NA,NA,Orbicella franksi,480,cm2,3.69,3.6899999999999997e-4,TRUE,Plot E__4__interval_end__6,1
Plot E,August,4,2025-08-04,interval_end,60,NA,NA,Acropora palmata,480,cm2,26.4,0.00264,TRUE,Plot E__4__interval_end__60,1
Plot E,August,4,2025-08-04,interval_end,61,NA,NA,Acropora palmata,480,cm2,13.925,0.0013925,TRUE,Plot E__4__interval_end__61,1
Plot E,August,4,2025-08-04,interval_end,62,NA,NA,Acropora palmata,480,cm2,15.55,0.0015550000000000002,TRUE,Plot E__4__interval_end__62,1
Plot E,August,4,2025-08-04,interval_end,63,NA,NA,Orbicella sp.,480,cm2,4.255,4.255e-4,TRUE,Plot E__4__interval_end__63,1
Plot E,August,4,2025-08-04,interval_end,64,NA,NA,Orbicella sp.,480,cm2,2.92,2.92e-4,TRUE,Plot E__4__interval_end__64,1
Plot E,August,4,2025-08-04,interval_end,8,NA,NA,Orbicella franksi,480,cm2,5.435,5.434999999999999e-4,TRUE,Plot E__4__interval_end__8,1
Plot E,August,4,2025-08-04,interval_end,9,NA,NA,Orbicella franksi,480,cm2,5.7575,5.7575e-4,TRUE,Plot E__4__interval_end__9,1
Plot E,September,5,2025-09-08,interval_end,11,NA,NA,Orbicella franksi,480,cm2,4.375,4.375e-4,TRUE,Plot E__5__interval_end__11,1
Plot E,September,5,2025-09-08,interval_end,13,NA,NA,Orbicella franksi,480,cm2,3.44,3.44e-4,TRUE,Plot E__5__interval_end__13,1
Plot E,September,5,2025-09-08,interval_end,14,NA,NA,Orbicella franksi,480,cm2,4.4375,4.4375e-4,TRUE,Plot E__5__interval_end__14,1
Plot E,September,5,2025-09-08,interval_end,16,NA,NA,Orbicella annularis,480,cm2,8.9725,8.9725e-4,TRUE,Plot E__5__interval_end__16,1
Plot E,September,5,2025-09-08,interval_end,18,NA,NA,Orbicella annularis,480,cm2,3.5775,3.5775e-4,TRUE,Plot E__5__interval_end__18,1
Plot E,September,5,2025-09-08,interval_end,19,NA,NA,Orbicella annularis,480,cm2,9.555,9.555000000000001e-4,TRUE,Plot E__5__interval_end__19,1
Plot E,September,5,2025-09-08,interval_end,2,NA,NA,Orbicella franksi,480,cm2,5.26,5.26e-4,TRUE,Plot E__5__interval_end__2,1
Plot E,September,5,2025-09-08,interval_end,20,NA,NA,Orbicella annularis,480,cm2,5.6525,5.6525e-4,TRUE,Plot E__5__interval_end__20,1
Plot E,September,5,2025-09-08,interval_end,21,NA,NA,Orbicella annularis,480,cm2,89.13499999999999,0.0089135,TRUE,Plot E__5__interval_end__21,1
Plot E,September,5,2025-09-08,interval_end,22,NA,NA,Orbicella annularis,480,cm2,3.9625,3.9625e-4,TRUE,Plot E__5__interval_end__22,1
Plot E,September,5,2025-09-08,interval_end,24,NA,NA,Orbicella annularis,480,cm2,0.6125,6.125e-5,TRUE,Plot E__5__interval_end__24,1
Plot E,September,5,2025-09-08,interval_end,25,NA,NA,Orbicella annularis,480,cm2,10.495,0.0010494999999999999,TRUE,Plot E__5__interval_end__25,1
Plot E,September,5,2025-09-08,interval_end,26,NA,NA,Orbicella annularis,480,cm2,2.7175,2.7174999999999996e-4,TRUE,Plot E__5__interval_end__26,1
Plot E,September,5,2025-09-08,interval_end,27,NA,NA,Orbicella annularis,480,cm2,4.5225,4.5225e-4,TRUE,Plot E__5__interval_end__27,1
Plot E,September,5,2025-09-08,interval_end,28,NA,NA,Orbicella annularis,480,cm2,9.315,9.314999999999999e-4,TRUE,Plot E__5__interval_end__28,1
Plot E,September,5,2025-09-08,interval_end,29,NA,NA,Orbicella annularis,480,cm2,1.2625,1.2625e-4,TRUE,Plot E__5__interval_end__29,1
Plot E,September,5,2025-09-08,interval_end,3,NA,NA,Orbicella franksi,480,cm2,4.6625,4.6625e-4,TRUE,Plot E__5__interval_end__3,1
Plot E,September,5,2025-09-08,interval_end,31,NA,NA,Orbicella annularis,480,cm2,11.1625,0.00111625,TRUE,Plot E__5__interval_end__31,1
Plot E,September,5,2025-09-08,interval_end,32,NA,NA,Acropora palmata,480,cm2,304.465,0.030446499999999998,TRUE,Plot E__5__interval_end__32,1
Plot E,September,5,2025-09-08,interval_end,33,NA,NA,Orbicella annularis,480,cm2,3.6275,3.6275e-4,TRUE,Plot E__5__interval_end__33,1
Plot E,September,5,2025-09-08,interval_end,34,NA,NA,Orbicella annularis,480,cm2,4.4875,4.4875e-4,TRUE,Plot E__5__interval_end__34,1
Plot E,September,5,2025-09-08,interval_end,35,NA,NA,Orbicella annularis,480,cm2,0.645,6.45e-5,TRUE,Plot E__5__interval_end__35,1
Plot E,September,5,2025-09-08,interval_end,36,NA,NA,Orbicella annularis,480,cm2,1.9775,1.9775e-4,TRUE,Plot E__5__interval_end__36,1
Plot E,September,5,2025-09-08,interval_end,38,NA,NA,Orbicella franksi,480,cm2,4.39,4.39e-4,TRUE,Plot E__5__interval_end__38,1
Plot E,September,5,2025-09-08,interval_end,39,NA,NA,Orbicella franksi,480,cm2,6.0425,6.042500000000001e-4,TRUE,Plot E__5__interval_end__39,1
Plot E,September,5,2025-09-08,interval_end,4,NA,NA,Orbicella franksi,480,cm2,5.3725,5.3725e-4,TRUE,Plot E__5__interval_end__4,1
Plot E,September,5,2025-09-08,interval_end,40,NA,NA,Orbicella franksi,480,cm2,5.7525,5.7525e-4,TRUE,Plot E__5__interval_end__40,1
Plot E,September,5,2025-09-08,interval_end,41,NA,NA,Orbicella franksi,480,cm2,6.105,6.105e-4,TRUE,Plot E__5__interval_end__41,1
Plot E,September,5,2025-09-08,interval_end,42,NA,NA,Orbicella franksi,480,cm2,6.6775,6.6775e-4,TRUE,Plot E__5__interval_end__42,1
Plot E,September,5,2025-09-08,interval_end,43,NA,NA,Orbicella franksi,480,cm2,5.65,5.650000000000001e-4,TRUE,Plot E__5__interval_end__43,1
Plot E,September,5,2025-09-08,interval_end,44,NA,NA,Orbicella franksi,480,cm2,5.0525,5.052500000000001e-4,TRUE,Plot E__5__interval_end__44,1
Plot E,September,5,2025-09-08,interval_end,45,NA,NA,Orbicella franksi,480,cm2,6.565,6.565000000000001e-4,TRUE,Plot E__5__interval_end__45,1
Plot E,September,5,2025-09-08,interval_end,46,NA,NA,Orbicella franksi,480,cm2,5.2675,5.2675e-4,TRUE,Plot E__5__interval_end__46,1
Plot E,September,5,2025-09-08,interval_end,47,NA,NA,Orbicella annularis,480,cm2,6.1125,6.1125e-4,TRUE,Plot E__5__interval_end__47,1
Plot E,September,5,2025-09-08,interval_end,48,NA,NA,Orbicella annularis,480,cm2,2.1775,2.1775000000000003e-4,TRUE,Plot E__5__interval_end__48,1
Plot E,September,5,2025-09-08,interval_end,49,NA,NA,Orbicella annularis,480,cm2,6.13,6.129999999999999e-4,TRUE,Plot E__5__interval_end__49,1
Plot E,September,5,2025-09-08,interval_end,5,NA,NA,Orbicella franksi,480,cm2,4.575,4.575e-4,TRUE,Plot E__5__interval_end__5,1
Plot E,September,5,2025-09-08,interval_end,50,NA,NA,Orbicella annularis,480,cm2,4.335,4.335e-4,TRUE,Plot E__5__interval_end__50,1
Plot E,September,5,2025-09-08,interval_end,51,NA,NA,Orbicella annularis,480,cm2,7.0425,7.0425e-4,TRUE,Plot E__5__interval_end__51,1
Plot E,September,5,2025-09-08,interval_end,52,NA,NA,Orbicella annularis,480,cm2,32.5225,0.00325225,TRUE,Plot E__5__interval_end__52,1
Plot E,September,5,2025-09-08,interval_end,53,NA,NA,Orbicella annularis,480,cm2,7.725,7.725e-4,TRUE,Plot E__5__interval_end__53,1
Plot E,September,5,2025-09-08,interval_end,54,NA,NA,Orbicella annularis,480,cm2,7.3075,7.307500000000001e-4,TRUE,Plot E__5__interval_end__54,1
Plot E,September,5,2025-09-08,interval_end,55,NA,NA,Orbicella faveolata,480,cm2,9.9625,9.9625e-4,TRUE,Plot E__5__interval_end__55,1
Plot E,September,5,2025-09-08,interval_end,56,NA,NA,Orbicella faveolata,480,cm2,5.9225,5.9225e-4,TRUE,Plot E__5__interval_end__56,1
Plot E,September,5,2025-09-08,interval_end,57,NA,NA,Orbicella faveolata,480,cm2,7.2125,7.2125e-4,TRUE,Plot E__5__interval_end__57,1
Plot E,September,5,2025-09-08,interval_end,58,NA,NA,Acropora palmata,480,cm2,18.3825,0.00183825,TRUE,Plot E__5__interval_end__58,1
Plot E,September,5,2025-09-08,interval_end,59,NA,NA,Acropora palmata,480,cm2,23.5825,0.00235825,TRUE,Plot E__5__interval_end__59,1
Plot E,September,5,2025-09-08,interval_end,6,NA,NA,Orbicella franksi,480,cm2,4.105,4.1050000000000006e-4,TRUE,Plot E__5__interval_end__6,1
Plot E,September,5,2025-09-08,interval_end,60,NA,NA,Acropora palmata,480,cm2,27.7475,0.00277475,TRUE,Plot E__5__interval_end__60,1
Plot E,September,5,2025-09-08,interval_end,61,NA,NA,Acropora palmata,480,cm2,16.77,0.0016769999999999999,TRUE,Plot E__5__interval_end__61,1
Plot E,September,5,2025-09-08,interval_end,62,NA,NA,Acropora palmata,480,cm2,17.1675,0.00171675,TRUE,Plot E__5__interval_end__62,1
Plot E,September,5,2025-09-08,interval_end,63,NA,NA,Orbicella sp.,480,cm2,4.7325,4.7325e-4,TRUE,Plot E__5__interval_end__63,1
Plot E,September,5,2025-09-08,interval_end,64,NA,NA,Orbicella sp.,480,cm2,3.1825,3.1825e-4,TRUE,Plot E__5__interval_end__64,1
Plot E,September,5,2025-09-08,interval_end,8,NA,NA,Orbicella franksi,480,cm2,5.6775,5.6775e-4,TRUE,Plot E__5__interval_end__8,1
Plot E,September,5,2025-09-08,interval_end,9,NA,NA,Orbicella franksi,480,cm2,6.5925,6.5925e-4,TRUE,Plot E__5__interval_end__9,1
Plot E,October,6,2025-10-14,interval_end,11,NA,NA,Orbicella franksi,480,cm2,4.0575,4.0575e-4,TRUE,Plot E__6__interval_end__11,1
Plot E,October,6,2025-10-14,interval_end,13,NA,NA,Orbicella franksi,480,cm2,2.92,2.92e-4,TRUE,Plot E__6__interval_end__13,1
Plot E,October,6,2025-10-14,interval_end,14,NA,NA,Orbicella franksi,480,cm2,3.39,3.39e-4,TRUE,Plot E__6__interval_end__14,1
Plot E,October,6,2025-10-14,interval_end,16,NA,NA,Orbicella annularis,480,cm2,8.965,8.964999999999999e-4,TRUE,Plot E__6__interval_end__16,1
Plot E,October,6,2025-10-14,interval_end,18,NA,NA,Orbicella annularis,480,cm2,4.0925,4.0925e-4,TRUE,Plot E__6__interval_end__18,1
Plot E,October,6,2025-10-14,interval_end,19,NA,NA,Orbicella annularis,480,cm2,22.525,0.0022524999999999997,TRUE,Plot E__6__interval_end__19,1
Plot E,October,6,2025-10-14,interval_end,2,NA,NA,Orbicella franksi,480,cm2,5.09,5.09e-4,TRUE,Plot E__6__interval_end__2,1
Plot E,October,6,2025-10-14,interval_end,20,NA,NA,Orbicella annularis,480,cm2,5.8925,5.8925e-4,TRUE,Plot E__6__interval_end__20,1
Plot E,October,6,2025-10-14,interval_end,21,NA,NA,Orbicella annularis,480,cm2,69.49,0.0069489999999999994,TRUE,Plot E__6__interval_end__21,1
Plot E,October,6,2025-10-14,interval_end,22,NA,NA,Orbicella annularis,480,cm2,4.5275,4.5275e-4,TRUE,Plot E__6__interval_end__22,1
Plot E,October,6,2025-10-14,interval_end,24,NA,NA,Orbicella annularis,480,cm2,0.675,6.75e-5,TRUE,Plot E__6__interval_end__24,1
Plot E,October,6,2025-10-14,interval_end,25,NA,NA,Orbicella annularis,480,cm2,10.955,0.0010955,TRUE,Plot E__6__interval_end__25,1
Plot E,October,6,2025-10-14,interval_end,26,NA,NA,Orbicella annularis,480,cm2,2.82,2.8199999999999997e-4,TRUE,Plot E__6__interval_end__26,1
Plot E,October,6,2025-10-14,interval_end,27,NA,NA,Orbicella annularis,480,cm2,4.945,4.945e-4,TRUE,Plot E__6__interval_end__27,1
Plot E,October,6,2025-10-14,interval_end,28,NA,NA,Orbicella annularis,480,cm2,9.805,9.805e-4,TRUE,Plot E__6__interval_end__28,1
Plot E,October,6,2025-10-14,interval_end,29,NA,NA,Orbicella annularis,480,cm2,1.2925,1.2925e-4,TRUE,Plot E__6__interval_end__29,1
Plot E,October,6,2025-10-14,interval_end,3,NA,NA,Orbicella franksi,480,cm2,4.27,4.2699999999999997e-4,TRUE,Plot E__6__interval_end__3,1
Plot E,October,6,2025-10-14,interval_end,31,NA,NA,Orbicella annularis,480,cm2,12.1575,0.00121575,TRUE,Plot E__6__interval_end__31,1
Plot E,October,6,2025-10-14,interval_end,32,NA,NA,Acropora palmata,480,cm2,303.265,0.0303265,TRUE,Plot E__6__interval_end__32,1
Plot E,October,6,2025-10-14,interval_end,33,NA,NA,Orbicella annularis,480,cm2,3.9225,3.9224999999999997e-4,TRUE,Plot E__6__interval_end__33,1
Plot E,October,6,2025-10-14,interval_end,34,NA,NA,Orbicella annularis,480,cm2,5.4925,5.492499999999999e-4,TRUE,Plot E__6__interval_end__34,1
Plot E,October,6,2025-10-14,interval_end,35,NA,NA,Orbicella annularis,480,cm2,0.695,6.95e-5,TRUE,Plot E__6__interval_end__35,1
Plot E,October,6,2025-10-14,interval_end,36,NA,NA,Orbicella annularis,480,cm2,2.05,2.05e-4,TRUE,Plot E__6__interval_end__36,1
Plot E,October,6,2025-10-14,interval_end,38,NA,NA,Orbicella franksi,480,cm2,6.51,6.51e-4,TRUE,Plot E__6__interval_end__38,1
Plot E,October,6,2025-10-14,interval_end,39,NA,NA,Orbicella franksi,480,cm2,6.02,6.02e-4,TRUE,Plot E__6__interval_end__39,1
Plot E,October,6,2025-10-14,interval_end,4,NA,NA,Orbicella franksi,480,cm2,5.4025,5.402499999999999e-4,TRUE,Plot E__6__interval_end__4,1
Plot E,October,6,2025-10-14,interval_end,40,NA,NA,Orbicella franksi,480,cm2,5.4225,5.4225e-4,TRUE,Plot E__6__interval_end__40,1
Plot E,October,6,2025-10-14,interval_end,41,NA,NA,Orbicella franksi,480,cm2,5.9425,5.942499999999999e-4,TRUE,Plot E__6__interval_end__41,1
Plot E,October,6,2025-10-14,interval_end,42,NA,NA,Orbicella franksi,480,cm2,6.745,6.745e-4,TRUE,Plot E__6__interval_end__42,1
Plot E,October,6,2025-10-14,interval_end,43,NA,NA,Orbicella franksi,480,cm2,6.39,6.389999999999999e-4,TRUE,Plot E__6__interval_end__43,1
Plot E,October,6,2025-10-14,interval_end,44,NA,NA,Orbicella franksi,480,cm2,4.77,4.7699999999999994e-4,TRUE,Plot E__6__interval_end__44,1
Plot E,October,6,2025-10-14,interval_end,45,NA,NA,Orbicella franksi,480,cm2,6.4625,6.4625e-4,TRUE,Plot E__6__interval_end__45,1
Plot E,October,6,2025-10-14,interval_end,46,NA,NA,Orbicella franksi,480,cm2,5.215,5.214999999999999e-4,TRUE,Plot E__6__interval_end__46,1
Plot E,October,6,2025-10-14,interval_end,47,NA,NA,Orbicella annularis,480,cm2,6.3,6.3e-4,TRUE,Plot E__6__interval_end__47,1
Plot E,October,6,2025-10-14,interval_end,48,NA,NA,Orbicella annularis,480,cm2,2.555,2.5550000000000003e-4,TRUE,Plot E__6__interval_end__48,1
Plot E,October,6,2025-10-14,interval_end,49,NA,NA,Orbicella annularis,480,cm2,6.3575,6.3575e-4,TRUE,Plot E__6__interval_end__49,1
Plot E,October,6,2025-10-14,interval_end,5,NA,NA,Orbicella franksi,480,cm2,5.15,5.15e-4,TRUE,Plot E__6__interval_end__5,1
Plot E,October,6,2025-10-14,interval_end,50,NA,NA,Orbicella annularis,480,cm2,5.4575,5.4575e-4,TRUE,Plot E__6__interval_end__50,1
Plot E,October,6,2025-10-14,interval_end,51,NA,NA,Orbicella annularis,480,cm2,7.78,7.78e-4,TRUE,Plot E__6__interval_end__51,1
Plot E,October,6,2025-10-14,interval_end,52,NA,NA,Orbicella annularis,480,cm2,42.75,0.004275,TRUE,Plot E__6__interval_end__52,1
Plot E,October,6,2025-10-14,interval_end,53,NA,NA,Orbicella annularis,480,cm2,8.0175,8.0175e-4,TRUE,Plot E__6__interval_end__53,1
Plot E,October,6,2025-10-14,interval_end,54,NA,NA,Orbicella annularis,480,cm2,8.2725,8.272500000000001e-4,TRUE,Plot E__6__interval_end__54,1
Plot E,October,6,2025-10-14,interval_end,55,NA,NA,Orbicella faveolata,480,cm2,10.6525,0.00106525,TRUE,Plot E__6__interval_end__55,1
Plot E,October,6,2025-10-14,interval_end,56,NA,NA,Orbicella faveolata,480,cm2,7.57,7.570000000000001e-4,TRUE,Plot E__6__interval_end__56,1
Plot E,October,6,2025-10-14,interval_end,57,NA,NA,Orbicella faveolata,480,cm2,7.315,7.315e-4,TRUE,Plot E__6__interval_end__57,1
Plot E,October,6,2025-10-14,interval_end,58,NA,NA,Acropora palmata,480,cm2,15.405,0.0015405,TRUE,Plot E__6__interval_end__58,1
Plot E,October,6,2025-10-14,interval_end,59,NA,NA,Acropora palmata,480,cm2,21.28,0.002128,TRUE,Plot E__6__interval_end__59,1
Plot E,October,6,2025-10-14,interval_end,6,NA,NA,Orbicella franksi,480,cm2,4.035,4.035e-4,TRUE,Plot E__6__interval_end__6,1
Plot E,October,6,2025-10-14,interval_end,60,NA,NA,Acropora palmata,480,cm2,28.375,0.0028375,TRUE,Plot E__6__interval_end__60,1
Plot E,October,6,2025-10-14,interval_end,61,NA,NA,Acropora palmata,480,cm2,11.9325,0.0011932499999999999,TRUE,Plot E__6__interval_end__61,1
Plot E,October,6,2025-10-14,interval_end,62,NA,NA,Acropora palmata,480,cm2,17.06,0.0017059999999999998,TRUE,Plot E__6__interval_end__62,1
Plot E,October,6,2025-10-14,interval_end,63,NA,NA,Orbicella sp.,480,cm2,0,0,FALSE,Plot E__6__interval_end__63,1
Plot E,October,6,2025-10-14,interval_end,64,NA,NA,Orbicella sp.,480,cm2,3.1825,3.1825e-4,TRUE,Plot E__6__interval_end__64,1
Plot E,October,6,2025-10-14,interval_end,8,NA,NA,Orbicella franksi,480,cm2,5.515,5.515e-4,TRUE,Plot E__6__interval_end__8,1
Plot E,October,6,2025-10-14,interval_end,9,NA,NA,Orbicella franksi,480,cm2,6.815,6.815e-4,TRUE,Plot E__6__interval_end__9,1
Plot E,November,7,2025-11-06,interval_end,11,NA,NA,Orbicella franksi,480,cm2,4.755,4.755e-4,TRUE,Plot E__7__interval_end__11,1
Plot E,November,7,2025-11-06,interval_end,13,NA,NA,Orbicella franksi,480,cm2,3.83,3.83e-4,TRUE,Plot E__7__interval_end__13,1
Plot E,November,7,2025-11-06,interval_end,14,NA,NA,Orbicella franksi,480,cm2,3.39,3.39e-4,TRUE,Plot E__7__interval_end__14,1
Plot E,November,7,2025-11-06,interval_end,16,NA,NA,Orbicella annularis,480,cm2,9.71,9.710000000000001e-4,TRUE,Plot E__7__interval_end__16,1
Plot E,November,7,2025-11-06,interval_end,18,NA,NA,Orbicella annularis,480,cm2,3.4425,3.4425e-4,TRUE,Plot E__7__interval_end__18,1
Plot E,November,7,2025-11-06,interval_end,19,NA,NA,Orbicella annularis,480,cm2,11.9625,0.00119625,TRUE,Plot E__7__interval_end__19,1
Plot E,November,7,2025-11-06,interval_end,2,NA,NA,Orbicella franksi,480,cm2,5.05,5.05e-4,TRUE,Plot E__7__interval_end__2,1
Plot E,November,7,2025-11-06,interval_end,20,NA,NA,Orbicella annularis,480,cm2,5.66,5.66e-4,TRUE,Plot E__7__interval_end__20,1
Plot E,November,7,2025-11-06,interval_end,21,NA,NA,Orbicella annularis,480,cm2,35.2,0.00352,TRUE,Plot E__7__interval_end__21,1
Plot E,November,7,2025-11-06,interval_end,22,NA,NA,Orbicella annularis,480,cm2,3.8425,3.8425e-4,TRUE,Plot E__7__interval_end__22,1
Plot E,November,7,2025-11-06,interval_end,24,NA,NA,Orbicella annularis,480,cm2,0.725,7.25e-5,TRUE,Plot E__7__interval_end__24,1
Plot E,November,7,2025-11-06,interval_end,25,NA,NA,Orbicella annularis,480,cm2,22.29,0.002229,TRUE,Plot E__7__interval_end__25,1
Plot E,November,7,2025-11-06,interval_end,26,NA,NA,Orbicella annularis,480,cm2,2.525,2.525e-4,TRUE,Plot E__7__interval_end__26,1
Plot E,November,7,2025-11-06,interval_end,27,NA,NA,Orbicella annularis,480,cm2,4.045,4.0449999999999997e-4,TRUE,Plot E__7__interval_end__27,1
Plot E,November,7,2025-11-06,interval_end,28,NA,NA,Orbicella annularis,480,cm2,8.73,8.730000000000001e-4,TRUE,Plot E__7__interval_end__28,1
Plot E,November,7,2025-11-06,interval_end,29,NA,NA,Orbicella annularis,480,cm2,1.225,1.225e-4,TRUE,Plot E__7__interval_end__29,1
Plot E,November,7,2025-11-06,interval_end,3,NA,NA,Orbicella franksi,480,cm2,4.9425,4.9425e-4,TRUE,Plot E__7__interval_end__3,1
Plot E,November,7,2025-11-06,interval_end,31,NA,NA,Orbicella annularis,480,cm2,12.58,0.001258,TRUE,Plot E__7__interval_end__31,1
Plot E,November,7,2025-11-06,interval_end,32,NA,NA,Acropora palmata,480,cm2,328.705,0.0328705,TRUE,Plot E__7__interval_end__32,1
Plot E,November,7,2025-11-06,interval_end,33,NA,NA,Orbicella annularis,480,cm2,4.185,4.185e-4,TRUE,Plot E__7__interval_end__33,1
Plot E,November,7,2025-11-06,interval_end,34,NA,NA,Orbicella annularis,480,cm2,5.24,5.24e-4,TRUE,Plot E__7__interval_end__34,1
Plot E,November,7,2025-11-06,interval_end,35,NA,NA,Orbicella annularis,480,cm2,0.6,5.9999999999999995e-5,TRUE,Plot E__7__interval_end__35,1
Plot E,November,7,2025-11-06,interval_end,36,NA,NA,Orbicella annularis,480,cm2,1.98,1.98e-4,TRUE,Plot E__7__interval_end__36,1
Plot E,November,7,2025-11-06,interval_end,38,NA,NA,Orbicella franksi,480,cm2,6.185,6.184999999999999e-4,TRUE,Plot E__7__interval_end__38,1
Plot E,November,7,2025-11-06,interval_end,39,NA,NA,Orbicella franksi,480,cm2,6.215,6.215e-4,TRUE,Plot E__7__interval_end__39,1
Plot E,November,7,2025-11-06,interval_end,4,NA,NA,Orbicella franksi,480,cm2,9.005,9.005e-4,TRUE,Plot E__7__interval_end__4,1
Plot E,November,7,2025-11-06,interval_end,40,NA,NA,Orbicella franksi,480,cm2,5.6025,5.6025e-4,TRUE,Plot E__7__interval_end__40,1
Plot E,November,7,2025-11-06,interval_end,41,NA,NA,Orbicella franksi,480,cm2,5.5725,5.5725e-4,TRUE,Plot E__7__interval_end__41,1
Plot E,November,7,2025-11-06,interval_end,42,NA,NA,Orbicella franksi,480,cm2,6.51,6.51e-4,TRUE,Plot E__7__interval_end__42,1
Plot E,November,7,2025-11-06,interval_end,43,NA,NA,Orbicella franksi,480,cm2,6.4325,6.4325e-4,TRUE,Plot E__7__interval_end__43,1
Plot E,November,7,2025-11-06,interval_end,44,NA,NA,Orbicella franksi,480,cm2,4.8075,4.8075e-4,TRUE,Plot E__7__interval_end__44,1
Plot E,November,7,2025-11-06,interval_end,45,NA,NA,Orbicella franksi,480,cm2,6.3525,6.3525e-4,TRUE,Plot E__7__interval_end__45,1
Plot E,November,7,2025-11-06,interval_end,46,NA,NA,Orbicella franksi,480,cm2,4.9975,4.9975e-4,TRUE,Plot E__7__interval_end__46,1
Plot E,November,7,2025-11-06,interval_end,47,NA,NA,Orbicella annularis,480,cm2,6.075,6.075e-4,TRUE,Plot E__7__interval_end__47,1
Plot E,November,7,2025-11-06,interval_end,48,NA,NA,Orbicella annularis,480,cm2,2.5725,2.5725e-4,TRUE,Plot E__7__interval_end__48,1
Plot E,November,7,2025-11-06,interval_end,49,NA,NA,Orbicella annularis,480,cm2,5.3125,5.3125e-4,TRUE,Plot E__7__interval_end__49,1
Plot E,November,7,2025-11-06,interval_end,5,NA,NA,Orbicella franksi,480,cm2,7.2675,7.2675e-4,TRUE,Plot E__7__interval_end__5,1
Plot E,November,7,2025-11-06,interval_end,50,NA,NA,Orbicella annularis,480,cm2,5.5325,5.532499999999999e-4,TRUE,Plot E__7__interval_end__50,1
Plot E,November,7,2025-11-06,interval_end,51,NA,NA,Orbicella annularis,480,cm2,6.2625,6.262500000000001e-4,TRUE,Plot E__7__interval_end__51,1
Plot E,November,7,2025-11-06,interval_end,52,NA,NA,Orbicella annularis,480,cm2,20.1625,0.0020162500000000002,TRUE,Plot E__7__interval_end__52,1
Plot E,November,7,2025-11-06,interval_end,53,NA,NA,Orbicella annularis,480,cm2,8.0675,8.067500000000001e-4,TRUE,Plot E__7__interval_end__53,1
Plot E,November,7,2025-11-06,interval_end,54,NA,NA,Orbicella annularis,480,cm2,7.1,7.099999999999999e-4,TRUE,Plot E__7__interval_end__54,1
Plot E,November,7,2025-11-06,interval_end,55,NA,NA,Orbicella faveolata,480,cm2,10.1575,0.0010157500000000002,TRUE,Plot E__7__interval_end__55,1
Plot E,November,7,2025-11-06,interval_end,56,NA,NA,Orbicella faveolata,480,cm2,6.48,6.48e-4,TRUE,Plot E__7__interval_end__56,1
Plot E,November,7,2025-11-06,interval_end,57,NA,NA,Orbicella faveolata,480,cm2,7.2775,7.2775e-4,TRUE,Plot E__7__interval_end__57,1
Plot E,November,7,2025-11-06,interval_end,58,NA,NA,Acropora palmata,480,cm2,15.395,0.0015394999999999999,TRUE,Plot E__7__interval_end__58,1
Plot E,November,7,2025-11-06,interval_end,59,NA,NA,Acropora palmata,480,cm2,21.14,0.002114,TRUE,Plot E__7__interval_end__59,1
Plot E,November,7,2025-11-06,interval_end,6,NA,NA,Orbicella franksi,480,cm2,5.48,5.480000000000001e-4,TRUE,Plot E__7__interval_end__6,1
Plot E,November,7,2025-11-06,interval_end,60,NA,NA,Acropora palmata,480,cm2,26.4475,0.00264475,TRUE,Plot E__7__interval_end__60,1
Plot E,November,7,2025-11-06,interval_end,61,NA,NA,Acropora palmata,480,cm2,18.6825,0.0018682500000000001,TRUE,Plot E__7__interval_end__61,1
Plot E,November,7,2025-11-06,interval_end,62,NA,NA,Acropora palmata,480,cm2,16.8625,0.00168625,TRUE,Plot E__7__interval_end__62,1
Plot E,November,7,2025-11-06,interval_end,64,NA,NA,Orbicella sp.,480,cm2,3.27,3.27e-4,TRUE,Plot E__7__interval_end__64,1
Plot E,November,7,2025-11-06,interval_end,69,NA,NA,Orbicella sp.,480,cm2,3.9825,3.9825e-4,TRUE,Plot E__7__interval_end__69,1
Plot E,November,7,2025-11-06,interval_end,70,NA,NA,Orbicella sp.,480,cm2,2.3075,2.3075e-4,TRUE,Plot E__7__interval_end__70,1
Plot E,November,7,2025-11-06,interval_end,8,NA,NA,Orbicella franksi,480,cm2,4.0575,4.0575e-4,TRUE,Plot E__7__interval_end__8,1
Plot E,November,7,2025-11-06,interval_end,9,NA,NA,Orbicella franksi,480,cm2,2.92,2.92e-4,TRUE,Plot E__7__interval_end__9,1
