plot,source_file,match_type,interval_order,month_start,month_end,plot_length_m,plot_width_m,plot_area_m2,taglab_area_units,interval_row_id,genet,blob_start,blob_end,area_start,area_end,species,action,split_fuse,tag,cluster_id,genotype,present_start,present_end,survived_interval,died_interval,born_interval,area_start_m2,area_end_m2,percent_area_change
Plot E,plotE1-1Matches_Coki_PlotE_20250507_1-1-Coki_PlotE_20250609_1-1.csv,1-1,1,May,June,16,30,480,cm2,1,7,36,-1,21.1325,0,Acropora palmata,dead,none,NA,NA,NA,TRUE,FALSE,FALSE,TRUE,FALSE,0.00211325,0,NA
Plot E,plotE1-1Matches_Coki_PlotE_20250507_1-1-Coki_PlotE_20250609_1-1.csv,1-1,1,May,June,16,30,480,cm2,2,10,41,-1,19.885,0,Acropora palmata,dead,none,NA,NA,NA,TRUE,FALSE,FALSE,TRUE,FALSE,0.0019885000000000002,0,NA
Plot E,plotE1-1Matches_Coki_PlotE_20250507_1-1-Coki_PlotE_20250609_1-1.csv,1-1,1,May,June,16,30,480,cm2,3,12,45,-1,17.0325,0,Acropora palmata,dead,none,NA,NA,NA,TRUE,FALSE,FALSE,TRUE,FALSE,0.00170325,0,NA
Plot E,plotE1-1Matches_Coki_PlotE_20250507_1-1-Coki_PlotE_20250609_1-1.csv,1-1,1,May,June,16,30,480,cm2,4,15,48,-1,16.985,0,Acropora palmata,dead,none,NA,NA,NA,TRUE,FALSE,FALSE,TRUE,FALSE,0.0016985,0,NA
Plot E,plotE1-1Matches_Coki_PlotE_20250507_1-1-Coki_PlotE_20250609_1-1.csv,1-1,1,May,June,16,30,480,cm2,5,17,51,-1,17.455,0,Acropora palmata,dead,none,NA,NA,NA,TRUE,FALSE,FALSE,TRUE,FALSE,0.0017454999999999999,0,NA
Plot E,plotE1-1Matches_Coki_PlotE_20250507_1-1-Coki_PlotE_20250609_1-1.csv,1-1,1,May,June,16,30,480,cm2,6,23,70,-1,37.365,0,Acropora palmata,dead,none,NA,NA,NA,TRUE,FALSE,FALSE,TRUE,FALSE,0.0037365000000000002,0,NA
Plot E,plotE1-1Matches_Coki_PlotE_20250507_1-1-Coki_PlotE_20250609_1-1.csv,1-1,1,May,June,16,30,480,cm2,7,0,0,71,0.225,0.2375,Orbicella annularis,grow,n/s,NA,NA,NA,TRUE,TRUE,TRUE,FALSE,FALSE,2.25e-5,2.3749999999999998e-5,5.555555555555547
Plot E,plotE1-1Matches_Coki_PlotE_20250507_1-1-Coki_PlotE_20250609_1-1.csv,1-1,1,May,June,16,30,480,cm2,8,2,28,27,4.2,4.9825,Orbicella franksi,grow,n/s,NA,NA,NA,TRUE,TRUE,TRUE,FALSE,FALSE,4.2e-4,4.9825e-4,18.630952380952372
Plot E,plotE1-1Matches_Coki_PlotE_20250507_1-1-Coki_PlotE_20250609_1-1.csv,1-1,1,May,June,16,30,480,cm2,9,3,29,28,3.285,4.4275,Orbicella franksi,grow,n/s,NA,NA,NA,TRUE,TRUE,TRUE,FALSE,FALSE,3.285e-4,4.4275e-4,34.779299847793
Plot E,plotE1-1Matches_Coki_PlotE_20250507_1-1-Coki_PlotE_20250609_1-1.csv,1-1,1,May,June,16,30,480,cm2,10,4,31,31,3.8675,5.025,Orbicella franksi,grow,n/s,NA,NA,NA,TRUE,TRUE,TRUE,FALSE,FALSE,3.8675e-4,5.025e-4,29.92889463477699
Plot E,plotE1-1Matches_Coki_PlotE_20250507_1-1-Coki_PlotE_20250609_1-1.csv,1-1,1,May,June,16,30,480,cm2,11,5,32,33,4,4.9525,Orbicella franksi,grow,n/s,NA,NA,NA,TRUE,TRUE,TRUE,FALSE,FALSE,4e-4,4.952499999999999e-4,23.812499999999993
Plot E,plotE1-1Matches_Coki_PlotE_20250507_1-1-Coki_PlotE_20250609_1-1.csv,1-1,1,May,June,16,30,480,cm2,12,6,35,35,2.4575,3.975,Orbicella franksi,grow,n/s,NA,NA,NA,TRUE,TRUE,TRUE,FALSE,FALSE,2.4575e-4,3.975e-4,61.74974567650051
Plot E,plotE1-1Matches_Coki_PlotE_20250507_1-1-Coki_PlotE_20250609_1-1.csv,1-1,1,May,June,16,30,480,cm2,13,8,38,37,4.0875,5.1375,Orbicella franksi,grow,n/s,NA,NA,NA,TRUE,TRUE,TRUE,FALSE,FALSE,4.0875000000000004e-4,5.1375e-4,25.688073394495408
Plot E,plotE1-1Matches_Coki_PlotE_20250507_1-1-Coki_PlotE_20250609_1-1.csv,1-1,1,May,June,16,30,480,cm2,14,9,40,39,3.7275,5.15,Orbicella franksi,grow,n/s,NA,NA,NA,TRUE,TRUE,TRUE,FALSE,FALSE,3.7275e-4,5.15e-4,38.16230717639169
Plot E,plotE1-1Matches_Coki_PlotE_20250507_1-1-Coki_PlotE_20250609_1-1.csv,1-1,1,May,June,16,30,480,cm2,15,11,43,41,3.2775,4.0925,Orbicella franksi,grow,n/s,NA,NA,NA,TRUE,TRUE,TRUE,FALSE,FALSE,3.2774999999999997e-4,4.0925e-4,24.866514111365383
Plot E,plotE1-1Matches_Coki_PlotE_20250507_1-1-Coki_PlotE_20250609_1-1.csv,1-1,1,May,June,16,30,480,cm2,16,14,47,44,3.7425,4.695,Orbicella franksi,grow,n/s,NA,NA,NA,TRUE,TRUE,TRUE,FALSE,FALSE,3.7425e-4,4.6950000000000003e-4,25.450901803607216
Plot E,plotE1-1Matches_Coki_PlotE_20250507_1-1-Coki_PlotE_20250609_1-1.csv,1-1,1,May,June,16,30,480,cm2,17,18,54,49,2.4425,2.83,Orbicella annularis,grow,n/s,NA,NA,NA,TRUE,TRUE,TRUE,FALSE,FALSE,2.4425e-4,2.83e-4,15.864892528147397
Plot E,plotE1-1Matches_Coki_PlotE_20250507_1-1-Coki_PlotE_20250609_1-1.csv,1-1,1,May,June,16,30,480,cm2,18,20,58,53,4.635,5.025,Orbicella annularis,grow,n/s,NA,NA,NA,TRUE,TRUE,TRUE,FALSE,FALSE,4.635e-4,5.025e-4,8.41423948220066
Plot E,plotE1-1Matches_Coki_PlotE_20250507_1-1-Coki_PlotE_20250609_1-1.csv,1-1,1,May,June,16,30,480,cm2,19,21,62,57,4.0925,4.7425,Orbicella annularis,grow,n/s,NA,NA,NA,TRUE,TRUE,TRUE,FALSE,FALSE,4.0925e-4,4.7424999999999995e-4,15.882712278558323
Plot E,plotE1-1Matches_Coki_PlotE_20250507_1-1-Coki_PlotE_20250609_1-1.csv,1-1,1,May,June,16,30,480,cm2,20,22,63,58,3.135,3.3275,Orbicella annularis,grow,n/s,NA,NA,NA,TRUE,TRUE,TRUE,FALSE,FALSE,3.135e-4,3.3275000000000004e-4,6.140350877192994
Plot E,plotE1-1Matches_Coki_PlotE_20250507_1-1-Coki_PlotE_20250609_1-1.csv,1-1,1,May,June,16,30,480,cm2,21,21,65,60,12.7475,14.195,Orbicella annularis,grow,n/s,NA,NA,NA,TRUE,TRUE,TRUE,FALSE,FALSE,0.00127475,0.0014195,11.35516767993724
Plot E,plotE1-1Matches_Coki_PlotE_20250507_1-1-Coki_PlotE_20250609_1-1.csv,1-1,1,May,June,16,30,480,cm2,22,21,66,61,3.15,3.3775,Orbicella annularis,grow,n/s,NA,NA,NA,TRUE,TRUE,TRUE,FALSE,FALSE,3.15e-4,3.3775e-4,7.222222222222223
Plot E,plotE1-1Matches_Coki_PlotE_20250507_1-1-Coki_PlotE_20250609_1-1.csv,1-1,1,May,June,16,30,480,cm2,23,21,68,66,1.805,2.07,Orbicella annularis,grow,n/s,NA,NA,NA,TRUE,TRUE,TRUE,FALSE,FALSE,1.805e-4,2.07e-4,14.68144044321329
Plot E,plotE1-1Matches_Coki_PlotE_20250507_1-1-Coki_PlotE_20250609_1-1.csv,1-1,1,May,June,16,30,480,cm2,24,25,75,69,5.575,6.56,Orbicella annularis,grow,n/s,NA,NA,NA,TRUE,TRUE,TRUE,FALSE,FALSE,5.575e-4,6.56e-4,17.668161434977566
Plot E,plotE1-1Matches_Coki_PlotE_20250507_1-1-Coki_PlotE_20250609_1-1.csv,1-1,1,May,June,16,30,480,cm2,25,21,76,70,4.005,4.44,Orbicella annularis,grow,n/s,NA,NA,NA,TRUE,TRUE,TRUE,FALSE,FALSE,4.005e-4,4.4400000000000006e-4,10.861423220973796
Plot E,plotE1-1Matches_Coki_PlotE_20250507_1-1-Coki_PlotE_20250609_1-1.csv,1-1,1,May,June,16,30,480,cm2,26,26,77,72,2.03,2.425,Orbicella annularis,grow,n/s,NA,NA,NA,TRUE,TRUE,TRUE,FALSE,FALSE,2.0299999999999997e-4,2.4249999999999999e-4,19.458128078817737
Plot E,plotE1-1Matches_Coki_PlotE_20250507_1-1-Coki_PlotE_20250609_1-1.csv,1-1,1,May,June,16,30,480,cm2,27,27,78,73,3.0175,4.1675,Orbicella annularis,grow,n/s,NA,NA,NA,TRUE,TRUE,TRUE,FALSE,FALSE,3.0175e-4,4.1675e-4,38.11101905550954
Plot E,plotE1-1Matches_Coki_PlotE_20250507_1-1-Coki_PlotE_20250609_1-1.csv,1-1,1,May,June,16,30,480,cm2,28,29,80,74,0.76,1.2075,Orbicella annularis,grow,n/s,NA,NA,NA,TRUE,TRUE,TRUE,FALSE,FALSE,7.6e-5,1.2075000000000001e-4,58.88157894736842
Plot E,plotE1-1Matches_Coki_PlotE_20250507_1-1-Coki_PlotE_20250609_1-1.csv,1-1,1,May,June,16,30,480,cm2,29,30,81,78,0.4575,0.6725,Orbicella annularis,grow,n/s,NA,NA,NA,TRUE,TRUE,TRUE,FALSE,FALSE,4.575e-5,6.725e-5,46.99453551912568
Plot E,plotE1-1Matches_Coki_PlotE_20250507_1-1-Coki_PlotE_20250609_1-1.csv,1-1,1,May,June,16,30,480,cm2,30,25,82,76,2.0125,2.415,Orbicella annularis,grow,n/s,NA,NA,NA,TRUE,TRUE,TRUE,FALSE,FALSE,2.0125e-4,2.4150000000000002e-4,19.999999999999993
Plot E,plotE1-1Matches_Coki_PlotE_20250507_1-1-Coki_PlotE_20250609_1-1.csv,1-1,1,May,June,16,30,480,cm2,31,31,83,79,8.9275,10.4,Orbicella annularis,grow,n/s,NA,NA,NA,TRUE,TRUE,TRUE,FALSE,FALSE,8.9275e-4,0.0010400000000000001,16.4939792775133
Plot E,plotE1-1Matches_Coki_PlotE_20250507_1-1-Coki_PlotE_20250609_1-1.csv,1-1,1,May,June,16,30,480,cm2,32,32,87,82,24.9025,27.2925,Acropora palmata,grow,n/s,NA,NA,NA,TRUE,TRUE,TRUE,FALSE,FALSE,0.00249025,0.00272925,9.59742997690995
Plot E,plotE1-1Matches_Coki_PlotE_20250507_1-1-Coki_PlotE_20250609_1-1.csv,1-1,1,May,June,16,30,480,cm2,33,33,88,83,2.1625,3.01,Orbicella annularis,grow,n/s,NA,NA,NA,TRUE,TRUE,TRUE,FALSE,FALSE,2.1625e-4,3.01e-4,39.19075144508669
Plot E,plotE1-1Matches_Coki_PlotE_20250507_1-1-Coki_PlotE_20250609_1-1.csv,1-1,1,May,June,16,30,480,cm2,34,34,90,86,3.06,3.525,Orbicella annularis,grow,n/s,NA,NA,NA,TRUE,TRUE,TRUE,FALSE,FALSE,3.06e-4,3.525e-4,15.196078431372545
Plot E,plotE1-1Matches_Coki_PlotE_20250507_1-1-Coki_PlotE_20250609_1-1.csv,1-1,1,May,June,16,30,480,cm2,35,32,92,85,15.2675,21.0425,Acropora palmata,grow,n/s,NA,NA,NA,TRUE,TRUE,TRUE,FALSE,FALSE,0.0015267500000000001,0.0021042500000000002,37.82544620926805
Plot E,plotE1-1Matches_Coki_PlotE_20250507_1-1-Coki_PlotE_20250609_1-1.csv,1-1,1,May,June,16,30,480,cm2,36,35,93,88,0.4125,0.6225,Orbicella annularis,grow,n/s,NA,NA,NA,TRUE,TRUE,TRUE,FALSE,FALSE,4.125e-5,6.225000000000001e-5,50.90909090909093
Plot E,plotE1-1Matches_Coki_PlotE_20250507_1-1-Coki_PlotE_20250609_1-1.csv,1-1,1,May,June,16,30,480,cm2,37,32,95,90,26.1725,30.9775,Acropora palmata,grow,n/s,NA,NA,NA,TRUE,TRUE,TRUE,FALSE,FALSE,0.00261725,0.00309775,18.35896456204031
Plot E,plotE1-1Matches_Coki_PlotE_20250507_1-1-Coki_PlotE_20250609_1-1.csv,1-1,1,May,June,16,30,480,cm2,38,36,96,91,1.2225,1.625,Orbicella annularis,grow,n/s,NA,NA,NA,TRUE,TRUE,TRUE,FALSE,FALSE,1.2225e-4,1.625e-4,32.924335378323114
Plot E,plotE1-1Matches_Coki_PlotE_20250507_1-1-Coki_PlotE_20250609_1-1.csv,1-1,1,May,June,16,30,480,cm2,39,32,97,92,18.9575,21.85,Acropora palmata,grow,n/s,NA,NA,NA,TRUE,TRUE,TRUE,FALSE,FALSE,0.0018957499999999999,0.0021850000000000003,15.257813530265077
Plot E,plotE1-1Matches_Coki_PlotE_20250507_1-1-Coki_PlotE_20250609_1-1.csv,1-1,1,May,June,16,30,480,cm2,40,32,99,94,36.94,47.6375,Acropora palmata,grow,n/s,NA,NA,NA,TRUE,TRUE,TRUE,FALSE,FALSE,0.003694,0.004763750000000001,28.959122902003262
Plot E,plotE1-1Matches_Coki_PlotE_20250507_1-1-Coki_PlotE_20250609_1-1.csv,1-1,1,May,June,16,30,480,cm2,41,32,100,96,16.2925,19.5175,Acropora palmata,grow,n/s,NA,NA,NA,TRUE,TRUE,TRUE,FALSE,FALSE,0.00162925,0.00195175,19.79438391898111
Plot E,plotE1-1Matches_Coki_PlotE_20250507_1-1-Coki_PlotE_20250609_1-1.csv,1-1,1,May,June,16,30,480,cm2,42,32,104,100,17.01,21.7725,Acropora palmata,grow,n/s,NA,NA,NA,TRUE,TRUE,TRUE,FALSE,FALSE,0.0017010000000000003,0.00217725,27.998236331569657
Plot E,plotE1-1Matches_Coki_PlotE_20250507_1-1-Coki_PlotE_20250609_1-1.csv,1-1,1,May,June,16,30,480,cm2,43,38,116,118,5.48,6.04,Orbicella franksi,grow,n/s,NA,NA,NA,TRUE,TRUE,TRUE,FALSE,FALSE,5.480000000000001e-4,6.04e-4,10.218978102189773
Plot E,plotE1-1Matches_Coki_PlotE_20250507_1-1-Coki_PlotE_20250609_1-1.csv,1-1,1,May,June,16,30,480,cm2,44,39,117,116,4.6675,5.4775,Orbicella franksi,grow,n/s,NA,NA,NA,TRUE,TRUE,TRUE,FALSE,FALSE,4.6675000000000004e-4,5.4775e-4,17.35404392072843
Plot E,plotE1-1Matches_Coki_PlotE_20250507_1-1-Coki_PlotE_20250609_1-1.csv,1-1,1,May,June,16,30,480,cm2,45,40,118,117,4.6725,5.73,Orbicella franksi,grow,n/s,NA,NA,NA,TRUE,TRUE,TRUE,FALSE,FALSE,4.6725000000000005e-4,5.73e-4,22.632423756019264
Plot E,plotE1-1Matches_Coki_PlotE_20250507_1-1-Coki_PlotE_20250609_1-1.csv,1-1,1,May,June,16,30,480,cm2,46,41,119,119,4.735,5.45,Orbicella franksi,grow,n/s,NA,NA,NA,TRUE,TRUE,TRUE,FALSE,FALSE,4.735e-4,5.45e-4,15.10031678986272
Plot E,plotE1-1Matches_Coki_PlotE_20250507_1-1-Coki_PlotE_20250609_1-1.csv,1-1,1,May,June,16,30,480,cm2,47,42,121,121,5.0075,6.2425,Orbicella franksi,grow,n/s,NA,NA,NA,TRUE,TRUE,TRUE,FALSE,FALSE,5.0075e-4,6.2425e-4,24.663005491762345
Plot E,plotE1-1Matches_Coki_PlotE_20250507_1-1-Coki_PlotE_20250609_1-1.csv,1-1,1,May,June,16,30,480,cm2,48,43,122,123,5.5875,6.1525,Orbicella franksi,grow,n/s,NA,NA,NA,TRUE,TRUE,TRUE,FALSE,FALSE,5.5875e-4,6.1525e-4,10.11185682326621
Plot E,plotE1-1Matches_Coki_PlotE_20250507_1-1-Coki_PlotE_20250609_1-1.csv,1-1,1,May,June,16,30,480,cm2,49,44,123,124,3.7475,4.745,Orbicella franksi,grow,n/s,NA,NA,NA,TRUE,TRUE,TRUE,FALSE,FALSE,3.7475000000000003e-4,4.745e-4,26.617745163442294
Plot E,plotE1-1Matches_Coki_PlotE_20250507_1-1-Coki_PlotE_20250609_1-1.csv,1-1,1,May,June,16,30,480,cm2,50,45,125,125,4.7825,5.985,Orbicella franksi,grow,n/s,NA,NA,NA,TRUE,TRUE,TRUE,FALSE,FALSE,4.7825e-4,5.985000000000001e-4,25.14375326711972
Plot E,plotE1-1Matches_Coki_PlotE_20250507_1-1-Coki_PlotE_20250609_1-1.csv,1-1,1,May,June,16,30,480,cm2,51,46,126,126,4.155,5.115,Orbicella franksi,grow,n/s,NA,NA,NA,TRUE,TRUE,TRUE,FALSE,FALSE,4.155e-4,5.115e-4,23.10469314079422
Plot E,plotE1-1Matches_Coki_PlotE_20250507_1-1-Coki_PlotE_20250609_1-1.csv,1-1,1,May,June,16,30,480,cm2,52,51,138,139,5.845,6.32,Orbicella annularis,grow,n/s,NA,NA,NA,TRUE,TRUE,TRUE,FALSE,FALSE,5.845e-4,6.320000000000001e-4,8.126603934987179
Plot E,plotE1-1Matches_Coki_PlotE_20250507_1-1-Coki_PlotE_20250609_1-1.csv,1-1,1,May,June,16,30,480,cm2,53,55,195,194,8.4725,9.13,Orbicella faveolata,grow,n/s,NA,NA,NA,TRUE,TRUE,TRUE,FALSE,FALSE,8.4725e-4,9.130000000000001e-4,7.7604012983180946
Plot E,plotE1-1Matches_Coki_PlotE_20250507_1-1-Coki_PlotE_20250609_1-1.csv,1-1,1,May,June,16,30,480,cm2,54,56,196,195,4.6325,5.18,Orbicella faveolata,grow,n/s,NA,NA,NA,TRUE,TRUE,TRUE,FALSE,FALSE,4.6325e-4,5.18e-4,11.818672423097667
Plot E,plotE1-1Matches_Coki_PlotE_20250507_1-1-Coki_PlotE_20250609_1-1.csv,1-1,1,May,June,16,30,480,cm2,55,16,50,46,8.0875,8.3075,Orbicella annularis,same,n/s,NA,NA,NA,TRUE,TRUE,TRUE,FALSE,FALSE,8.0875e-4,8.307499999999999e-4,2.720247295208641
Plot E,plotE1-1Matches_Coki_PlotE_20250507_1-1-Coki_PlotE_20250609_1-1.csv,1-1,1,May,June,16,30,480,cm2,56,19,57,52,2.48,2.49,Orbicella annularis,same,n/s,NA,NA,NA,TRUE,TRUE,TRUE,FALSE,FALSE,2.48e-4,2.4900000000000004e-4,0.4032258064516222
Plot E,plotE1-1Matches_Coki_PlotE_20250507_1-1-Coki_PlotE_20250609_1-1.csv,1-1,1,May,June,16,30,480,cm2,57,28,79,75,7.6075,7.89,Orbicella annularis,same,n/s,NA,NA,NA,TRUE,TRUE,TRUE,FALSE,FALSE,7.6075e-4,7.89e-4,3.713440683535981
Plot E,plotE1-1Matches_Coki_PlotE_20250507_1-1-Coki_PlotE_20250609_1-1.csv,1-1,1,May,June,16,30,480,cm2,58,32,86,80,16.66,17.225,Acropora palmata,same,n/s,NA,NA,NA,TRUE,TRUE,TRUE,FALSE,FALSE,0.001666,0.0017225,3.3913565426170544
Plot E,plotE1-1Matches_Coki_PlotE_20250507_1-1-Coki_PlotE_20250609_1-1.csv,1-1,1,May,June,16,30,480,cm2,59,49,136,137,5.4525,5.37,Orbicella annularis,same,n/s,NA,NA,NA,TRUE,TRUE,TRUE,FALSE,FALSE,5.452499999999999e-4,5.37e-4,-1.5130674002750955
Plot E,plotE1-1Matches_Coki_PlotE_20250507_1-1-Coki_PlotE_20250609_1-1.csv,1-1,1,May,June,16,30,480,cm2,60,50,137,138,4.55,4.6675,Orbicella annularis,same,n/s,NA,NA,NA,TRUE,TRUE,TRUE,FALSE,FALSE,4.55e-4,4.6675000000000004e-4,2.582417582417596
Plot E,plotE1-1Matches_Coki_PlotE_20250507_1-1-Coki_PlotE_20250609_1-1.csv,1-1,1,May,June,16,30,480,cm2,61,52,187,187,4.45,4.45,Orbicella annularis,same,n/s,NA,NA,NA,TRUE,TRUE,TRUE,FALSE,FALSE,4.4500000000000003e-4,4.4500000000000003e-4,0
Plot E,plotE1-1Matches_Coki_PlotE_20250507_1-1-Coki_PlotE_20250609_1-1.csv,1-1,1,May,June,16,30,480,cm2,62,53,188,188,5.4325,5.4325,Orbicella annularis,same,n/s,NA,NA,NA,TRUE,TRUE,TRUE,FALSE,FALSE,5.4325e-4,5.4325e-4,0
Plot E,plotE1-1Matches_Coki_PlotE_20250507_1-1-Coki_PlotE_20250609_1-1.csv,1-1,1,May,June,16,30,480,cm2,63,52,190,189,5.5975,5.5975,Orbicella annularis,same,n/s,NA,NA,NA,TRUE,TRUE,TRUE,FALSE,FALSE,5.5975e-4,5.5975e-4,0
Plot E,plotE1-1Matches_Coki_PlotE_20250507_1-1-Coki_PlotE_20250609_1-1.csv,1-1,1,May,June,16,30,480,cm2,64,52,191,190,6.2025,6.2025,Orbicella annularis,same,n/s,NA,NA,NA,TRUE,TRUE,TRUE,FALSE,FALSE,6.202499999999999e-4,6.202499999999999e-4,0
Plot E,plotE1-1Matches_Coki_PlotE_20250507_1-1-Coki_PlotE_20250609_1-1.csv,1-1,1,May,June,16,30,480,cm2,65,54,193,192,5.1175,5.1175,Orbicella annularis,same,n/s,NA,NA,NA,TRUE,TRUE,TRUE,FALSE,FALSE,5.117499999999999e-4,5.117499999999999e-4,0
Plot E,plotE1-1Matches_Coki_PlotE_20250507_1-1-Coki_PlotE_20250609_1-1.csv,1-1,1,May,June,16,30,480,cm2,66,57,199,198,5.7825,6.04,Orbicella faveolata,same,n/s,NA,NA,NA,TRUE,TRUE,TRUE,FALSE,FALSE,5.7825e-4,6.04e-4,4.453091223519245
Plot E,plotE1-1Matches_Coki_PlotE_20250507_1-1-Coki_PlotE_20250609_1-1.csv,1-1,1,May,June,16,30,480,cm2,67,60,203,201,18.8325,19.62,Acropora palmata,same,n/s,NA,NA,NA,TRUE,TRUE,TRUE,FALSE,FALSE,0.00188325,0.001962,4.1816009557945115
Plot E,plotE1-1Matches_Coki_PlotE_20250507_1-1-Coki_PlotE_20250609_1-1.csv,1-1,1,May,June,16,30,480,cm2,68,13,46,43,2.75,2.3,Orbicella franksi,shrink,n/s,NA,NA,NA,TRUE,TRUE,TRUE,FALSE,FALSE,2.75e-4,2.2999999999999998e-4,-16.36363636363637
Plot E,plotE1-1Matches_Coki_PlotE_20250507_1-1-Coki_PlotE_20250609_1-1.csv,1-1,1,May,June,16,30,480,cm2,69,19,56,51,5.435,5.1625,Orbicella annularis,shrink,n/s,NA,NA,NA,TRUE,TRUE,TRUE,FALSE,FALSE,5.434999999999999e-4,5.1625e-4,-5.013799448022079
Plot E,plotE1-1Matches_Coki_PlotE_20250507_1-1-Coki_PlotE_20250609_1-1.csv,1-1,1,May,June,16,30,480,cm2,70,24,74,68,0.56,0.485,Orbicella annularis,shrink,n/s,NA,NA,NA,TRUE,TRUE,TRUE,FALSE,FALSE,5.6000000000000006e-5,4.85e-5,-13.392857142857155
Plot E,plotE1-1Matches_Coki_PlotE_20250507_1-1-Coki_PlotE_20250609_1-1.csv,1-1,1,May,June,16,30,480,cm2,71,47,132,133,5.5025,4.69,Orbicella annularis,shrink,n/s,NA,NA,NA,TRUE,TRUE,TRUE,FALSE,FALSE,5.502500000000001e-4,4.69e-4,-14.766015447523852
Plot E,plotE1-1Matches_Coki_PlotE_20250507_1-1-Coki_PlotE_20250609_1-1.csv,1-1,1,May,June,16,30,480,cm2,72,48,133,134,2.5825,2.3325,Orbicella annularis,shrink,n/s,NA,NA,NA,TRUE,TRUE,TRUE,FALSE,FALSE,2.5825e-4,2.3325e-4,-9.68054211035818
Plot E,plotE1-1Matches_Coki_PlotE_20250507_1-1-Coki_PlotE_20250609_1-1.csv,1-1,1,May,June,16,30,480,cm2,73,58,201,199,17.94,16.9925,Acropora palmata,shrink,n/s,NA,NA,NA,TRUE,TRUE,TRUE,FALSE,FALSE,0.001794,0.00169925,-5.281493868450399
Plot E,plotE1-1Matches_Coki_PlotE_20250507_1-1-Coki_PlotE_20250609_1-1.csv,1-1,1,May,June,16,30,480,cm2,74,59,202,200,17.8575,16.4075,Acropora palmata,shrink,n/s,NA,NA,NA,TRUE,TRUE,TRUE,FALSE,FALSE,0.0017857500000000002,0.0016407499999999998,-8.11983760324795
Plot E,plotE1-1Matches_Coki_PlotE_20250507_1-1-Coki_PlotE_20250609_1-1.csv,1-1,1,May,June,16,30,480,cm2,75,61,204,202,10.8775,9.985,Acropora palmata,shrink,n/s,NA,NA,NA,TRUE,TRUE,TRUE,FALSE,FALSE,0.00108775,9.985e-4,-8.205010342450011
Plot E,plotE1-1Matches_Coki_PlotE_20250507_1-1-Coki_PlotE_20250609_1-1.csv,1-1,1,May,June,16,30,480,cm2,76,62,205,203,15.3625,14.03,Acropora palmata,shrink,n/s,NA,NA,NA,TRUE,TRUE,TRUE,FALSE,FALSE,0.00153625,0.001403,-8.673718470301067
Plot E,plotE1-1Matches_Coki_PlotE_20250609_1-1-Coki_PlotE_20250711_1-1.csv,1-1,2,June,July,16,30,480,cm2,1,30,78,-1,0.6725,0,Orbicella annularis,dead,none,NA,NA,NA,TRUE,FALSE,FALSE,TRUE,FALSE,6.725e-5,0,NA
Plot E,plotE1-1Matches_Coki_PlotE_20250609_1-1-Coki_PlotE_20250711_1-1.csv,1-1,2,June,July,16,30,480,cm2,2,0,71,20,0.2375,0.4325,Orbicella annularis,grow,n/s,NA,NA,NA,TRUE,TRUE,TRUE,FALSE,FALSE,2.3749999999999998e-5,4.325e-5,82.10526315789474
Plot E,plotE1-1Matches_Coki_PlotE_20250609_1-1-Coki_PlotE_20250711_1-1.csv,1-1,2,June,July,16,30,480,cm2,3,26,72,17,2.425,2.76,Orbicella annularis,grow,n/s,NA,NA,NA,TRUE,TRUE,TRUE,FALSE,FALSE,2.4249999999999999e-4,2.76e-4,13.814432989690722
Plot E,plotE1-1Matches_Coki_PlotE_20250609_1-1-Coki_PlotE_20250711_1-1.csv,1-1,2,June,July,16,30,480,cm2,4,32,90,48,30.9775,33.1025,Acropora palmata,grow,n/s,NA,NA,NA,TRUE,TRUE,TRUE,FALSE,FALSE,0.00309775,0.00331025,6.859817609555322
Plot E,plotE1-1Matches_Coki_PlotE_20250609_1-1-Coki_PlotE_20250711_1-1.csv,1-1,2,June,July,16,30,480,cm2,5,36,91,50,1.625,1.735,Orbicella annularis,grow,n/s,NA,NA,NA,TRUE,TRUE,TRUE,FALSE,FALSE,1.625e-4,1.7350000000000002e-4,6.769230769230775
Plot E,plotE1-1Matches_Coki_PlotE_20250609_1-1-Coki_PlotE_20250711_1-1.csv,1-1,2,June,July,16,30,480,cm2,6,47,133,124,4.69,5.77,Orbicella annularis,grow,n/s,NA,NA,NA,TRUE,TRUE,TRUE,FALSE,FALSE,4.69e-4,5.769999999999999e-4,23.027718550106588
Plot E,plotE1-1Matches_Coki_PlotE_20250609_1-1-Coki_PlotE_20250711_1-1.csv,1-1,2,June,July,16,30,480,cm2,7,51,139,130,6.32,6.975,Orbicella annularis,grow,n/s,NA,NA,NA,TRUE,TRUE,TRUE,FALSE,FALSE,6.320000000000001e-4,6.975e-4,10.363924050632901
Plot E,plotE1-1Matches_Coki_PlotE_20250609_1-1-Coki_PlotE_20250711_1-1.csv,1-1,2,June,July,16,30,480,cm2,8,52,187,177,4.45,4.6825,Orbicella annularis,grow,n/s,NA,NA,NA,TRUE,TRUE,TRUE,FALSE,FALSE,4.4500000000000003e-4,4.6825e-4,5.224719101123593
Plot E,plotE1-1Matches_Coki_PlotE_20250609_1-1-Coki_PlotE_20250711_1-1.csv,1-1,2,June,July,16,30,480,cm2,9,53,188,176,5.4325,6.7625,Orbicella annularis,grow,n/s,NA,NA,NA,TRUE,TRUE,TRUE,FALSE,FALSE,5.4325e-4,6.7625e-4,24.482282558674644
Plot E,plotE1-1Matches_Coki_PlotE_20250609_1-1-Coki_PlotE_20250711_1-1.csv,1-1,2,June,July,16,30,480,cm2,10,52,189,178,5.5975,6.2925,Orbicella annularis,grow,n/s,NA,NA,NA,TRUE,TRUE,TRUE,FALSE,FALSE,5.5975e-4,6.2925e-4,12.416257257704338
Plot E,plotE1-1Matches_Coki_PlotE_20250609_1-1-Coki_PlotE_20250711_1-1.csv,1-1,2,June,July,16,30,480,cm2,11,21,60,0,14.195,16.3275,Orbicella annularis,n/s,fuse,NA,NA,NA,TRUE,TRUE,TRUE,FALSE,FALSE,0.0014195,0.00163275,15.022895385699192
Plot E,plotE1-1Matches_Coki_PlotE_20250609_1-1-Coki_PlotE_20250711_1-1.csv,1-1,2,June,July,16,30,480,cm2,12,21,66,0,2.07,16.3275,Orbicella annularis,n/s,fuse,NA,NA,NA,TRUE,TRUE,TRUE,FALSE,FALSE,2.07e-4,0.00163275,688.768115942029
Plot E,plotE1-1Matches_Coki_PlotE_20250609_1-1-Coki_PlotE_20250711_1-1.csv,1-1,2,June,July,16,30,480,cm2,13,32,80,35,17.225,120.8975,Acropora palmata,n/s,fuse,NA,NA,NA,TRUE,TRUE,TRUE,FALSE,FALSE,0.0017225,0.01208975,601.8722786647313
Plot E,plotE1-1Matches_Coki_PlotE_20250609_1-1-Coki_PlotE_20250711_1-1.csv,1-1,2,June,July,16,30,480,cm2,14,32,82,35,27.2925,120.8975,Acropora palmata,n/s,fuse,NA,NA,NA,TRUE,TRUE,TRUE,FALSE,FALSE,0.00272925,0.01208975,342.9696803151048
Plot E,plotE1-1Matches_Coki_PlotE_20250609_1-1-Coki_PlotE_20250711_1-1.csv,1-1,2,June,July,16,30,480,cm2,15,32,85,35,21.0425,120.8975,Acropora palmata,n/s,fuse,NA,NA,NA,TRUE,TRUE,TRUE,FALSE,FALSE,0.0021042500000000002,0.01208975,474.5396221931804
Plot E,plotE1-1Matches_Coki_PlotE_20250609_1-1-Coki_PlotE_20250711_1-1.csv,1-1,2,June,July,16,30,480,cm2,16,32,92,35,21.85,120.8975,Acropora palmata,n/s,fuse,NA,NA,NA,TRUE,TRUE,TRUE,FALSE,FALSE,0.0021850000000000003,0.01208975,453.30663615560627
Plot E,plotE1-1Matches_Coki_PlotE_20250609_1-1-Coki_PlotE_20250711_1-1.csv,1-1,2,June,July,16,30,480,cm2,17,32,94,57,47.6375,73.19,Acropora palmata,n/s,fuse,NA,NA,NA,TRUE,TRUE,TRUE,FALSE,FALSE,0.004763750000000001,0.007319,53.63946470742586
Plot E,plotE1-1Matches_Coki_PlotE_20250609_1-1-Coki_PlotE_20250711_1-1.csv,1-1,2,June,July,16,30,480,cm2,18,32,96,57,19.5175,73.19,Acropora palmata,n/s,fuse,NA,NA,NA,TRUE,TRUE,TRUE,FALSE,FALSE,0.00195175,0.007319,274.9967977456129
Plot E,plotE1-1Matches_Coki_PlotE_20250609_1-1-Coki_PlotE_20250711_1-1.csv,1-1,2,June,July,16,30,480,cm2,19,32,100,35,21.7725,120.8975,Acropora palmata,n/s,fuse,NA,NA,NA,TRUE,TRUE,TRUE,FALSE,FALSE,0.00217725,0.01208975,455.27615110804913
Plot E,plotE1-1Matches_Coki_PlotE_20250609_1-1-Coki_PlotE_20250711_1-1.csv,1-1,2,June,July,16,30,480,cm2,20,2,27,59,4.9825,4.9825,Orbicella franksi,same,n/s,NA,NA,NA,TRUE,TRUE,TRUE,FALSE,FALSE,4.9825e-4,4.9825e-4,0
Plot E,plotE1-1Matches_Coki_PlotE_20250609_1-1-Coki_PlotE_20250711_1-1.csv,1-1,2,June,July,16,30,480,cm2,21,3,28,62,4.4275,4.4275,Orbicella franksi,same,n/s,NA,NA,NA,TRUE,TRUE,TRUE,FALSE,FALSE,4.4275e-4,4.4275e-4,0
Plot E,plotE1-1Matches_Coki_PlotE_20250609_1-1-Coki_PlotE_20250711_1-1.csv,1-1,2,June,July,16,30,480,cm2,22,4,31,65,5.025,5.025,Orbicella franksi,same,n/s,NA,NA,NA,TRUE,TRUE,TRUE,FALSE,FALSE,5.025e-4,5.025e-4,0
Plot E,plotE1-1Matches_Coki_PlotE_20250609_1-1-Coki_PlotE_20250711_1-1.csv,1-1,2,June,July,16,30,480,cm2,23,5,33,67,4.9525,4.9525,Orbicella franksi,same,n/s,NA,NA,NA,TRUE,TRUE,TRUE,FALSE,FALSE,4.952499999999999e-4,4.952499999999999e-4,0
Plot E,plotE1-1Matches_Coki_PlotE_20250609_1-1-Coki_PlotE_20250711_1-1.csv,1-1,2,June,July,16,30,480,cm2,24,6,35,69,3.975,3.975,Orbicella franksi,same,n/s,NA,NA,NA,TRUE,TRUE,TRUE,FALSE,FALSE,3.975e-4,3.975e-4,0
Plot E,plotE1-1Matches_Coki_PlotE_20250609_1-1-Coki_PlotE_20250711_1-1.csv,1-1,2,June,July,16,30,480,cm2,25,8,37,71,5.1375,5.1375,Orbicella franksi,same,n/s,NA,NA,NA,TRUE,TRUE,TRUE,FALSE,FALSE,5.1375e-4,5.1375e-4,0
Plot E,plotE1-1Matches_Coki_PlotE_20250609_1-1-Coki_PlotE_20250711_1-1.csv,1-1,2,June,July,16,30,480,cm2,26,9,39,73,5.15,5.15,Orbicella franksi,same,n/s,NA,NA,NA,TRUE,TRUE,TRUE,FALSE,FALSE,5.15e-4,5.15e-4,0
Plot E,plotE1-1Matches_Coki_PlotE_20250609_1-1-Coki_PlotE_20250711_1-1.csv,1-1,2,June,July,16,30,480,cm2,27,11,41,76,4.0925,4.0925,Orbicella franksi,same,n/s,NA,NA,NA,TRUE,TRUE,TRUE,FALSE,FALSE,4.0925e-4,4.0925e-4,0
Plot E,plotE1-1Matches_Coki_PlotE_20250609_1-1-Coki_PlotE_20250711_1-1.csv,1-1,2,June,July,16,30,480,cm2,28,13,43,78,2.3,2.3,Orbicella franksi,same,n/s,NA,NA,NA,TRUE,TRUE,TRUE,FALSE,FALSE,2.2999999999999998e-4,2.2999999999999998e-4,0
Plot E,plotE1-1Matches_Coki_PlotE_20250609_1-1-Coki_PlotE_20250711_1-1.csv,1-1,2,June,July,16,30,480,cm2,29,14,44,80,4.695,4.695,Orbicella franksi,same,n/s,NA,NA,NA,TRUE,TRUE,TRUE,FALSE,FALSE,4.6950000000000003e-4,4.6950000000000003e-4,0
Plot E,plotE1-1Matches_Coki_PlotE_20250609_1-1-Coki_PlotE_20250711_1-1.csv,1-1,2,June,July,16,30,480,cm2,30,16,46,84,8.3075,8.3075,Orbicella annularis,same,n/s,NA,NA,NA,TRUE,TRUE,TRUE,FALSE,FALSE,8.307499999999999e-4,8.307499999999999e-4,0
Plot E,plotE1-1Matches_Coki_PlotE_20250609_1-1-Coki_PlotE_20250711_1-1.csv,1-1,2,June,July,16,30,480,cm2,31,18,49,87,2.83,2.83,Orbicella annularis,same,n/s,NA,NA,NA,TRUE,TRUE,TRUE,FALSE,FALSE,2.83e-4,2.83e-4,0
Plot E,plotE1-1Matches_Coki_PlotE_20250609_1-1-Coki_PlotE_20250711_1-1.csv,1-1,2,June,July,16,30,480,cm2,32,19,51,89,5.1625,5.1625,Orbicella annularis,same,n/s,NA,NA,NA,TRUE,TRUE,TRUE,FALSE,FALSE,5.1625e-4,5.1625e-4,0
Plot E,plotE1-1Matches_Coki_PlotE_20250609_1-1-Coki_PlotE_20250711_1-1.csv,1-1,2,June,July,16,30,480,cm2,33,19,52,90,2.49,2.49,Orbicella annularis,same,n/s,NA,NA,NA,TRUE,TRUE,TRUE,FALSE,FALSE,2.4900000000000004e-4,2.4900000000000004e-4,0
Plot E,plotE1-1Matches_Coki_PlotE_20250609_1-1-Coki_PlotE_20250711_1-1.csv,1-1,2,June,July,16,30,480,cm2,34,20,53,91,5.025,5.025,Orbicella annularis,same,n/s,NA,NA,NA,TRUE,TRUE,TRUE,FALSE,FALSE,5.025e-4,5.025e-4,0
Plot E,plotE1-1Matches_Coki_PlotE_20250609_1-1-Coki_PlotE_20250711_1-1.csv,1-1,2,June,July,16,30,480,cm2,35,21,57,96,4.7425,4.7425,Orbicella annularis,same,n/s,NA,NA,NA,TRUE,TRUE,TRUE,FALSE,FALSE,4.7424999999999995e-4,4.7424999999999995e-4,0
Plot E,plotE1-1Matches_Coki_PlotE_20250609_1-1-Coki_PlotE_20250711_1-1.csv,1-1,2,June,July,16,30,480,cm2,36,22,58,97,3.3275,3.3275,Orbicella annularis,same,n/s,NA,NA,NA,TRUE,TRUE,TRUE,FALSE,FALSE,3.3275000000000004e-4,3.3275000000000004e-4,0
Plot E,plotE1-1Matches_Coki_PlotE_20250609_1-1-Coki_PlotE_20250711_1-1.csv,1-1,2,June,July,16,30,480,cm2,37,21,61,1,3.3775,3.5,Orbicella annularis,same,n/s,NA,NA,NA,TRUE,TRUE,TRUE,FALSE,FALSE,3.3775e-4,3.5e-4,3.626943005181349
Plot E,plotE1-1Matches_Coki_PlotE_20250609_1-1-Coki_PlotE_20250711_1-1.csv,1-1,2,June,July,16,30,480,cm2,38,24,68,16,0.485,0.4925,Orbicella annularis,same,n/s,NA,NA,NA,TRUE,TRUE,TRUE,FALSE,FALSE,4.85e-5,4.925e-5,1.546391752577321
Plot E,plotE1-1Matches_Coki_PlotE_20250609_1-1-Coki_PlotE_20250711_1-1.csv,1-1,2,June,July,16,30,480,cm2,39,25,69,18,6.56,6.4875,Orbicella annularis,same,n/s,NA,NA,NA,TRUE,TRUE,TRUE,FALSE,FALSE,6.56e-4,6.4875e-4,-1.105182926829265
Plot E,plotE1-1Matches_Coki_PlotE_20250609_1-1-Coki_PlotE_20250711_1-1.csv,1-1,2,June,July,16,30,480,cm2,40,21,70,15,4.44,4.23,Orbicella annularis,same,n/s,NA,NA,NA,TRUE,TRUE,TRUE,FALSE,FALSE,4.4400000000000006e-4,4.2300000000000004e-4,-4.729729729729729
Plot E,plotE1-1Matches_Coki_PlotE_20250609_1-1-Coki_PlotE_20250711_1-1.csv,1-1,2,June,July,16,30,480,cm2,41,28,75,22,7.89,8.0475,Orbicella annularis,same,n/s,NA,NA,NA,TRUE,TRUE,TRUE,FALSE,FALSE,7.89e-4,8.047499999999999e-4,1.9961977186311757
Plot E,plotE1-1Matches_Coki_PlotE_20250609_1-1-Coki_PlotE_20250711_1-1.csv,1-1,2,June,July,16,30,480,cm2,42,25,76,27,2.415,2.35,Orbicella annularis,same,n/s,NA,NA,NA,TRUE,TRUE,TRUE,FALSE,FALSE,2.4150000000000002e-4,2.3500000000000002e-4,-2.6915113871635588
Plot E,plotE1-1Matches_Coki_PlotE_20250609_1-1-Coki_PlotE_20250711_1-1.csv,1-1,2,June,July,16,30,480,cm2,43,39,116,105,5.4775,5.75,Orbicella franksi,same,n/s,NA,NA,NA,TRUE,TRUE,TRUE,FALSE,FALSE,5.4775e-4,5.75e-4,4.974897307165677
Plot E,plotE1-1Matches_Coki_PlotE_20250609_1-1-Coki_PlotE_20250711_1-1.csv,1-1,2,June,July,16,30,480,cm2,44,40,117,106,5.73,5.7025,Orbicella franksi,same,n/s,NA,NA,NA,TRUE,TRUE,TRUE,FALSE,FALSE,5.73e-4,5.7025e-4,-0.47993019197208975
Plot E,plotE1-1Matches_Coki_PlotE_20250609_1-1-Coki_PlotE_20250711_1-1.csv,1-1,2,June,July,16,30,480,cm2,45,38,118,107,6.04,5.985,Orbicella franksi,same,n/s,NA,NA,NA,TRUE,TRUE,TRUE,FALSE,FALSE,6.04e-4,5.985000000000001e-4,-0.9105960264900615
Plot E,plotE1-1Matches_Coki_PlotE_20250609_1-1-Coki_PlotE_20250711_1-1.csv,1-1,2,June,July,16,30,480,cm2,46,42,121,110,6.2425,6.3425,Orbicella franksi,same,n/s,NA,NA,NA,TRUE,TRUE,TRUE,FALSE,FALSE,6.2425e-4,6.3425e-4,1.6019223067681303
Plot E,plotE1-1Matches_Coki_PlotE_20250609_1-1-Coki_PlotE_20250711_1-1.csv,1-1,2,June,July,16,30,480,cm2,47,43,123,112,6.1525,6.0425,Orbicella franksi,same,n/s,NA,NA,NA,TRUE,TRUE,TRUE,FALSE,FALSE,6.1525e-4,6.042500000000001e-4,-1.7878911011783736
Plot E,plotE1-1Matches_Coki_PlotE_20250609_1-1-Coki_PlotE_20250711_1-1.csv,1-1,2,June,July,16,30,480,cm2,48,44,124,111,4.745,4.73,Orbicella franksi,same,n/s,NA,NA,NA,TRUE,TRUE,TRUE,FALSE,FALSE,4.745e-4,4.7300000000000006e-4,-0.31612223393044636
Plot E,plotE1-1Matches_Coki_PlotE_20250609_1-1-Coki_PlotE_20250711_1-1.csv,1-1,2,June,July,16,30,480,cm2,49,45,125,113,5.985,6.145,Orbicella franksi,same,n/s,NA,NA,NA,TRUE,TRUE,TRUE,FALSE,FALSE,5.985000000000001e-4,6.144999999999999e-4,2.673350041771082
Plot E,plotE1-1Matches_Coki_PlotE_20250609_1-1-Coki_PlotE_20250711_1-1.csv,1-1,2,June,July,16,30,480,cm2,50,46,126,115,5.115,5.09,Orbicella franksi,same,n/s,NA,NA,NA,TRUE,TRUE,TRUE,FALSE,FALSE,5.115e-4,5.09e-4,-0.48875855327468926
Plot E,plotE1-1Matches_Coki_PlotE_20250609_1-1-Coki_PlotE_20250711_1-1.csv,1-1,2,June,July,16,30,480,cm2,51,48,134,125,2.3325,2.3525,Orbicella annularis,same,n/s,NA,NA,NA,TRUE,TRUE,TRUE,FALSE,FALSE,2.3325e-4,2.3525e-4,0.8574490889603438
Plot E,plotE1-1Matches_Coki_PlotE_20250609_1-1-Coki_PlotE_20250711_1-1.csv,1-1,2,June,July,16,30,480,cm2,52,49,137,128,5.37,5.4275,Orbicella annularis,same,n/s,NA,NA,NA,TRUE,TRUE,TRUE,FALSE,FALSE,5.37e-4,5.4275e-4,1.0707635009311007
Plot E,plotE1-1Matches_Coki_PlotE_20250609_1-1-Coki_PlotE_20250711_1-1.csv,1-1,2,June,July,16,30,480,cm2,53,50,138,129,4.6675,4.755,Orbicella annularis,same,n/s,NA,NA,NA,TRUE,TRUE,TRUE,FALSE,FALSE,4.6675000000000004e-4,4.755e-4,1.874665238350283
Plot E,plotE1-1Matches_Coki_PlotE_20250609_1-1-Coki_PlotE_20250711_1-1.csv,1-1,2,June,July,16,30,480,cm2,54,54,192,180,5.1175,5.33,Orbicella annularis,same,n/s,NA,NA,NA,TRUE,TRUE,TRUE,FALSE,FALSE,5.117499999999999e-4,5.33e-4,4.152418172936011
Plot E,plotE1-1Matches_Coki_PlotE_20250609_1-1-Coki_PlotE_20250711_1-1.csv,1-1,2,June,July,16,30,480,cm2,55,55,194,183,9.13,8.975,Orbicella faveolata,same,n/s,NA,NA,NA,TRUE,TRUE,TRUE,FALSE,FALSE,9.130000000000001e-4,8.975e-4,-1.697699890470987
Plot E,plotE1-1Matches_Coki_PlotE_20250609_1-1-Coki_PlotE_20250711_1-1.csv,1-1,2,June,July,16,30,480,cm2,56,27,73,21,4.1675,3.1025,Orbicella annularis,shrink,n/s,NA,NA,NA,TRUE,TRUE,TRUE,FALSE,FALSE,4.1675e-4,3.1025e-4,-25.554889022195567
Plot E,plotE1-1Matches_Coki_PlotE_20250609_1-1-Coki_PlotE_20250711_1-1.csv,1-1,2,June,July,16,30,480,cm2,57,29,74,26,1.2075,0.9975,Orbicella annularis,shrink,n/s,NA,NA,NA,TRUE,TRUE,TRUE,FALSE,FALSE,1.2075000000000001e-4,9.975e-5,-17.391304347826082
Plot E,plotE1-1Matches_Coki_PlotE_20250609_1-1-Coki_PlotE_20250711_1-1.csv,1-1,2,June,July,16,30,480,cm2,58,31,79,29,10.4,9.1025,Orbicella annularis,shrink,n/s,NA,NA,NA,TRUE,TRUE,TRUE,FALSE,FALSE,0.0010400000000000001,9.102499999999999e-4,-12.475961538461549
Plot E,plotE1-1Matches_Coki_PlotE_20250609_1-1-Coki_PlotE_20250711_1-1.csv,1-1,2,June,July,16,30,480,cm2,59,33,83,38,3.01,2.8225,Orbicella annularis,shrink,n/s,NA,NA,NA,TRUE,TRUE,TRUE,FALSE,FALSE,3.01e-4,2.8225e-4,-6.229235880398671
Plot E,plotE1-1Matches_Coki_PlotE_20250609_1-1-Coki_PlotE_20250711_1-1.csv,1-1,2,June,July,16,30,480,cm2,60,34,86,45,3.525,3.0675,Orbicella annularis,shrink,n/s,NA,NA,NA,TRUE,TRUE,TRUE,FALSE,FALSE,3.525e-4,3.0675e-4,-12.97872340425532
Plot E,plotE1-1Matches_Coki_PlotE_20250609_1-1-Coki_PlotE_20250711_1-1.csv,1-1,2,June,July,16,30,480,cm2,61,35,88,47,0.6225,0.54,Orbicella annularis,shrink,n/s,NA,NA,NA,TRUE,TRUE,TRUE,FALSE,FALSE,6.225000000000001e-5,5.4000000000000005e-5,-13.253012048192772
Plot E,plotE1-1Matches_Coki_PlotE_20250609_1-1-Coki_PlotE_20250711_1-1.csv,1-1,2,June,July,16,30,480,cm2,62,41,119,108,5.45,5.0125,Orbicella franksi,shrink,n/s,NA,NA,NA,TRUE,TRUE,TRUE,FALSE,FALSE,5.45e-4,5.012500000000001e-4,-8.027522935779816
Plot E,plotE1-1Matches_Coki_PlotE_20250609_1-1-Coki_PlotE_20250711_1-1.csv,1-1,2,June,July,16,30,480,cm2,63,52,190,179,6.2025,5.9025,Orbicella annularis,shrink,n/s,NA,NA,NA,TRUE,TRUE,TRUE,FALSE,FALSE,6.202499999999999e-4,5.9025e-4,-4.836759371221279
Plot E,plotE1-1Matches_Coki_PlotE_20250609_1-1-Coki_PlotE_20250711_1-1.csv,1-1,2,June,July,16,30,480,cm2,64,56,195,184,5.18,4.1025,Orbicella faveolata,shrink,n/s,NA,NA,NA,TRUE,TRUE,TRUE,FALSE,FALSE,5.18e-4,4.1025e-4,-20.801158301158296
Plot E,plotE1-1Matches_Coki_PlotE_20250609_1-1-Coki_PlotE_20250711_1-1.csv,1-1,2,June,July,16,30,480,cm2,65,57,198,185,6.04,4.27,Orbicella faveolata,shrink,n/s,NA,NA,NA,TRUE,TRUE,TRUE,FALSE,FALSE,6.04e-4,4.2699999999999997e-4,-29.304635761589413
Plot E,plotE1-1Matches_Coki_PlotE_20250609_1-1-Coki_PlotE_20250711_1-1.csv,1-1,2,June,July,16,30,480,cm2,66,58,199,186,16.9925,9,Acropora palmata,shrink,n/s,NA,NA,NA,TRUE,TRUE,TRUE,FALSE,FALSE,0.00169925,9e-4,-47.03545681918494
Plot E,plotE1-1Matches_Coki_PlotE_20250609_1-1-Coki_PlotE_20250711_1-1.csv,1-1,2,June,July,16,30,480,cm2,67,59,200,187,16.4075,10.5825,Acropora palmata,shrink,n/s,NA,NA,NA,TRUE,TRUE,TRUE,FALSE,FALSE,0.0016407499999999998,0.00105825,-35.502056986134384
Plot E,plotE1-1Matches_Coki_PlotE_20250609_1-1-Coki_PlotE_20250711_1-1.csv,1-1,2,June,July,16,30,480,cm2,68,60,201,188,19.62,18.5625,Acropora palmata,shrink,n/s,NA,NA,NA,TRUE,TRUE,TRUE,FALSE,FALSE,0.001962,0.00185625,-5.389908256880739
Plot E,plotE1-1Matches_Coki_PlotE_20250609_1-1-Coki_PlotE_20250711_1-1.csv,1-1,2,June,July,16,30,480,cm2,69,61,202,189,9.985,9.3575,Acropora palmata,shrink,n/s,NA,NA,NA,TRUE,TRUE,TRUE,FALSE,FALSE,9.985e-4,9.3575e-4,-6.2844266399599356
Plot E,plotE1-1Matches_Coki_PlotE_20250609_1-1-Coki_PlotE_20250711_1-1.csv,1-1,2,June,July,16,30,480,cm2,70,62,203,192,14.03,12.1525,Acropora palmata,shrink,n/s,NA,NA,NA,TRUE,TRUE,TRUE,FALSE,FALSE,0.001403,0.00121525,-13.382038488952242
Plot E,plotE1-1Matches_Coki_PlotE_20250711_1-1-Coki_PlotE_20250804_1-1.csv,1-1,3,July,August,16,30,480,cm2,1,63,-1,0,0,4.255,Orbicella sp.,born,none,NA,NA,NA,FALSE,TRUE,FALSE,FALSE,TRUE,0,4.255e-4,NA
Plot E,plotE1-1Matches_Coki_PlotE_20250711_1-1-Coki_PlotE_20250804_1-1.csv,1-1,3,July,August,16,30,480,cm2,2,64,-1,1,0,2.92,Orbicella sp.,born,none,NA,NA,NA,FALSE,TRUE,FALSE,FALSE,TRUE,0,2.92e-4,NA
Plot E,plotE1-1Matches_Coki_PlotE_20250711_1-1-Coki_PlotE_20250804_1-1.csv,1-1,3,July,August,16,30,480,cm2,3,0,20,-1,0.4325,0,Orbicella annularis,dead,none,NA,NA,NA,TRUE,FALSE,FALSE,TRUE,FALSE,4.325e-5,0,NA
Plot E,plotE1-1Matches_Coki_PlotE_20250711_1-1-Coki_PlotE_20250804_1-1.csv,1-1,3,July,August,16,30,480,cm2,4,21,1,64,3.5,3.8625,Orbicella annularis,grow,n/s,NA,NA,NA,TRUE,TRUE,TRUE,FALSE,FALSE,3.5e-4,3.8625e-4,10.357142857142852
Plot E,plotE1-1Matches_Coki_PlotE_20250711_1-1-Coki_PlotE_20250804_1-1.csv,1-1,3,July,August,16,30,480,cm2,5,21,15,71,4.23,4.905,Orbicella annularis,grow,n/s,NA,NA,NA,TRUE,TRUE,TRUE,FALSE,FALSE,4.2300000000000004e-4,4.905e-4,15.957446808510634
Plot E,plotE1-1Matches_Coki_PlotE_20250711_1-1-Coki_PlotE_20250804_1-1.csv,1-1,3,July,August,16,30,480,cm2,6,24,16,70,0.4925,0.7675,Orbicella annularis,grow,n/s,NA,NA,NA,TRUE,TRUE,TRUE,FALSE,FALSE,4.925e-5,7.675e-5,55.837563451776646
Plot E,plotE1-1Matches_Coki_PlotE_20250711_1-1-Coki_PlotE_20250804_1-1.csv,1-1,3,July,August,16,30,480,cm2,7,25,18,72,6.4875,7.0525,Orbicella annularis,grow,n/s,NA,NA,NA,TRUE,TRUE,TRUE,FALSE,FALSE,6.4875e-4,7.0525e-4,8.709055876685941
Plot E,plotE1-1Matches_Coki_PlotE_20250711_1-1-Coki_PlotE_20250804_1-1.csv,1-1,3,July,August,16,30,480,cm2,8,27,21,74,3.1025,4.0175,Orbicella annularis,grow,n/s,NA,NA,NA,TRUE,TRUE,TRUE,FALSE,FALSE,3.1025e-4,4.0175e-4,29.492344883158744
Plot E,plotE1-1Matches_Coki_PlotE_20250711_1-1-Coki_PlotE_20250804_1-1.csv,1-1,3,July,August,16,30,480,cm2,9,28,22,76,8.0475,8.615,Orbicella annularis,grow,n/s,NA,NA,NA,TRUE,TRUE,TRUE,FALSE,FALSE,8.047499999999999e-4,8.615000000000001e-4,7.051879465672579
Plot E,plotE1-1Matches_Coki_PlotE_20250711_1-1-Coki_PlotE_20250804_1-1.csv,1-1,3,July,August,16,30,480,cm2,10,29,26,77,0.9975,1.185,Orbicella annularis,grow,n/s,NA,NA,NA,TRUE,TRUE,TRUE,FALSE,FALSE,9.975e-5,1.1850000000000001e-4,18.796992481203006
Plot E,plotE1-1Matches_Coki_PlotE_20250711_1-1-Coki_PlotE_20250804_1-1.csv,1-1,3,July,August,16,30,480,cm2,11,25,27,78,2.35,3.0775,Orbicella annularis,grow,n/s,NA,NA,NA,TRUE,TRUE,TRUE,FALSE,FALSE,2.3500000000000002e-4,3.0775e-4,30.95744680851064
Plot E,plotE1-1Matches_Coki_PlotE_20250711_1-1-Coki_PlotE_20250804_1-1.csv,1-1,3,July,August,16,30,480,cm2,12,31,29,80,9.1025,10.51,Orbicella annularis,grow,n/s,NA,NA,NA,TRUE,TRUE,TRUE,FALSE,FALSE,9.102499999999999e-4,0.001051,15.46278494918979
Plot E,plotE1-1Matches_Coki_PlotE_20250711_1-1-Coki_PlotE_20250804_1-1.csv,1-1,3,July,August,16,30,480,cm2,13,33,38,83,2.8225,3.255,Orbicella annularis,grow,n/s,NA,NA,NA,TRUE,TRUE,TRUE,FALSE,FALSE,2.8225e-4,3.255e-4,15.323294951284328
Plot E,plotE1-1Matches_Coki_PlotE_20250711_1-1-Coki_PlotE_20250804_1-1.csv,1-1,3,July,August,16,30,480,cm2,14,34,45,86,3.0675,4.065,Orbicella annularis,grow,n/s,NA,NA,NA,TRUE,TRUE,TRUE,FALSE,FALSE,3.0675e-4,4.065e-4,32.51833740831298
Plot E,plotE1-1Matches_Coki_PlotE_20250711_1-1-Coki_PlotE_20250804_1-1.csv,1-1,3,July,August,16,30,480,cm2,15,35,47,88,0.54,0.6225,Orbicella annularis,grow,n/s,NA,NA,NA,TRUE,TRUE,TRUE,FALSE,FALSE,5.4000000000000005e-5,6.225000000000001e-5,15.27777777777778
Plot E,plotE1-1Matches_Coki_PlotE_20250711_1-1-Coki_PlotE_20250804_1-1.csv,1-1,3,July,August,16,30,480,cm2,16,2,59,28,4.9825,5.5075,Orbicella franksi,grow,n/s,NA,NA,NA,TRUE,TRUE,TRUE,FALSE,FALSE,4.9825e-4,5.5075e-4,10.536879076768697
Plot E,plotE1-1Matches_Coki_PlotE_20250711_1-1-Coki_PlotE_20250804_1-1.csv,1-1,3,July,August,16,30,480,cm2,17,4,65,31,5.025,5.385,Orbicella franksi,grow,n/s,NA,NA,NA,TRUE,TRUE,TRUE,FALSE,FALSE,5.025e-4,5.385e-4,7.1641791044776
Plot E,plotE1-1Matches_Coki_PlotE_20250711_1-1-Coki_PlotE_20250804_1-1.csv,1-1,3,July,August,16,30,480,cm2,18,8,71,37,5.1375,5.435,Orbicella franksi,grow,n/s,NA,NA,NA,TRUE,TRUE,TRUE,FALSE,FALSE,5.1375e-4,5.434999999999999e-4,5.7907542579075315
Plot E,plotE1-1Matches_Coki_PlotE_20250711_1-1-Coki_PlotE_20250804_1-1.csv,1-1,3,July,August,16,30,480,cm2,19,9,73,38,5.15,5.7575,Orbicella franksi,grow,n/s,NA,NA,NA,TRUE,TRUE,TRUE,FALSE,FALSE,5.15e-4,5.7575e-4,11.796116504854366
Plot E,plotE1-1Matches_Coki_PlotE_20250711_1-1-Coki_PlotE_20250804_1-1.csv,1-1,3,July,August,16,30,480,cm2,20,11,76,40,4.0925,4.435,Orbicella franksi,grow,n/s,NA,NA,NA,TRUE,TRUE,TRUE,FALSE,FALSE,4.0925e-4,4.4349999999999994e-4,8.368967623701877
Plot E,plotE1-1Matches_Coki_PlotE_20250711_1-1-Coki_PlotE_20250804_1-1.csv,1-1,3,July,August,16,30,480,cm2,21,13,78,42,2.3,3.545,Orbicella franksi,grow,n/s,NA,NA,NA,TRUE,TRUE,TRUE,FALSE,FALSE,2.2999999999999998e-4,3.545e-4,54.13043478260871
Plot E,plotE1-1Matches_Coki_PlotE_20250711_1-1-Coki_PlotE_20250804_1-1.csv,1-1,3,July,August,16,30,480,cm2,22,16,84,47,8.3075,9.0725,Orbicella annularis,grow,n/s,NA,NA,NA,TRUE,TRUE,TRUE,FALSE,FALSE,8.307499999999999e-4,9.0725e-4,9.208546494131816
Plot E,plotE1-1Matches_Coki_PlotE_20250711_1-1-Coki_PlotE_20250804_1-1.csv,1-1,3,July,August,16,30,480,cm2,23,18,87,50,2.83,3.3275,Orbicella annularis,grow,n/s,NA,NA,NA,TRUE,TRUE,TRUE,FALSE,FALSE,2.83e-4,3.3275000000000004e-4,17.579505300353357
Plot E,plotE1-1Matches_Coki_PlotE_20250711_1-1-Coki_PlotE_20250804_1-1.csv,1-1,3,July,August,16,30,480,cm2,24,19,89,52,5.1625,6.845,Orbicella annularis,grow,n/s,NA,NA,NA,TRUE,TRUE,TRUE,FALSE,FALSE,5.1625e-4,6.845e-4,32.590799031477
Plot E,plotE1-1Matches_Coki_PlotE_20250711_1-1-Coki_PlotE_20250804_1-1.csv,1-1,3,July,August,16,30,480,cm2,25,19,90,53,2.49,2.7925,Orbicella annularis,grow,n/s,NA,NA,NA,TRUE,TRUE,TRUE,FALSE,FALSE,2.4900000000000004e-4,2.7925e-4,12.148594377510031
Plot E,plotE1-1Matches_Coki_PlotE_20250711_1-1-Coki_PlotE_20250804_1-1.csv,1-1,3,July,August,16,30,480,cm2,26,20,91,54,5.025,5.445,Orbicella annularis,grow,n/s,NA,NA,NA,TRUE,TRUE,TRUE,FALSE,FALSE,5.025e-4,5.445000000000001e-4,8.358208955223878
Plot E,plotE1-1Matches_Coki_PlotE_20250711_1-1-Coki_PlotE_20250804_1-1.csv,1-1,3,July,August,16,30,480,cm2,27,41,108,116,5.0125,5.435,Orbicella franksi,grow,n/s,NA,NA,NA,TRUE,TRUE,TRUE,FALSE,FALSE,5.012500000000001e-4,5.434999999999999e-4,8.428927680797994
Plot E,plotE1-1Matches_Coki_PlotE_20250711_1-1-Coki_PlotE_20250804_1-1.csv,1-1,3,July,August,16,30,480,cm2,28,49,128,135,5.4275,6.345,Orbicella annularis,grow,n/s,NA,NA,NA,TRUE,TRUE,TRUE,FALSE,FALSE,5.4275e-4,6.345e-4,16.90465223399354
Plot E,plotE1-1Matches_Coki_PlotE_20250711_1-1-Coki_PlotE_20250804_1-1.csv,1-1,3,July,August,16,30,480,cm2,29,50,129,136,4.755,5.3025,Orbicella annularis,grow,n/s,NA,NA,NA,TRUE,TRUE,TRUE,FALSE,FALSE,4.755e-4,5.3025e-4,11.514195583596221
Plot E,plotE1-1Matches_Coki_PlotE_20250711_1-1-Coki_PlotE_20250804_1-1.csv,1-1,3,July,August,16,30,480,cm2,30,52,179,179,5.9025,6.5125,Orbicella annularis,grow,n/s,NA,NA,NA,TRUE,TRUE,TRUE,FALSE,FALSE,5.9025e-4,6.5125e-4,10.334603981363834
Plot E,plotE1-1Matches_Coki_PlotE_20250711_1-1-Coki_PlotE_20250804_1-1.csv,1-1,3,July,August,16,30,480,cm2,31,54,180,181,5.33,5.9875,Orbicella annularis,grow,n/s,NA,NA,NA,TRUE,TRUE,TRUE,FALSE,FALSE,5.33e-4,5.9875e-4,12.335834896810502
Plot E,plotE1-1Matches_Coki_PlotE_20250711_1-1-Coki_PlotE_20250804_1-1.csv,1-1,3,July,August,16,30,480,cm2,32,56,184,184,4.1025,5.2875,Orbicella faveolata,grow,n/s,NA,NA,NA,TRUE,TRUE,TRUE,FALSE,FALSE,4.1025e-4,5.287499999999999e-4,28.884826325411325
Plot E,plotE1-1Matches_Coki_PlotE_20250711_1-1-Coki_PlotE_20250804_1-1.csv,1-1,3,July,August,16,30,480,cm2,33,57,185,187,4.27,6.4775,Orbicella faveolata,grow,n/s,NA,NA,NA,TRUE,TRUE,TRUE,FALSE,FALSE,4.2699999999999997e-4,6.4775e-4,51.69789227166278
Plot E,plotE1-1Matches_Coki_PlotE_20250711_1-1-Coki_PlotE_20250804_1-1.csv,1-1,3,July,August,16,30,480,cm2,34,58,186,188,9,20.9375,Acropora palmata,grow,n/s,NA,NA,NA,TRUE,TRUE,TRUE,FALSE,FALSE,9e-4,0.00209375,132.63888888888889
Plot E,plotE1-1Matches_Coki_PlotE_20250711_1-1-Coki_PlotE_20250804_1-1.csv,1-1,3,July,August,16,30,480,cm2,35,59,187,189,10.5825,22.0525,Acropora palmata,grow,n/s,NA,NA,NA,TRUE,TRUE,TRUE,FALSE,FALSE,0.00105825,0.0022052499999999997,108.38648712497047
Plot E,plotE1-1Matches_Coki_PlotE_20250711_1-1-Coki_PlotE_20250804_1-1.csv,1-1,3,July,August,16,30,480,cm2,36,60,188,190,18.5625,26.4,Acropora palmata,grow,n/s,NA,NA,NA,TRUE,TRUE,TRUE,FALSE,FALSE,0.00185625,0.00264,42.222222222222214
Plot E,plotE1-1Matches_Coki_PlotE_20250711_1-1-Coki_PlotE_20250804_1-1.csv,1-1,3,July,August,16,30,480,cm2,37,61,189,191,9.3575,13.925,Acropora palmata,grow,n/s,NA,NA,NA,TRUE,TRUE,TRUE,FALSE,FALSE,9.3575e-4,0.0013925,48.81111407961529
Plot E,plotE1-1Matches_Coki_PlotE_20250711_1-1-Coki_PlotE_20250804_1-1.csv,1-1,3,July,August,16,30,480,cm2,38,62,192,192,12.1525,15.55,Acropora palmata,grow,n/s,NA,NA,NA,TRUE,TRUE,TRUE,FALSE,FALSE,0.00121525,0.0015550000000000002,27.95721045052459
Plot E,plotE1-1Matches_Coki_PlotE_20250711_1-1-Coki_PlotE_20250804_1-1.csv,1-1,3,July,August,16,30,480,cm2,39,32,35,81,120.8975,272.8425,Acropora palmata,n/s,fuse,NA,NA,NA,TRUE,TRUE,TRUE,FALSE,FALSE,0.01208975,0.027284249999999996,125.68084534419654
Plot E,plotE1-1Matches_Coki_PlotE_20250711_1-1-Coki_PlotE_20250804_1-1.csv,1-1,3,July,August,16,30,480,cm2,40,32,48,81,33.1025,272.8425,Acropora palmata,n/s,fuse,NA,NA,NA,TRUE,TRUE,TRUE,FALSE,FALSE,0.00331025,0.027284249999999996,724.2353296578807
Plot E,plotE1-1Matches_Coki_PlotE_20250711_1-1-Coki_PlotE_20250804_1-1.csv,1-1,3,July,August,16,30,480,cm2,41,32,57,81,73.19,272.8425,Acropora palmata,n/s,fuse,NA,NA,NA,TRUE,TRUE,TRUE,FALSE,FALSE,0.007319,0.027284249999999996,272.78658286651176
Plot E,plotE1-1Matches_Coki_PlotE_20250711_1-1-Coki_PlotE_20250804_1-1.csv,1-1,3,July,August,16,30,480,cm2,42,21,0,63,16.3275,16.8725,Orbicella annularis,same,n/s,NA,NA,NA,TRUE,TRUE,TRUE,FALSE,FALSE,0.00163275,0.00168725,3.3379268105956093
Plot E,plotE1-1Matches_Coki_PlotE_20250711_1-1-Coki_PlotE_20250804_1-1.csv,1-1,3,July,August,16,30,480,cm2,43,36,50,89,1.735,1.7125,Orbicella annularis,same,n/s,NA,NA,NA,TRUE,TRUE,TRUE,FALSE,FALSE,1.7350000000000002e-4,1.7125e-4,-1.296829971181567
Plot E,plotE1-1Matches_Coki_PlotE_20250711_1-1-Coki_PlotE_20250804_1-1.csv,1-1,3,July,August,16,30,480,cm2,44,3,62,29,4.4275,4.3675,Orbicella franksi,same,n/s,NA,NA,NA,TRUE,TRUE,TRUE,FALSE,FALSE,4.4275e-4,4.3674999999999996e-4,-1.355166572557888
Plot E,plotE1-1Matches_Coki_PlotE_20250711_1-1-Coki_PlotE_20250804_1-1.csv,1-1,3,July,August,16,30,480,cm2,45,5,67,32,4.9525,4.795,Orbicella franksi,same,n/s,NA,NA,NA,TRUE,TRUE,TRUE,FALSE,FALSE,4.952499999999999e-4,4.795e-4,-3.1802120141342707
Plot E,plotE1-1Matches_Coki_PlotE_20250711_1-1-Coki_PlotE_20250804_1-1.csv,1-1,3,July,August,16,30,480,cm2,46,22,97,61,3.3275,3.35,Orbicella annularis,same,n/s,NA,NA,NA,TRUE,TRUE,TRUE,FALSE,FALSE,3.3275000000000004e-4,3.35e-4,0.6761833208114189
Plot E,plotE1-1Matches_Coki_PlotE_20250711_1-1-Coki_PlotE_20250804_1-1.csv,1-1,3,July,August,16,30,480,cm2,47,39,105,113,5.75,5.825,Orbicella franksi,same,n/s,NA,NA,NA,TRUE,TRUE,TRUE,FALSE,FALSE,5.75e-4,5.825e-4,1.3043478260869596
Plot E,plotE1-1Matches_Coki_PlotE_20250711_1-1-Coki_PlotE_20250804_1-1.csv,1-1,3,July,August,16,30,480,cm2,48,38,107,114,5.985,5.8125,Orbicella franksi,same,n/s,NA,NA,NA,TRUE,TRUE,TRUE,FALSE,FALSE,5.985000000000001e-4,5.8125e-4,-2.8822055137844664
Plot E,plotE1-1Matches_Coki_PlotE_20250711_1-1-Coki_PlotE_20250804_1-1.csv,1-1,3,July,August,16,30,480,cm2,49,42,110,117,6.3425,6.49,Orbicella franksi,same,n/s,NA,NA,NA,TRUE,TRUE,TRUE,FALSE,FALSE,6.3425e-4,0.00064900000000000005,2.3255813953488365
Plot E,plotE1-1Matches_Coki_PlotE_20250711_1-1-Coki_PlotE_20250804_1-1.csv,1-1,3,July,August,16,30,480,cm2,50,43,112,119,6.0425,6.1875,Orbicella franksi,same,n/s,NA,NA,NA,TRUE,TRUE,TRUE,FALSE,FALSE,6.042500000000001e-4,6.1875e-4,2.399669011170866
Plot E,plotE1-1Matches_Coki_PlotE_20250711_1-1-Coki_PlotE_20250804_1-1.csv,1-1,3,July,August,16,30,480,cm2,51,45,113,121,6.145,5.915,Orbicella franksi,same,n/s,NA,NA,NA,TRUE,TRUE,TRUE,FALSE,FALSE,6.144999999999999e-4,5.915e-4,-3.742880390561425
Plot E,plotE1-1Matches_Coki_PlotE_20250711_1-1-Coki_PlotE_20250804_1-1.csv,1-1,3,July,August,16,30,480,cm2,52,47,124,132,5.77,5.5475,Orbicella annularis,same,n/s,NA,NA,NA,TRUE,TRUE,TRUE,FALSE,FALSE,5.769999999999999e-4,5.5475e-4,-3.8561525129982543
Plot E,plotE1-1Matches_Coki_PlotE_20250711_1-1-Coki_PlotE_20250804_1-1.csv,1-1,3,July,August,16,30,480,cm2,53,51,130,137,6.975,6.9875,Orbicella annularis,same,n/s,NA,NA,NA,TRUE,TRUE,TRUE,FALSE,FALSE,6.975e-4,6.987499999999999e-4,0.17921146953405273
Plot E,plotE1-1Matches_Coki_PlotE_20250711_1-1-Coki_PlotE_20250804_1-1.csv,1-1,3,July,August,16,30,480,cm2,54,53,176,177,6.7625,6.5525,Orbicella annularis,same,n/s,NA,NA,NA,TRUE,TRUE,TRUE,FALSE,FALSE,6.7625e-4,6.5525e-4,-3.10536044362292
Plot E,plotE1-1Matches_Coki_PlotE_20250711_1-1-Coki_PlotE_20250804_1-1.csv,1-1,3,July,August,16,30,480,cm2,55,52,177,176,4.6825,4.675,Orbicella annularis,same,n/s,NA,NA,NA,TRUE,TRUE,TRUE,FALSE,FALSE,4.6825e-4,4.675e-4,-0.16017084890550526
Plot E,plotE1-1Matches_Coki_PlotE_20250711_1-1-Coki_PlotE_20250804_1-1.csv,1-1,3,July,August,16,30,480,cm2,56,52,178,178,6.2925,6.3775,Orbicella annularis,same,n/s,NA,NA,NA,TRUE,TRUE,TRUE,FALSE,FALSE,6.2925e-4,6.377500000000001e-4,1.3508144616607065
Plot E,plotE1-1Matches_Coki_PlotE_20250711_1-1-Coki_PlotE_20250804_1-1.csv,1-1,3,July,August,16,30,480,cm2,57,55,183,183,8.975,9.1725,Orbicella faveolata,same,n/s,NA,NA,NA,TRUE,TRUE,TRUE,FALSE,FALSE,8.975e-4,9.1725e-4,2.2005571030640647
Plot E,plotE1-1Matches_Coki_PlotE_20250711_1-1-Coki_PlotE_20250804_1-1.csv,1-1,3,July,August,16,30,480,cm2,58,26,17,73,2.76,2.565,Orbicella annularis,shrink,n/s,NA,NA,NA,TRUE,TRUE,TRUE,FALSE,FALSE,2.76e-4,2.565e-4,-7.065217391304343
Plot E,plotE1-1Matches_Coki_PlotE_20250711_1-1-Coki_PlotE_20250804_1-1.csv,1-1,3,July,August,16,30,480,cm2,59,6,69,36,3.975,3.69,Orbicella franksi,shrink,n/s,NA,NA,NA,TRUE,TRUE,TRUE,FALSE,FALSE,3.975e-4,3.6899999999999997e-4,-7.169811320754721
Plot E,plotE1-1Matches_Coki_PlotE_20250711_1-1-Coki_PlotE_20250804_1-1.csv,1-1,3,July,August,16,30,480,cm2,60,14,80,45,4.695,2.9125,Orbicella franksi,shrink,n/s,NA,NA,NA,TRUE,TRUE,TRUE,FALSE,FALSE,4.6950000000000003e-4,2.9125e-4,-37.96592119275826
Plot E,plotE1-1Matches_Coki_PlotE_20250711_1-1-Coki_PlotE_20250804_1-1.csv,1-1,3,July,August,16,30,480,cm2,61,21,96,60,4.7425,4.3125,Orbicella annularis,shrink,n/s,NA,NA,NA,TRUE,TRUE,TRUE,FALSE,FALSE,4.7424999999999995e-4,4.3125e-4,-9.066947812335261
Plot E,plotE1-1Matches_Coki_PlotE_20250711_1-1-Coki_PlotE_20250804_1-1.csv,1-1,3,July,August,16,30,480,cm2,62,40,106,115,5.7025,5.2375,Orbicella franksi,shrink,n/s,NA,NA,NA,TRUE,TRUE,TRUE,FALSE,FALSE,5.7025e-4,5.2375e-4,-8.1543182814555
Plot E,plotE1-1Matches_Coki_PlotE_20250711_1-1-Coki_PlotE_20250804_1-1.csv,1-1,3,July,August,16,30,480,cm2,63,44,111,120,4.73,4.4675,Orbicella franksi,shrink,n/s,NA,NA,NA,TRUE,TRUE,TRUE,FALSE,FALSE,4.7300000000000006e-4,4.4675000000000004e-4,-5.549682875264274
Plot E,plotE1-1Matches_Coki_PlotE_20250711_1-1-Coki_PlotE_20250804_1-1.csv,1-1,3,July,August,16,30,480,cm2,64,46,115,123,5.09,4.5025,Orbicella franksi,shrink,n/s,NA,NA,NA,TRUE,TRUE,TRUE,FALSE,FALSE,5.09e-4,4.5025e-4,-11.542239685658142
Plot E,plotE1-1Matches_Coki_PlotE_20250711_1-1-Coki_PlotE_20250804_1-1.csv,1-1,3,July,August,16,30,480,cm2,65,48,125,133,2.3525,2.22,Orbicella annularis,shrink,n/s,NA,NA,NA,TRUE,TRUE,TRUE,FALSE,FALSE,2.3525e-4,2.2200000000000003e-4,-5.632306057385753
Plot E,plotE1-1Matches_Coki_PlotE_20250804_1-1-Coki_PlotE_20250908_1-1.csv,1-1,4,August,September,16,30,480,cm2,1,63,0,0,4.255,4.7325,Orbicella sp.,grow,n/s,NA,NA,NA,TRUE,TRUE,TRUE,FALSE,FALSE,4.255e-4,4.7325e-4,11.222091656874266
Plot E,plotE1-1Matches_Coki_PlotE_20250804_1-1-Coki_PlotE_20250908_1-1.csv,1-1,4,August,September,16,30,480,cm2,2,64,1,1,2.92,3.1825,Orbicella sp.,grow,n/s,NA,NA,NA,TRUE,TRUE,TRUE,FALSE,FALSE,2.92e-4,3.1825e-4,8.989726027397266
Plot E,plotE1-1Matches_Coki_PlotE_20250804_1-1-Coki_PlotE_20250908_1-1.csv,1-1,4,August,September,16,30,480,cm2,3,3,29,28,4.3675,4.6625,Orbicella franksi,grow,n/s,NA,NA,NA,TRUE,TRUE,TRUE,FALSE,FALSE,4.3674999999999996e-4,4.6625e-4,6.754436176302232
Plot E,plotE1-1Matches_Coki_PlotE_20250804_1-1-Coki_PlotE_20250908_1-1.csv,1-1,4,August,September,16,30,480,cm2,4,6,36,34,3.69,4.105,Orbicella franksi,grow,n/s,NA,NA,NA,TRUE,TRUE,TRUE,FALSE,FALSE,3.6899999999999997e-4,4.1050000000000006e-4,11.246612466124676
Plot E,plotE1-1Matches_Coki_PlotE_20250804_1-1-Coki_PlotE_20250908_1-1.csv,1-1,4,August,September,16,30,480,cm2,5,9,38,37,5.7575,6.5925,Orbicella franksi,grow,n/s,NA,NA,NA,TRUE,TRUE,TRUE,FALSE,FALSE,5.7575e-4,6.5925e-4,14.502822405557968
Plot E,plotE1-1Matches_Coki_PlotE_20250804_1-1-Coki_PlotE_20250908_1-1.csv,1-1,4,August,September,16,30,480,cm2,6,14,45,42,2.9125,4.4375,Orbicella franksi,grow,n/s,NA,NA,NA,TRUE,TRUE,TRUE,FALSE,FALSE,2.9125e-4,4.4375e-4,52.36051502145923
Plot E,plotE1-1Matches_Coki_PlotE_20250804_1-1-Coki_PlotE_20250908_1-1.csv,1-1,4,August,September,16,30,480,cm2,7,18,50,48,3.3275,3.5775,Orbicella annularis,grow,n/s,NA,NA,NA,TRUE,TRUE,TRUE,FALSE,FALSE,3.3275000000000004e-4,3.5775e-4,7.513148009015778
Plot E,plotE1-1Matches_Coki_PlotE_20250804_1-1-Coki_PlotE_20250908_1-1.csv,1-1,4,August,September,16,30,480,cm2,8,22,61,59,3.35,3.9625,Orbicella annularis,grow,n/s,NA,NA,NA,TRUE,TRUE,TRUE,FALSE,FALSE,3.35e-4,3.9625e-4,18.283582089552233
Plot E,plotE1-1Matches_Coki_PlotE_20250804_1-1-Coki_PlotE_20250908_1-1.csv,1-1,4,August,September,16,30,480,cm2,9,21,71,69,4.905,5.3525,Orbicella annularis,grow,n/s,NA,NA,NA,TRUE,TRUE,TRUE,FALSE,FALSE,4.905e-4,5.3525e-4,9.123343527013247
Plot E,plotE1-1Matches_Coki_PlotE_20250804_1-1-Coki_PlotE_20250908_1-1.csv,1-1,4,August,September,16,30,480,cm2,10,25,72,68,7.0525,7.51,Orbicella annularis,grow,n/s,NA,NA,NA,TRUE,TRUE,TRUE,FALSE,FALSE,7.0525e-4,7.509999999999999e-4,6.487061325770997
Plot E,plotE1-1Matches_Coki_PlotE_20250804_1-1-Coki_PlotE_20250908_1-1.csv,1-1,4,August,September,16,30,480,cm2,11,26,73,70,2.565,2.7175,Orbicella annularis,grow,n/s,NA,NA,NA,TRUE,TRUE,TRUE,FALSE,FALSE,2.565e-4,2.7174999999999996e-4,5.945419103313835
Plot E,plotE1-1Matches_Coki_PlotE_20250804_1-1-Coki_PlotE_20250908_1-1.csv,1-1,4,August,September,16,30,480,cm2,12,27,74,71,4.0175,4.5225,Orbicella annularis,grow,n/s,NA,NA,NA,TRUE,TRUE,TRUE,FALSE,FALSE,4.0175e-4,4.5225e-4,12.570006222775355
Plot E,plotE1-1Matches_Coki_PlotE_20250804_1-1-Coki_PlotE_20250908_1-1.csv,1-1,4,August,September,16,30,480,cm2,13,28,76,75,8.615,9.315,Orbicella annularis,grow,n/s,NA,NA,NA,TRUE,TRUE,TRUE,FALSE,FALSE,8.615000000000001e-4,9.314999999999999e-4,8.125362739408
Plot E,plotE1-1Matches_Coki_PlotE_20250804_1-1-Coki_PlotE_20250908_1-1.csv,1-1,4,August,September,16,30,480,cm2,14,29,77,73,1.185,1.2625,Orbicella annularis,grow,n/s,NA,NA,NA,TRUE,TRUE,TRUE,FALSE,FALSE,1.1850000000000001e-4,1.2625e-4,6.540084388185646
Plot E,plotE1-1Matches_Coki_PlotE_20250804_1-1-Coki_PlotE_20250908_1-1.csv,1-1,4,August,September,16,30,480,cm2,15,31,80,77,10.51,11.1625,Orbicella annularis,grow,n/s,NA,NA,NA,TRUE,TRUE,TRUE,FALSE,FALSE,0.001051,0.00111625,6.208372978116079
Plot E,plotE1-1Matches_Coki_PlotE_20250804_1-1-Coki_PlotE_20250908_1-1.csv,1-1,4,August,September,16,30,480,cm2,16,32,81,72,272.8425,304.465,Acropora palmata,grow,n/s,NA,NA,NA,TRUE,TRUE,TRUE,FALSE,FALSE,0.027284249999999996,0.030446499999999998,11.590019883265988
Plot E,plotE1-1Matches_Coki_PlotE_20250804_1-1-Coki_PlotE_20250908_1-1.csv,1-1,4,August,September,16,30,480,cm2,17,33,83,80,3.255,3.6275,Orbicella annularis,grow,n/s,NA,NA,NA,TRUE,TRUE,TRUE,FALSE,FALSE,3.255e-4,3.6275e-4,11.44393241167435
Plot E,plotE1-1Matches_Coki_PlotE_20250804_1-1-Coki_PlotE_20250908_1-1.csv,1-1,4,August,September,16,30,480,cm2,18,34,86,81,4.065,4.4875,Orbicella annularis,grow,n/s,NA,NA,NA,TRUE,TRUE,TRUE,FALSE,FALSE,4.065e-4,4.4875e-4,10.393603936039346
Plot E,plotE1-1Matches_Coki_PlotE_20250804_1-1-Coki_PlotE_20250908_1-1.csv,1-1,4,August,September,16,30,480,cm2,19,36,89,86,1.7125,1.9775,Orbicella annularis,grow,n/s,NA,NA,NA,TRUE,TRUE,TRUE,FALSE,FALSE,1.7125e-4,1.9775e-4,15.474452554744534
Plot E,plotE1-1Matches_Coki_PlotE_20250804_1-1-Coki_PlotE_20250908_1-1.csv,1-1,4,August,September,16,30,480,cm2,20,40,115,114,5.2375,5.7525,Orbicella franksi,grow,n/s,NA,NA,NA,TRUE,TRUE,TRUE,FALSE,FALSE,5.2375e-4,5.7525e-4,9.8329355608592
Plot E,plotE1-1Matches_Coki_PlotE_20250804_1-1-Coki_PlotE_20250908_1-1.csv,1-1,4,August,September,16,30,480,cm2,21,41,116,115,5.435,6.105,Orbicella franksi,grow,n/s,NA,NA,NA,TRUE,TRUE,TRUE,FALSE,FALSE,5.434999999999999e-4,6.105e-4,12.327506899724028
Plot E,plotE1-1Matches_Coki_PlotE_20250804_1-1-Coki_PlotE_20250908_1-1.csv,1-1,4,August,September,16,30,480,cm2,22,44,120,117,4.4675,5.0525,Orbicella franksi,grow,n/s,NA,NA,NA,TRUE,TRUE,TRUE,FALSE,FALSE,4.4675000000000004e-4,5.052500000000001e-4,13.094571908226076
Plot E,plotE1-1Matches_Coki_PlotE_20250804_1-1-Coki_PlotE_20250908_1-1.csv,1-1,4,August,September,16,30,480,cm2,23,45,121,120,5.915,6.565,Orbicella franksi,grow,n/s,NA,NA,NA,TRUE,TRUE,TRUE,FALSE,FALSE,5.915e-4,6.565000000000001e-4,10.989010989010994
Plot E,plotE1-1Matches_Coki_PlotE_20250804_1-1-Coki_PlotE_20250908_1-1.csv,1-1,4,August,September,16,30,480,cm2,24,46,123,122,4.5025,5.2675,Orbicella franksi,grow,n/s,NA,NA,NA,TRUE,TRUE,TRUE,FALSE,FALSE,4.5025e-4,5.2675e-4,16.990560799555794
Plot E,plotE1-1Matches_Coki_PlotE_20250804_1-1-Coki_PlotE_20250908_1-1.csv,1-1,4,August,September,16,30,480,cm2,25,47,132,131,5.5475,6.1125,Orbicella annularis,grow,n/s,NA,NA,NA,TRUE,TRUE,TRUE,FALSE,FALSE,5.5475e-4,6.1125e-4,10.184767913474529
Plot E,plotE1-1Matches_Coki_PlotE_20250804_1-1-Coki_PlotE_20250908_1-1.csv,1-1,4,August,September,16,30,480,cm2,26,53,177,176,6.5525,7.725,Orbicella annularis,grow,n/s,NA,NA,NA,TRUE,TRUE,TRUE,FALSE,FALSE,6.5525e-4,7.725e-4,17.89393361312475
Plot E,plotE1-1Matches_Coki_PlotE_20250804_1-1-Coki_PlotE_20250908_1-1.csv,1-1,4,August,September,16,30,480,cm2,27,52,179,177,6.5125,6.8875,Orbicella annularis,grow,n/s,NA,NA,NA,TRUE,TRUE,TRUE,FALSE,FALSE,6.5125e-4,6.8875e-4,5.758157389635317
Plot E,plotE1-1Matches_Coki_PlotE_20250804_1-1-Coki_PlotE_20250908_1-1.csv,1-1,4,August,September,16,30,480,cm2,28,54,181,179,5.9875,7.3075,Orbicella annularis,grow,n/s,NA,NA,NA,TRUE,TRUE,TRUE,FALSE,FALSE,5.9875e-4,7.307500000000001e-4,22.04592901878915
Plot E,plotE1-1Matches_Coki_PlotE_20250804_1-1-Coki_PlotE_20250908_1-1.csv,1-1,4,August,September,16,30,480,cm2,29,55,183,181,9.1725,9.9625,Orbicella faveolata,grow,n/s,NA,NA,NA,TRUE,TRUE,TRUE,FALSE,FALSE,9.1725e-4,9.9625e-4,8.612701008449179
Plot E,plotE1-1Matches_Coki_PlotE_20250804_1-1-Coki_PlotE_20250908_1-1.csv,1-1,4,August,September,16,30,480,cm2,30,56,184,182,5.2875,5.9225,Orbicella faveolata,grow,n/s,NA,NA,NA,TRUE,TRUE,TRUE,FALSE,FALSE,5.287499999999999e-4,5.9225e-4,12.009456264775428
Plot E,plotE1-1Matches_Coki_PlotE_20250804_1-1-Coki_PlotE_20250908_1-1.csv,1-1,4,August,September,16,30,480,cm2,31,57,187,185,6.4775,7.2125,Orbicella faveolata,grow,n/s,NA,NA,NA,TRUE,TRUE,TRUE,FALSE,FALSE,6.4775e-4,7.2125e-4,11.346970281744504
Plot E,plotE1-1Matches_Coki_PlotE_20250804_1-1-Coki_PlotE_20250908_1-1.csv,1-1,4,August,September,16,30,480,cm2,32,59,189,187,22.0525,23.5825,Acropora palmata,grow,n/s,NA,NA,NA,TRUE,TRUE,TRUE,FALSE,FALSE,0.0022052499999999997,0.00235825,6.937988890148515
Plot E,plotE1-1Matches_Coki_PlotE_20250804_1-1-Coki_PlotE_20250908_1-1.csv,1-1,4,August,September,16,30,480,cm2,33,60,190,188,26.4,27.7475,Acropora palmata,grow,n/s,NA,NA,NA,TRUE,TRUE,TRUE,FALSE,FALSE,0.00264,0.00277475,5.104166666666667
Plot E,plotE1-1Matches_Coki_PlotE_20250804_1-1-Coki_PlotE_20250908_1-1.csv,1-1,4,August,September,16,30,480,cm2,34,61,191,189,13.925,16.77,Acropora palmata,grow,n/s,NA,NA,NA,TRUE,TRUE,TRUE,FALSE,FALSE,0.0013925,0.0016769999999999999,20.430879712746847
Plot E,plotE1-1Matches_Coki_PlotE_20250804_1-1-Coki_PlotE_20250908_1-1.csv,1-1,4,August,September,16,30,480,cm2,35,62,192,190,15.55,17.1675,Acropora palmata,grow,n/s,NA,NA,NA,TRUE,TRUE,TRUE,FALSE,FALSE,0.0015550000000000002,0.00171675,10.401929260450158
Plot E,plotE1-1Matches_Coki_PlotE_20250804_1-1-Coki_PlotE_20250908_1-1.csv,1-1,4,August,September,16,30,480,cm2,36,21,60,58,4.3125,27.9275,Orbicella annularis,n/s,fuse,NA,NA,NA,TRUE,TRUE,TRUE,FALSE,FALSE,4.3125e-4,0.0027927499999999997,547.5942028985507
Plot E,plotE1-1Matches_Coki_PlotE_20250804_1-1-Coki_PlotE_20250908_1-1.csv,1-1,4,August,September,16,30,480,cm2,37,21,63,58,16.8725,27.9275,Orbicella annularis,n/s,fuse,NA,NA,NA,TRUE,TRUE,TRUE,FALSE,FALSE,0.00168725,0.0027927499999999997,65.520817898948
Plot E,plotE1-1Matches_Coki_PlotE_20250804_1-1-Coki_PlotE_20250908_1-1.csv,1-1,4,August,September,16,30,480,cm2,38,21,64,58,3.8625,27.9275,Orbicella annularis,n/s,fuse,NA,NA,NA,TRUE,TRUE,TRUE,FALSE,FALSE,3.8625e-4,0.0027927499999999997,623.042071197411
Plot E,plotE1-1Matches_Coki_PlotE_20250804_1-1-Coki_PlotE_20250908_1-1.csv,1-1,4,August,September,16,30,480,cm2,39,52,176,175,4.675,12.8175,Orbicella annularis,n/s,fuse,NA,NA,NA,TRUE,TRUE,TRUE,FALSE,FALSE,4.675e-4,0.0012817500000000001,174.17112299465245
Plot E,plotE1-1Matches_Coki_PlotE_20250804_1-1-Coki_PlotE_20250908_1-1.csv,1-1,4,August,September,16,30,480,cm2,40,52,178,175,6.3775,12.8175,Orbicella annularis,n/s,fuse,NA,NA,NA,TRUE,TRUE,TRUE,FALSE,FALSE,6.377500000000001e-4,0.0012817500000000001,100.98000784006271
Plot E,plotE1-1Matches_Coki_PlotE_20250804_1-1-Coki_PlotE_20250908_1-1.csv,1-1,4,August,September,16,30,480,cm2,41,2,28,27,5.5075,5.26,Orbicella franksi,same,n/s,NA,NA,NA,TRUE,TRUE,TRUE,FALSE,FALSE,5.5075e-4,5.26e-4,-4.493871992737185
Plot E,plotE1-1Matches_Coki_PlotE_20250804_1-1-Coki_PlotE_20250908_1-1.csv,1-1,4,August,September,16,30,480,cm2,42,4,31,31,5.385,5.3725,Orbicella franksi,same,n/s,NA,NA,NA,TRUE,TRUE,TRUE,FALSE,FALSE,5.385e-4,5.3725e-4,-0.23212627669452512
Plot E,plotE1-1Matches_Coki_PlotE_20250804_1-1-Coki_PlotE_20250908_1-1.csv,1-1,4,August,September,16,30,480,cm2,43,5,32,32,4.795,4.575,Orbicella franksi,same,n/s,NA,NA,NA,TRUE,TRUE,TRUE,FALSE,FALSE,4.795e-4,4.575e-4,-4.588112617309693
Plot E,plotE1-1Matches_Coki_PlotE_20250804_1-1-Coki_PlotE_20250908_1-1.csv,1-1,4,August,September,16,30,480,cm2,44,8,37,36,5.435,5.6775,Orbicella franksi,same,n/s,NA,NA,NA,TRUE,TRUE,TRUE,FALSE,FALSE,5.434999999999999e-4,5.6775e-4,4.461821527138926
Plot E,plotE1-1Matches_Coki_PlotE_20250804_1-1-Coki_PlotE_20250908_1-1.csv,1-1,4,August,September,16,30,480,cm2,45,11,40,38,4.435,4.375,Orbicella franksi,same,n/s,NA,NA,NA,TRUE,TRUE,TRUE,FALSE,FALSE,4.4349999999999994e-4,4.375e-4,-1.3528748590755268
Plot E,plotE1-1Matches_Coki_PlotE_20250804_1-1-Coki_PlotE_20250908_1-1.csv,1-1,4,August,September,16,30,480,cm2,46,13,42,40,3.545,3.44,Orbicella franksi,same,n/s,NA,NA,NA,TRUE,TRUE,TRUE,FALSE,FALSE,3.545e-4,3.44e-4,-2.961918194640338
Plot E,plotE1-1Matches_Coki_PlotE_20250804_1-1-Coki_PlotE_20250908_1-1.csv,1-1,4,August,September,16,30,480,cm2,47,16,47,45,9.0725,8.9725,Orbicella annularis,same,n/s,NA,NA,NA,TRUE,TRUE,TRUE,FALSE,FALSE,9.0725e-4,8.9725e-4,-1.1022320198401725
Plot E,plotE1-1Matches_Coki_PlotE_20250804_1-1-Coki_PlotE_20250908_1-1.csv,1-1,4,August,September,16,30,480,cm2,48,19,52,49,6.845,6.6375,Orbicella annularis,same,n/s,NA,NA,NA,TRUE,TRUE,TRUE,FALSE,FALSE,6.845e-4,6.637500000000001e-4,-3.0314097881665387
Plot E,plotE1-1Matches_Coki_PlotE_20250804_1-1-Coki_PlotE_20250908_1-1.csv,1-1,4,August,September,16,30,480,cm2,49,19,53,51,2.7925,2.9175,Orbicella annularis,same,n/s,NA,NA,NA,TRUE,TRUE,TRUE,FALSE,FALSE,2.7925e-4,2.9175e-4,4.476275738585497
Plot E,plotE1-1Matches_Coki_PlotE_20250804_1-1-Coki_PlotE_20250908_1-1.csv,1-1,4,August,September,16,30,480,cm2,50,20,54,52,5.445,5.6525,Orbicella annularis,same,n/s,NA,NA,NA,TRUE,TRUE,TRUE,FALSE,FALSE,5.445000000000001e-4,5.6525e-4,3.810835629017439
Plot E,plotE1-1Matches_Coki_PlotE_20250804_1-1-Coki_PlotE_20250908_1-1.csv,1-1,4,August,September,16,30,480,cm2,51,25,78,76,3.0775,2.985,Orbicella annularis,same,n/s,NA,NA,NA,TRUE,TRUE,TRUE,FALSE,FALSE,3.0775e-4,2.985e-4,-3.0056864337936715
Plot E,plotE1-1Matches_Coki_PlotE_20250804_1-1-Coki_PlotE_20250908_1-1.csv,1-1,4,August,September,16,30,480,cm2,52,35,88,84,0.6225,0.645,Orbicella annularis,same,n/s,NA,NA,NA,TRUE,TRUE,TRUE,FALSE,FALSE,6.225000000000001e-5,6.45e-5,3.614457831325295
Plot E,plotE1-1Matches_Coki_PlotE_20250804_1-1-Coki_PlotE_20250908_1-1.csv,1-1,4,August,September,16,30,480,cm2,53,39,113,113,5.825,6.0425,Orbicella franksi,same,n/s,NA,NA,NA,TRUE,TRUE,TRUE,FALSE,FALSE,5.825e-4,6.042500000000001e-4,3.7339055793991456
Plot E,plotE1-1Matches_Coki_PlotE_20250804_1-1-Coki_PlotE_20250908_1-1.csv,1-1,4,August,September,16,30,480,cm2,54,42,117,116,6.49,6.6775,Orbicella franksi,same,n/s,NA,NA,NA,TRUE,TRUE,TRUE,FALSE,FALSE,0.00064900000000000005,6.6775e-4,2.889060092449923
Plot E,plotE1-1Matches_Coki_PlotE_20250804_1-1-Coki_PlotE_20250908_1-1.csv,1-1,4,August,September,16,30,480,cm2,55,48,133,132,2.22,2.1775,Orbicella annularis,same,n/s,NA,NA,NA,TRUE,TRUE,TRUE,FALSE,FALSE,2.2200000000000003e-4,2.1775000000000003e-4,-1.9144144144144135
Plot E,plotE1-1Matches_Coki_PlotE_20250804_1-1-Coki_PlotE_20250908_1-1.csv,1-1,4,August,September,16,30,480,cm2,56,49,135,134,6.345,6.13,Orbicella annularis,same,n/s,NA,NA,NA,TRUE,TRUE,TRUE,FALSE,FALSE,6.345e-4,6.129999999999999e-4,-3.3884948778565778
Plot E,plotE1-1Matches_Coki_PlotE_20250804_1-1-Coki_PlotE_20250908_1-1.csv,1-1,4,August,September,16,30,480,cm2,57,51,137,136,6.9875,7.0425,Orbicella annularis,same,n/s,NA,NA,NA,TRUE,TRUE,TRUE,FALSE,FALSE,6.987499999999999e-4,7.0425e-4,0.7871198568873075
Plot E,plotE1-1Matches_Coki_PlotE_20250804_1-1-Coki_PlotE_20250908_1-1.csv,1-1,4,August,September,16,30,480,cm2,58,24,70,67,0.7675,0.6125,Orbicella annularis,shrink,n/s,NA,NA,NA,TRUE,TRUE,TRUE,FALSE,FALSE,7.675e-5,6.125e-5,-20.195439739413672
Plot E,plotE1-1Matches_Coki_PlotE_20250804_1-1-Coki_PlotE_20250908_1-1.csv,1-1,4,August,September,16,30,480,cm2,59,38,114,112,5.8125,4.39,Orbicella franksi,shrink,n/s,NA,NA,NA,TRUE,TRUE,TRUE,FALSE,FALSE,5.8125e-4,4.39e-4,-24.473118279569896
Plot E,plotE1-1Matches_Coki_PlotE_20250804_1-1-Coki_PlotE_20250908_1-1.csv,1-1,4,August,September,16,30,480,cm2,60,43,119,118,6.1875,5.65,Orbicella franksi,shrink,n/s,NA,NA,NA,TRUE,TRUE,TRUE,FALSE,FALSE,6.1875e-4,5.650000000000001e-4,-8.686868686868682
Plot E,plotE1-1Matches_Coki_PlotE_20250804_1-1-Coki_PlotE_20250908_1-1.csv,1-1,4,August,September,16,30,480,cm2,61,50,136,135,5.3025,4.335,Orbicella annularis,shrink,n/s,NA,NA,NA,TRUE,TRUE,TRUE,FALSE,FALSE,5.3025e-4,4.335e-4,-18.246110325318252
Plot E,plotE1-1Matches_Coki_PlotE_20250804_1-1-Coki_PlotE_20250908_1-1.csv,1-1,4,August,September,16,30,480,cm2,62,58,188,186,20.9375,18.3825,Acropora palmata,shrink,n/s,NA,NA,NA,TRUE,TRUE,TRUE,FALSE,FALSE,0.00209375,0.00183825,-12.202985074626865
Plot E,plotE1-1Matches_Coki_PlotE_20250908_1-1-Coki_PlotE_20251014_1-1.csv,1-1,5,September,October,16,30,480,cm2,1,63,0,-1,4.7325,0,Orbicella sp.,dead,none,NA,NA,NA,TRUE,FALSE,FALSE,TRUE,FALSE,4.7325e-4,0,NA
Plot E,plotE1-1Matches_Coki_PlotE_20250908_1-1-Coki_PlotE_20251014_1-1.csv,1-1,5,September,October,16,30,480,cm2,2,5,32,30,4.575,5.15,Orbicella franksi,grow,n/s,NA,NA,NA,TRUE,TRUE,TRUE,FALSE,FALSE,4.575e-4,5.15e-4,12.568306010928964
Plot E,plotE1-1Matches_Coki_PlotE_20250908_1-1-Coki_PlotE_20251014_1-1.csv,1-1,5,September,October,16,30,480,cm2,3,18,48,46,3.5775,4.0925,Orbicella annularis,grow,n/s,NA,NA,NA,TRUE,TRUE,TRUE,FALSE,FALSE,3.5775e-4,4.0925e-4,14.395527603074777
Plot E,plotE1-1Matches_Coki_PlotE_20250908_1-1-Coki_PlotE_20251014_1-1.csv,1-1,5,September,October,16,30,480,cm2,4,22,59,55,3.9625,4.5275,Orbicella annularis,grow,n/s,NA,NA,NA,TRUE,TRUE,TRUE,FALSE,FALSE,3.9625e-4,4.5275e-4,14.258675078864352
Plot E,plotE1-1Matches_Coki_PlotE_20250908_1-1-Coki_PlotE_20251014_1-1.csv,1-1,5,September,October,16,30,480,cm2,5,24,67,63,0.6125,0.675,Orbicella annularis,grow,n/s,NA,NA,NA,TRUE,TRUE,TRUE,FALSE,FALSE,6.125e-5,6.75e-5,10.204081632653061
Plot E,plotE1-1Matches_Coki_PlotE_20250908_1-1-Coki_PlotE_20251014_1-1.csv,1-1,5,September,October,16,30,480,cm2,6,27,71,67,4.5225,4.945,Orbicella annularis,grow,n/s,NA,NA,NA,TRUE,TRUE,TRUE,FALSE,FALSE,4.5225e-4,4.945e-4,9.342177998894423
Plot E,plotE1-1Matches_Coki_PlotE_20250908_1-1-Coki_PlotE_20251014_1-1.csv,1-1,5,September,October,16,30,480,cm2,7,28,75,69,9.315,9.805,Orbicella annularis,grow,n/s,NA,NA,NA,TRUE,TRUE,TRUE,FALSE,FALSE,9.314999999999999e-4,9.805e-4,5.2603327965646836
Plot E,plotE1-1Matches_Coki_PlotE_20250908_1-1-Coki_PlotE_20251014_1-1.csv,1-1,5,September,October,16,30,480,cm2,8,25,76,71,2.985,3.3375,Orbicella annularis,grow,n/s,NA,NA,NA,TRUE,TRUE,TRUE,FALSE,FALSE,2.985e-4,3.3375e-4,11.809045226130653
Plot E,plotE1-1Matches_Coki_PlotE_20250908_1-1-Coki_PlotE_20251014_1-1.csv,1-1,5,September,October,16,30,480,cm2,9,31,77,73,11.1625,12.1575,Orbicella annularis,grow,n/s,NA,NA,NA,TRUE,TRUE,TRUE,FALSE,FALSE,0.00111625,0.00121575,8.913773796192618
Plot E,plotE1-1Matches_Coki_PlotE_20250908_1-1-Coki_PlotE_20251014_1-1.csv,1-1,5,September,October,16,30,480,cm2,10,33,80,76,3.6275,3.9225,Orbicella annularis,grow,n/s,NA,NA,NA,TRUE,TRUE,TRUE,FALSE,FALSE,3.6275e-4,3.9224999999999997e-4,8.132322536181942
Plot E,plotE1-1Matches_Coki_PlotE_20250908_1-1-Coki_PlotE_20251014_1-1.csv,1-1,5,September,October,16,30,480,cm2,11,34,81,77,4.4875,5.4925,Orbicella annularis,grow,n/s,NA,NA,NA,TRUE,TRUE,TRUE,FALSE,FALSE,4.4875e-4,5.492499999999999e-4,22.395543175487465
Plot E,plotE1-1Matches_Coki_PlotE_20250908_1-1-Coki_PlotE_20251014_1-1.csv,1-1,5,September,October,16,30,480,cm2,12,35,84,79,0.645,0.695,Orbicella annularis,grow,n/s,NA,NA,NA,TRUE,TRUE,TRUE,FALSE,FALSE,6.45e-5,6.95e-5,7.751937984496113
Plot E,plotE1-1Matches_Coki_PlotE_20250908_1-1-Coki_PlotE_20251014_1-1.csv,1-1,5,September,October,16,30,480,cm2,13,38,112,108,4.39,6.51,Orbicella franksi,grow,n/s,NA,NA,NA,TRUE,TRUE,TRUE,FALSE,FALSE,4.39e-4,6.51e-4,48.29157175398634
Plot E,plotE1-1Matches_Coki_PlotE_20250908_1-1-Coki_PlotE_20251014_1-1.csv,1-1,5,September,October,16,30,480,cm2,14,43,118,111,5.65,6.39,Orbicella franksi,grow,n/s,NA,NA,NA,TRUE,TRUE,TRUE,FALSE,FALSE,5.650000000000001e-4,6.389999999999999e-4,13.09734513274335
Plot E,plotE1-1Matches_Coki_PlotE_20250908_1-1-Coki_PlotE_20251014_1-1.csv,1-1,5,September,October,16,30,480,cm2,15,48,132,126,2.1775,2.555,Orbicella annularis,grow,n/s,NA,NA,NA,TRUE,TRUE,TRUE,FALSE,FALSE,2.1775000000000003e-4,2.5550000000000003e-4,17.336394948335244
Plot E,plotE1-1Matches_Coki_PlotE_20250908_1-1-Coki_PlotE_20251014_1-1.csv,1-1,5,September,October,16,30,480,cm2,16,50,135,129,4.335,5.4575,Orbicella annularis,grow,n/s,NA,NA,NA,TRUE,TRUE,TRUE,FALSE,FALSE,4.335e-4,5.4575e-4,25.893886966551317
Plot E,plotE1-1Matches_Coki_PlotE_20250908_1-1-Coki_PlotE_20251014_1-1.csv,1-1,5,September,October,16,30,480,cm2,17,51,136,130,7.0425,7.78,Orbicella annularis,grow,n/s,NA,NA,NA,TRUE,TRUE,TRUE,FALSE,FALSE,7.0425e-4,7.78e-4,10.472133475328361
Plot E,plotE1-1Matches_Coki_PlotE_20250908_1-1-Coki_PlotE_20251014_1-1.csv,1-1,5,September,October,16,30,480,cm2,18,54,179,169,7.3075,8.2725,Orbicella annularis,grow,n/s,NA,NA,NA,TRUE,TRUE,TRUE,FALSE,FALSE,7.307500000000001e-4,8.272500000000001e-4,13.205610673965113
Plot E,plotE1-1Matches_Coki_PlotE_20250908_1-1-Coki_PlotE_20251014_1-1.csv,1-1,5,September,October,16,30,480,cm2,19,55,181,171,9.9625,10.6525,Orbicella faveolata,grow,n/s,NA,NA,NA,TRUE,TRUE,TRUE,FALSE,FALSE,9.9625e-4,0.00106525,6.92597239648682
Plot E,plotE1-1Matches_Coki_PlotE_20250908_1-1-Coki_PlotE_20251014_1-1.csv,1-1,5,September,October,16,30,480,cm2,20,56,182,172,5.9225,7.57,Orbicella faveolata,grow,n/s,NA,NA,NA,TRUE,TRUE,TRUE,FALSE,FALSE,5.9225e-4,7.570000000000001e-4,27.817644575770366
Plot E,plotE1-1Matches_Coki_PlotE_20250908_1-1-Coki_PlotE_20251014_1-1.csv,1-1,5,September,October,16,30,480,cm2,21,19,49,47,6.6375,11.2625,Orbicella annularis,n/s,fuse,NA,NA,NA,TRUE,TRUE,TRUE,FALSE,FALSE,6.637500000000001e-4,0.0011262499999999999,69.67984934086627
Plot E,plotE1-1Matches_Coki_PlotE_20250908_1-1-Coki_PlotE_20251014_1-1.csv,1-1,5,September,October,16,30,480,cm2,22,19,51,47,2.9175,11.2625,Orbicella annularis,n/s,fuse,NA,NA,NA,TRUE,TRUE,TRUE,FALSE,FALSE,2.9175e-4,0.0011262499999999999,286.03256212510706
Plot E,plotE1-1Matches_Coki_PlotE_20250908_1-1-Coki_PlotE_20251014_1-1.csv,1-1,5,September,October,16,30,480,cm2,23,21,58,56,27.9275,34.745,Orbicella annularis,n/s,fuse,NA,NA,NA,TRUE,TRUE,TRUE,FALSE,FALSE,0.0027927499999999997,0.0034744999999999997,24.411422433085665
Plot E,plotE1-1Matches_Coki_PlotE_20250908_1-1-Coki_PlotE_20251014_1-1.csv,1-1,5,September,October,16,30,480,cm2,24,21,69,56,5.3525,34.745,Orbicella annularis,n/s,fuse,NA,NA,NA,TRUE,TRUE,TRUE,FALSE,FALSE,5.3525e-4,0.0034744999999999997,549.1359177954226
Plot E,plotE1-1Matches_Coki_PlotE_20250908_1-1-Coki_PlotE_20251014_1-1.csv,1-1,5,September,October,16,30,480,cm2,25,52,175,166,12.8175,21.375,Orbicella annularis,n/s,fuse,NA,NA,NA,TRUE,TRUE,TRUE,FALSE,FALSE,0.0012817500000000001,0.0021375,66.76418958455235
Plot E,plotE1-1Matches_Coki_PlotE_20250908_1-1-Coki_PlotE_20251014_1-1.csv,1-1,5,September,October,16,30,480,cm2,26,52,177,166,6.8875,21.375,Orbicella annularis,n/s,fuse,NA,NA,NA,TRUE,TRUE,TRUE,FALSE,FALSE,6.8875e-4,0.0021375,210.3448275862069
Plot E,plotE1-1Matches_Coki_PlotE_20250908_1-1-Coki_PlotE_20251014_1-1.csv,1-1,5,September,October,16,30,480,cm2,27,64,1,0,3.1825,3.1825,Orbicella sp.,same,n/s,NA,NA,NA,TRUE,TRUE,TRUE,FALSE,FALSE,3.1825e-4,3.1825e-4,0
Plot E,plotE1-1Matches_Coki_PlotE_20250908_1-1-Coki_PlotE_20251014_1-1.csv,1-1,5,September,October,16,30,480,cm2,28,2,27,26,5.26,5.09,Orbicella franksi,same,n/s,NA,NA,NA,TRUE,TRUE,TRUE,FALSE,FALSE,5.26e-4,5.09e-4,-3.231939163498098
Plot E,plotE1-1Matches_Coki_PlotE_20250908_1-1-Coki_PlotE_20251014_1-1.csv,1-1,5,September,October,16,30,480,cm2,29,4,31,28,5.3725,5.4025,Orbicella franksi,same,n/s,NA,NA,NA,TRUE,TRUE,TRUE,FALSE,FALSE,5.3725e-4,5.402499999999999e-4,0.558399255467664
Plot E,plotE1-1Matches_Coki_PlotE_20250908_1-1-Coki_PlotE_20251014_1-1.csv,1-1,5,September,October,16,30,480,cm2,30,6,34,32,4.105,4.035,Orbicella franksi,same,n/s,NA,NA,NA,TRUE,TRUE,TRUE,FALSE,FALSE,4.1050000000000006e-4,4.035e-4,-1.7052375152253416
Plot E,plotE1-1Matches_Coki_PlotE_20250908_1-1-Coki_PlotE_20251014_1-1.csv,1-1,5,September,October,16,30,480,cm2,31,8,36,33,5.6775,5.515,Orbicella franksi,same,n/s,NA,NA,NA,TRUE,TRUE,TRUE,FALSE,FALSE,5.6775e-4,5.515e-4,-2.8621752531924356
Plot E,plotE1-1Matches_Coki_PlotE_20250908_1-1-Coki_PlotE_20251014_1-1.csv,1-1,5,September,October,16,30,480,cm2,32,9,37,35,6.5925,6.815,Orbicella franksi,same,n/s,NA,NA,NA,TRUE,TRUE,TRUE,FALSE,FALSE,6.5925e-4,6.815e-4,3.3750474023511585
Plot E,plotE1-1Matches_Coki_PlotE_20250908_1-1-Coki_PlotE_20251014_1-1.csv,1-1,5,September,October,16,30,480,cm2,33,16,45,43,8.9725,8.965,Orbicella annularis,same,n/s,NA,NA,NA,TRUE,TRUE,TRUE,FALSE,FALSE,8.9725e-4,8.964999999999999e-4,-0.08358874338256098
Plot E,plotE1-1Matches_Coki_PlotE_20250908_1-1-Coki_PlotE_20251014_1-1.csv,1-1,5,September,October,16,30,480,cm2,34,20,52,49,5.6525,5.8925,Orbicella annularis,same,n/s,NA,NA,NA,TRUE,TRUE,TRUE,FALSE,FALSE,5.6525e-4,5.8925e-4,4.245908889871742
Plot E,plotE1-1Matches_Coki_PlotE_20250908_1-1-Coki_PlotE_20251014_1-1.csv,1-1,5,September,October,16,30,480,cm2,35,25,68,65,7.51,7.6175,Orbicella annularis,same,n/s,NA,NA,NA,TRUE,TRUE,TRUE,FALSE,FALSE,7.509999999999999e-4,7.6175e-4,1.4314247669773625
Plot E,plotE1-1Matches_Coki_PlotE_20250908_1-1-Coki_PlotE_20251014_1-1.csv,1-1,5,September,October,16,30,480,cm2,36,26,70,66,2.7175,2.82,Orbicella annularis,same,n/s,NA,NA,NA,TRUE,TRUE,TRUE,FALSE,FALSE,2.7174999999999996e-4,2.8199999999999997e-4,3.7718491260349603
Plot E,plotE1-1Matches_Coki_PlotE_20250908_1-1-Coki_PlotE_20251014_1-1.csv,1-1,5,September,October,16,30,480,cm2,37,32,72,68,304.465,303.265,Acropora palmata,same,n/s,NA,NA,NA,TRUE,TRUE,TRUE,FALSE,FALSE,0.030446499999999998,0.0303265,-0.3941339727062187
Plot E,plotE1-1Matches_Coki_PlotE_20250908_1-1-Coki_PlotE_20251014_1-1.csv,1-1,5,September,October,16,30,480,cm2,38,29,73,70,1.2625,1.2925,Orbicella annularis,same,n/s,NA,NA,NA,TRUE,TRUE,TRUE,FALSE,FALSE,1.2625e-4,1.2925e-4,2.3762376237623783
Plot E,plotE1-1Matches_Coki_PlotE_20250908_1-1-Coki_PlotE_20251014_1-1.csv,1-1,5,September,October,16,30,480,cm2,39,36,86,80,1.9775,2.05,Orbicella annularis,same,n/s,NA,NA,NA,TRUE,TRUE,TRUE,FALSE,FALSE,1.9775e-4,2.05e-4,3.6662452591656023
Plot E,plotE1-1Matches_Coki_PlotE_20250908_1-1-Coki_PlotE_20251014_1-1.csv,1-1,5,September,October,16,30,480,cm2,40,39,113,106,6.0425,6.02,Orbicella franksi,same,n/s,NA,NA,NA,TRUE,TRUE,TRUE,FALSE,FALSE,6.042500000000001e-4,6.02e-4,-0.37236243276790815
Plot E,plotE1-1Matches_Coki_PlotE_20250908_1-1-Coki_PlotE_20251014_1-1.csv,1-1,5,September,October,16,30,480,cm2,41,41,115,109,6.105,5.9425,Orbicella franksi,same,n/s,NA,NA,NA,TRUE,TRUE,TRUE,FALSE,FALSE,6.105e-4,5.942499999999999e-4,-2.6617526617526703
Plot E,plotE1-1Matches_Coki_PlotE_20250908_1-1-Coki_PlotE_20251014_1-1.csv,1-1,5,September,October,16,30,480,cm2,42,42,116,110,6.6775,6.745,Orbicella franksi,same,n/s,NA,NA,NA,TRUE,TRUE,TRUE,FALSE,FALSE,6.6775e-4,6.745e-4,1.0108573567952062
Plot E,plotE1-1Matches_Coki_PlotE_20250908_1-1-Coki_PlotE_20251014_1-1.csv,1-1,5,September,October,16,30,480,cm2,43,45,120,114,6.565,6.4625,Orbicella franksi,same,n/s,NA,NA,NA,TRUE,TRUE,TRUE,FALSE,FALSE,6.565000000000001e-4,6.4625e-4,-1.5613099771515617
Plot E,plotE1-1Matches_Coki_PlotE_20250908_1-1-Coki_PlotE_20251014_1-1.csv,1-1,5,September,October,16,30,480,cm2,44,46,122,116,5.2675,5.215,Orbicella franksi,same,n/s,NA,NA,NA,TRUE,TRUE,TRUE,FALSE,FALSE,5.2675e-4,5.214999999999999e-4,-0.9966777408637915
Plot E,plotE1-1Matches_Coki_PlotE_20250908_1-1-Coki_PlotE_20251014_1-1.csv,1-1,5,September,October,16,30,480,cm2,45,47,131,125,6.1125,6.3,Orbicella annularis,same,n/s,NA,NA,NA,TRUE,TRUE,TRUE,FALSE,FALSE,6.1125e-4,6.3e-4,3.067484662576687
Plot E,plotE1-1Matches_Coki_PlotE_20250908_1-1-Coki_PlotE_20251014_1-1.csv,1-1,5,September,October,16,30,480,cm2,46,49,134,128,6.13,6.3575,Orbicella annularis,same,n/s,NA,NA,NA,TRUE,TRUE,TRUE,FALSE,FALSE,6.129999999999999e-4,6.3575e-4,3.7112561174551395
Plot E,plotE1-1Matches_Coki_PlotE_20250908_1-1-Coki_PlotE_20251014_1-1.csv,1-1,5,September,October,16,30,480,cm2,47,53,176,167,7.725,8.0175,Orbicella annularis,same,n/s,NA,NA,NA,TRUE,TRUE,TRUE,FALSE,FALSE,7.725e-4,8.0175e-4,3.786407766990297
Plot E,plotE1-1Matches_Coki_PlotE_20250908_1-1-Coki_PlotE_20251014_1-1.csv,1-1,5,September,October,16,30,480,cm2,48,57,185,175,7.2125,7.315,Orbicella faveolata,same,n/s,NA,NA,NA,TRUE,TRUE,TRUE,FALSE,FALSE,7.2125e-4,7.315e-4,1.4211438474870022
Plot E,plotE1-1Matches_Coki_PlotE_20250908_1-1-Coki_PlotE_20251014_1-1.csv,1-1,5,September,October,16,30,480,cm2,49,60,188,178,27.7475,28.375,Acropora palmata,same,n/s,NA,NA,NA,TRUE,TRUE,TRUE,FALSE,FALSE,0.00277475,0.0028375,2.2614649968465677
Plot E,plotE1-1Matches_Coki_PlotE_20250908_1-1-Coki_PlotE_20251014_1-1.csv,1-1,5,September,October,16,30,480,cm2,50,62,190,180,17.1675,17.06,Acropora palmata,same,n/s,NA,NA,NA,TRUE,TRUE,TRUE,FALSE,FALSE,0.00171675,0.0017059999999999998,-0.6261831949905443
Plot E,plotE1-1Matches_Coki_PlotE_20250908_1-1-Coki_PlotE_20251014_1-1.csv,1-1,5,September,October,16,30,480,cm2,51,3,28,27,4.6625,4.27,Orbicella franksi,shrink,n/s,NA,NA,NA,TRUE,TRUE,TRUE,FALSE,FALSE,4.6625e-4,4.2699999999999997e-4,-8.418230563002684
Plot E,plotE1-1Matches_Coki_PlotE_20250908_1-1-Coki_PlotE_20251014_1-1.csv,1-1,5,September,October,16,30,480,cm2,52,11,38,36,4.375,4.0575,Orbicella franksi,shrink,n/s,NA,NA,NA,TRUE,TRUE,TRUE,FALSE,FALSE,4.375e-4,4.0575e-4,-7.2571428571428545
Plot E,plotE1-1Matches_Coki_PlotE_20250908_1-1-Coki_PlotE_20251014_1-1.csv,1-1,5,September,October,16,30,480,cm2,53,13,40,38,3.44,2.92,Orbicella franksi,shrink,n/s,NA,NA,NA,TRUE,TRUE,TRUE,FALSE,FALSE,3.44e-4,2.92e-4,-15.116279069767442
Plot E,plotE1-1Matches_Coki_PlotE_20250908_1-1-Coki_PlotE_20251014_1-1.csv,1-1,5,September,October,16,30,480,cm2,54,14,42,40,4.4375,3.39,Orbicella franksi,shrink,n/s,NA,NA,NA,TRUE,TRUE,TRUE,FALSE,FALSE,4.4375e-4,3.39e-4,-23.605633802816897
Plot E,plotE1-1Matches_Coki_PlotE_20250908_1-1-Coki_PlotE_20251014_1-1.csv,1-1,5,September,October,16,30,480,cm2,55,40,114,107,5.7525,5.4225,Orbicella franksi,shrink,n/s,NA,NA,NA,TRUE,TRUE,TRUE,FALSE,FALSE,5.7525e-4,5.4225e-4,-5.736636245110822
Plot E,plotE1-1Matches_Coki_PlotE_20250908_1-1-Coki_PlotE_20251014_1-1.csv,1-1,5,September,October,16,30,480,cm2,56,44,117,112,5.0525,4.77,Orbicella franksi,shrink,n/s,NA,NA,NA,TRUE,TRUE,TRUE,FALSE,FALSE,5.052500000000001e-4,4.7699999999999994e-4,-5.591291439881259
Plot E,plotE1-1Matches_Coki_PlotE_20250908_1-1-Coki_PlotE_20251014_1-1.csv,1-1,5,September,October,16,30,480,cm2,57,58,186,176,18.3825,15.405,Acropora palmata,shrink,n/s,NA,NA,NA,TRUE,TRUE,TRUE,FALSE,FALSE,0.00183825,0.0015405,-16.197470420236645
Plot E,plotE1-1Matches_Coki_PlotE_20250908_1-1-Coki_PlotE_20251014_1-1.csv,1-1,5,September,October,16,30,480,cm2,58,59,187,177,23.5825,21.28,Acropora palmata,shrink,n/s,NA,NA,NA,TRUE,TRUE,TRUE,FALSE,FALSE,0.00235825,0.002128,-9.763595886780445
Plot E,plotE1-1Matches_Coki_PlotE_20250908_1-1-Coki_PlotE_20251014_1-1.csv,1-1,5,September,October,16,30,480,cm2,59,61,189,179,16.77,11.9325,Acropora palmata,shrink,n/s,NA,NA,NA,TRUE,TRUE,TRUE,FALSE,FALSE,0.0016769999999999999,0.0011932499999999999,-28.84615384615385
Plot E,plotE1-1Matches_Coki_PlotE_20251014_1-1-Coki_PlotE_20251106_1-1.csv,1-1,6,October,November,16,30,480,cm2,1,69,-1,0,0,3.9825,Orbicella sp.,born,none,NA,NA,NA,FALSE,TRUE,FALSE,FALSE,TRUE,0,3.9825e-4,NA
Plot E,plotE1-1Matches_Coki_PlotE_20251014_1-1-Coki_PlotE_20251106_1-1.csv,1-1,6,October,November,16,30,480,cm2,2,70,-1,2,0,2.3075,Orbicella sp.,born,none,NA,NA,NA,FALSE,TRUE,FALSE,FALSE,TRUE,0,2.3075e-4,NA
Plot E,plotE1-1Matches_Coki_PlotE_20251014_1-1-Coki_PlotE_20251106_1-1.csv,1-1,6,October,November,16,30,480,cm2,3,3,27,29,4.27,4.9425,Orbicella franksi,grow,n/s,NA,NA,NA,TRUE,TRUE,TRUE,FALSE,FALSE,4.2699999999999997e-4,4.9425e-4,15.749414519906331
Plot E,plotE1-1Matches_Coki_PlotE_20251014_1-1-Coki_PlotE_20251106_1-1.csv,1-1,6,October,November,16,30,480,cm2,4,4,28,31,5.4025,9.005,Orbicella franksi,grow,n/s,NA,NA,NA,TRUE,TRUE,TRUE,FALSE,FALSE,5.402499999999999e-4,9.005e-4,66.68209162424806
Plot E,plotE1-1Matches_Coki_PlotE_20251014_1-1-Coki_PlotE_20251106_1-1.csv,1-1,6,October,November,16,30,480,cm2,5,5,30,34,5.15,7.2675,Orbicella franksi,grow,n/s,NA,NA,NA,TRUE,TRUE,TRUE,FALSE,FALSE,5.15e-4,7.2675e-4,41.11650485436893
Plot E,plotE1-1Matches_Coki_PlotE_20251014_1-1-Coki_PlotE_20251106_1-1.csv,1-1,6,October,November,16,30,480,cm2,6,6,32,35,4.035,5.48,Orbicella franksi,grow,n/s,NA,NA,NA,TRUE,TRUE,TRUE,FALSE,FALSE,4.035e-4,5.480000000000001e-4,35.811648079306075
Plot E,plotE1-1Matches_Coki_PlotE_20251014_1-1-Coki_PlotE_20251106_1-1.csv,1-1,6,October,November,16,30,480,cm2,7,11,36,41,4.0575,4.755,Orbicella franksi,grow,n/s,NA,NA,NA,TRUE,TRUE,TRUE,FALSE,FALSE,4.0575e-4,4.755e-4,17.190388170055446
Plot E,plotE1-1Matches_Coki_PlotE_20251014_1-1-Coki_PlotE_20251106_1-1.csv,1-1,6,October,November,16,30,480,cm2,8,13,38,43,2.92,3.83,Orbicella franksi,grow,n/s,NA,NA,NA,TRUE,TRUE,TRUE,FALSE,FALSE,2.92e-4,3.83e-4,31.16438356164384
Plot E,plotE1-1Matches_Coki_PlotE_20251014_1-1-Coki_PlotE_20251106_1-1.csv,1-1,6,October,November,16,30,480,cm2,9,16,43,45,8.965,9.71,Orbicella annularis,grow,n/s,NA,NA,NA,TRUE,TRUE,TRUE,FALSE,FALSE,8.964999999999999e-4,9.710000000000001e-4,8.310094813162308
Plot E,plotE1-1Matches_Coki_PlotE_20251014_1-1-Coki_PlotE_20251106_1-1.csv,1-1,6,October,November,16,30,480,cm2,10,19,47,50,11.2625,11.9625,Orbicella annularis,grow,n/s,NA,NA,NA,TRUE,TRUE,TRUE,FALSE,FALSE,0.0011262499999999999,0.00119625,6.215316315205338
Plot E,plotE1-1Matches_Coki_PlotE_20251014_1-1-Coki_PlotE_20251106_1-1.csv,1-1,6,October,November,16,30,480,cm2,11,24,63,66,0.675,0.725,Orbicella annularis,grow,n/s,NA,NA,NA,TRUE,TRUE,TRUE,FALSE,FALSE,6.75e-5,7.25e-5,7.407407407407397
Plot E,plotE1-1Matches_Coki_PlotE_20251014_1-1-Coki_PlotE_20251106_1-1.csv,1-1,6,October,November,16,30,480,cm2,12,32,68,70,303.265,328.705,Acropora palmata,grow,n/s,NA,NA,NA,TRUE,TRUE,TRUE,FALSE,FALSE,0.0303265,0.0328705,8.388702949565563
Plot E,plotE1-1Matches_Coki_PlotE_20251014_1-1-Coki_PlotE_20251106_1-1.csv,1-1,6,October,November,16,30,480,cm2,13,33,76,77,3.9225,4.185,Orbicella annularis,grow,n/s,NA,NA,NA,TRUE,TRUE,TRUE,FALSE,FALSE,3.9224999999999997e-4,4.185e-4,6.6921606118546775
Plot E,plotE1-1Matches_Coki_PlotE_20251014_1-1-Coki_PlotE_20251106_1-1.csv,1-1,6,October,November,16,30,480,cm2,14,61,179,180,11.9325,18.6825,Acropora palmata,grow,n/s,NA,NA,NA,TRUE,TRUE,TRUE,FALSE,FALSE,0.0011932499999999999,0.0018682500000000001,56.56819610307985
Plot E,plotE1-1Matches_Coki_PlotE_20251014_1-1-Coki_PlotE_20251106_1-1.csv,1-1,6,October,November,16,30,480,cm2,15,25,65,67,7.6175,11.145,Orbicella annularis,n/s,fuse,NA,NA,NA,TRUE,TRUE,TRUE,FALSE,FALSE,7.6175e-4,0.0011145,46.30784378076797
Plot E,plotE1-1Matches_Coki_PlotE_20251014_1-1-Coki_PlotE_20251106_1-1.csv,1-1,6,October,November,16,30,480,cm2,16,25,71,67,3.3375,11.145,Orbicella annularis,n/s,fuse,NA,NA,NA,TRUE,TRUE,TRUE,FALSE,FALSE,3.3375e-4,0.0011145,233.9325842696629
Plot E,plotE1-1Matches_Coki_PlotE_20251014_1-1-Coki_PlotE_20251106_1-1.csv,1-1,6,October,November,16,30,480,cm2,17,64,0,1,3.1825,3.27,Orbicella sp.,same,n/s,NA,NA,NA,TRUE,TRUE,TRUE,FALSE,FALSE,3.1825e-4,3.27e-4,2.749410840534168
Plot E,plotE1-1Matches_Coki_PlotE_20251014_1-1-Coki_PlotE_20251106_1-1.csv,1-1,6,October,November,16,30,480,cm2,18,2,26,28,5.09,5.05,Orbicella franksi,same,n/s,NA,NA,NA,TRUE,TRUE,TRUE,FALSE,FALSE,5.09e-4,5.05e-4,-0.785854616895875
Plot E,plotE1-1Matches_Coki_PlotE_20251014_1-1-Coki_PlotE_20251106_1-1.csv,1-1,6,October,November,16,30,480,cm2,19,14,40,39,3.39,3.39,Orbicella franksi,same,n/s,NA,NA,NA,TRUE,TRUE,TRUE,FALSE,FALSE,3.39e-4,3.39e-4,0
Plot E,plotE1-1Matches_Coki_PlotE_20251014_1-1-Coki_PlotE_20251106_1-1.csv,1-1,6,October,November,16,30,480,cm2,20,20,49,52,5.8925,5.66,Orbicella annularis,same,n/s,NA,NA,NA,TRUE,TRUE,TRUE,FALSE,FALSE,5.8925e-4,5.66e-4,-3.9456936784047505
Plot E,plotE1-1Matches_Coki_PlotE_20251014_1-1-Coki_PlotE_20251106_1-1.csv,1-1,6,October,November,16,30,480,cm2,21,21,56,59,34.745,35.2,Orbicella annularis,same,n/s,NA,NA,NA,TRUE,TRUE,TRUE,FALSE,FALSE,0.0034744999999999997,0.00352,1.309540941142626
Plot E,plotE1-1Matches_Coki_PlotE_20251014_1-1-Coki_PlotE_20251106_1-1.csv,1-1,6,October,November,16,30,480,cm2,22,31,73,75,12.1575,12.58,Orbicella annularis,same,n/s,NA,NA,NA,TRUE,TRUE,TRUE,FALSE,FALSE,0.00121575,0.001258,3.475221056960719
Plot E,plotE1-1Matches_Coki_PlotE_20251014_1-1-Coki_PlotE_20251106_1-1.csv,1-1,6,October,November,16,30,480,cm2,23,34,77,79,5.4925,5.24,Orbicella annularis,same,n/s,NA,NA,NA,TRUE,TRUE,TRUE,FALSE,FALSE,5.492499999999999e-4,5.24e-4,-4.597177969959026
Plot E,plotE1-1Matches_Coki_PlotE_20251014_1-1-Coki_PlotE_20251106_1-1.csv,1-1,6,October,November,16,30,480,cm2,24,36,80,83,2.05,1.98,Orbicella annularis,same,n/s,NA,NA,NA,TRUE,TRUE,TRUE,FALSE,FALSE,2.05e-4,1.98e-4,-3.414634146341456
Plot E,plotE1-1Matches_Coki_PlotE_20251014_1-1-Coki_PlotE_20251106_1-1.csv,1-1,6,October,November,16,30,480,cm2,25,39,106,106,6.02,6.215,Orbicella franksi,same,n/s,NA,NA,NA,TRUE,TRUE,TRUE,FALSE,FALSE,6.02e-4,6.215e-4,3.239202657807314
Plot E,plotE1-1Matches_Coki_PlotE_20251014_1-1-Coki_PlotE_20251106_1-1.csv,1-1,6,October,November,16,30,480,cm2,26,40,107,108,5.4225,5.6025,Orbicella franksi,same,n/s,NA,NA,NA,TRUE,TRUE,TRUE,FALSE,FALSE,5.4225e-4,5.6025e-4,3.319502074688791
Plot E,plotE1-1Matches_Coki_PlotE_20251014_1-1-Coki_PlotE_20251106_1-1.csv,1-1,6,October,November,16,30,480,cm2,27,42,110,110,6.745,6.51,Orbicella franksi,same,n/s,NA,NA,NA,TRUE,TRUE,TRUE,FALSE,FALSE,6.745e-4,6.51e-4,-3.4840622683469284
Plot E,plotE1-1Matches_Coki_PlotE_20251014_1-1-Coki_PlotE_20251106_1-1.csv,1-1,6,October,November,16,30,480,cm2,28,43,111,111,6.39,6.4325,Orbicella franksi,same,n/s,NA,NA,NA,TRUE,TRUE,TRUE,FALSE,FALSE,6.389999999999999e-4,6.4325e-4,0.6651017214397563
Plot E,plotE1-1Matches_Coki_PlotE_20251014_1-1-Coki_PlotE_20251106_1-1.csv,1-1,6,October,November,16,30,480,cm2,29,44,112,112,4.77,4.8075,Orbicella franksi,same,n/s,NA,NA,NA,TRUE,TRUE,TRUE,FALSE,FALSE,4.7699999999999994e-4,4.8075e-4,0.7861635220125899
Plot E,plotE1-1Matches_Coki_PlotE_20251014_1-1-Coki_PlotE_20251106_1-1.csv,1-1,6,October,November,16,30,480,cm2,30,45,114,114,6.4625,6.3525,Orbicella franksi,same,n/s,NA,NA,NA,TRUE,TRUE,TRUE,FALSE,FALSE,6.4625e-4,6.3525e-4,-1.702127659574473
Plot E,plotE1-1Matches_Coki_PlotE_20251014_1-1-Coki_PlotE_20251106_1-1.csv,1-1,6,October,November,16,30,480,cm2,31,46,116,116,5.215,4.9975,Orbicella franksi,same,n/s,NA,NA,NA,TRUE,TRUE,TRUE,FALSE,FALSE,5.214999999999999e-4,4.9975e-4,-4.170661553211894
Plot E,plotE1-1Matches_Coki_PlotE_20251014_1-1-Coki_PlotE_20251106_1-1.csv,1-1,6,October,November,16,30,480,cm2,32,47,125,125,6.3,6.075,Orbicella annularis,same,n/s,NA,NA,NA,TRUE,TRUE,TRUE,FALSE,FALSE,6.3e-4,6.075e-4,-3.571428571428566
Plot E,plotE1-1Matches_Coki_PlotE_20251014_1-1-Coki_PlotE_20251106_1-1.csv,1-1,6,October,November,16,30,480,cm2,33,48,126,126,2.555,2.5725,Orbicella annularis,same,n/s,NA,NA,NA,TRUE,TRUE,TRUE,FALSE,FALSE,2.5550000000000003e-4,2.5725e-4,0.6849315068493004
Plot E,plotE1-1Matches_Coki_PlotE_20251014_1-1-Coki_PlotE_20251106_1-1.csv,1-1,6,October,November,16,30,480,cm2,34,50,129,129,5.4575,5.5325,Orbicella annularis,same,n/s,NA,NA,NA,TRUE,TRUE,TRUE,FALSE,FALSE,5.4575e-4,5.532499999999999e-4,1.3742556115437505
Plot E,plotE1-1Matches_Coki_PlotE_20251014_1-1-Coki_PlotE_20251106_1-1.csv,1-1,6,October,November,16,30,480,cm2,35,53,167,169,8.0175,8.0675,Orbicella annularis,same,n/s,NA,NA,NA,TRUE,TRUE,TRUE,FALSE,FALSE,8.0175e-4,8.067500000000001e-4,0.6236357966947391
Plot E,plotE1-1Matches_Coki_PlotE_20251014_1-1-Coki_PlotE_20251106_1-1.csv,1-1,6,October,November,16,30,480,cm2,36,55,171,173,10.6525,10.1575,Orbicella faveolata,same,n/s,NA,NA,NA,TRUE,TRUE,TRUE,FALSE,FALSE,0.00106525,0.0010157500000000002,-4.646796526636932
Plot E,plotE1-1Matches_Coki_PlotE_20251014_1-1-Coki_PlotE_20251106_1-1.csv,1-1,6,October,November,16,30,480,cm2,37,57,175,176,7.315,7.2775,Orbicella faveolata,same,n/s,NA,NA,NA,TRUE,TRUE,TRUE,FALSE,FALSE,7.315e-4,7.2775e-4,-0.512645249487362
Plot E,plotE1-1Matches_Coki_PlotE_20251014_1-1-Coki_PlotE_20251106_1-1.csv,1-1,6,October,November,16,30,480,cm2,38,58,176,177,15.405,15.395,Acropora palmata,same,n/s,NA,NA,NA,TRUE,TRUE,TRUE,FALSE,FALSE,0.0015405,0.0015394999999999999,-0.0649139889646205
Plot E,plotE1-1Matches_Coki_PlotE_20251014_1-1-Coki_PlotE_20251106_1-1.csv,1-1,6,October,November,16,30,480,cm2,39,59,177,178,21.28,21.14,Acropora palmata,same,n/s,NA,NA,NA,TRUE,TRUE,TRUE,FALSE,FALSE,0.002128,0.002114,-0.6578947368421079
Plot E,plotE1-1Matches_Coki_PlotE_20251014_1-1-Coki_PlotE_20251106_1-1.csv,1-1,6,October,November,16,30,480,cm2,40,62,180,181,17.06,16.8625,Acropora palmata,same,n/s,NA,NA,NA,TRUE,TRUE,TRUE,FALSE,FALSE,0.0017059999999999998,0.00168625,-1.157678780773728
Plot E,plotE1-1Matches_Coki_PlotE_20251014_1-1-Coki_PlotE_20251106_1-1.csv,1-1,6,October,November,16,30,480,cm2,41,8,33,36,5.515,4.0575,Orbicella franksi,shrink,n/s,NA,NA,NA,TRUE,TRUE,TRUE,FALSE,FALSE,5.515e-4,4.0575e-4,-26.42792384406164
Plot E,plotE1-1Matches_Coki_PlotE_20251014_1-1-Coki_PlotE_20251106_1-1.csv,1-1,6,October,November,16,30,480,cm2,42,9,35,38,6.815,2.92,Orbicella franksi,shrink,n/s,NA,NA,NA,TRUE,TRUE,TRUE,FALSE,FALSE,6.815e-4,2.92e-4,-57.15333822450477
Plot E,plotE1-1Matches_Coki_PlotE_20251014_1-1-Coki_PlotE_20251106_1-1.csv,1-1,6,October,November,16,30,480,cm2,43,18,46,48,4.0925,3.4425,Orbicella annularis,shrink,n/s,NA,NA,NA,TRUE,TRUE,TRUE,FALSE,FALSE,4.0925e-4,3.4425e-4,-15.882712278558344
Plot E,plotE1-1Matches_Coki_PlotE_20251014_1-1-Coki_PlotE_20251106_1-1.csv,1-1,6,October,November,16,30,480,cm2,44,22,55,57,4.5275,3.8425,Orbicella annularis,shrink,n/s,NA,NA,NA,TRUE,TRUE,TRUE,FALSE,FALSE,4.5275e-4,3.8425e-4,-15.129762562120376
Plot E,plotE1-1Matches_Coki_PlotE_20251014_1-1-Coki_PlotE_20251106_1-1.csv,1-1,6,October,November,16,30,480,cm2,45,26,66,68,2.82,2.525,Orbicella annularis,shrink,n/s,NA,NA,NA,TRUE,TRUE,TRUE,FALSE,FALSE,2.8199999999999997e-4,2.525e-4,-10.460992907801417
Plot E,plotE1-1Matches_Coki_PlotE_20251014_1-1-Coki_PlotE_20251106_1-1.csv,1-1,6,October,November,16,30,480,cm2,46,27,67,69,4.945,4.045,Orbicella annularis,shrink,n/s,NA,NA,NA,TRUE,TRUE,TRUE,FALSE,FALSE,4.945e-4,4.0449999999999997e-4,-18.200202224469166
Plot E,plotE1-1Matches_Coki_PlotE_20251014_1-1-Coki_PlotE_20251106_1-1.csv,1-1,6,October,November,16,30,480,cm2,47,28,69,74,9.805,8.73,Orbicella annularis,shrink,n/s,NA,NA,NA,TRUE,TRUE,TRUE,FALSE,FALSE,9.805e-4,8.730000000000001e-4,-10.963793982661901
Plot E,plotE1-1Matches_Coki_PlotE_20251014_1-1-Coki_PlotE_20251106_1-1.csv,1-1,6,October,November,16,30,480,cm2,48,29,70,72,1.2925,1.225,Orbicella annularis,shrink,n/s,NA,NA,NA,TRUE,TRUE,TRUE,FALSE,FALSE,1.2925e-4,1.225e-4,-5.222437137330746
Plot E,plotE1-1Matches_Coki_PlotE_20251014_1-1-Coki_PlotE_20251106_1-1.csv,1-1,6,October,November,16,30,480,cm2,49,35,79,80,0.695,0.6,Orbicella annularis,shrink,n/s,NA,NA,NA,TRUE,TRUE,TRUE,FALSE,FALSE,6.95e-5,5.9999999999999995e-5,-13.669064748201436
Plot E,plotE1-1Matches_Coki_PlotE_20251014_1-1-Coki_PlotE_20251106_1-1.csv,1-1,6,October,November,16,30,480,cm2,50,38,108,107,6.51,6.185,Orbicella franksi,shrink,n/s,NA,NA,NA,TRUE,TRUE,TRUE,FALSE,FALSE,6.51e-4,6.184999999999999e-4,-4.992319508448543
Plot E,plotE1-1Matches_Coki_PlotE_20251014_1-1-Coki_PlotE_20251106_1-1.csv,1-1,6,October,November,16,30,480,cm2,51,41,109,109,5.9425,5.5725,Orbicella franksi,shrink,n/s,NA,NA,NA,TRUE,TRUE,TRUE,FALSE,FALSE,5.942499999999999e-4,5.5725e-4,-6.226335717290705
Plot E,plotE1-1Matches_Coki_PlotE_20251014_1-1-Coki_PlotE_20251106_1-1.csv,1-1,6,October,November,16,30,480,cm2,52,49,128,128,6.3575,5.3125,Orbicella annularis,shrink,n/s,NA,NA,NA,TRUE,TRUE,TRUE,FALSE,FALSE,6.3575e-4,5.3125e-4,-16.43727880456154
Plot E,plotE1-1Matches_Coki_PlotE_20251014_1-1-Coki_PlotE_20251106_1-1.csv,1-1,6,October,November,16,30,480,cm2,53,51,130,130,7.78,6.2625,Orbicella annularis,shrink,n/s,NA,NA,NA,TRUE,TRUE,TRUE,FALSE,FALSE,7.78e-4,6.262500000000001e-4,-19.505141388174806
Plot E,plotE1-1Matches_Coki_PlotE_20251014_1-1-Coki_PlotE_20251106_1-1.csv,1-1,6,October,November,16,30,480,cm2,54,52,166,168,21.375,20.1625,Orbicella annularis,shrink,n/s,NA,NA,NA,TRUE,TRUE,TRUE,FALSE,FALSE,0.0021375,0.0020162500000000002,-5.672514619883034
Plot E,plotE1-1Matches_Coki_PlotE_20251014_1-1-Coki_PlotE_20251106_1-1.csv,1-1,6,October,November,16,30,480,cm2,55,54,169,171,8.2725,7.1,Orbicella annularis,shrink,n/s,NA,NA,NA,TRUE,TRUE,TRUE,FALSE,FALSE,8.272500000000001e-4,7.099999999999999e-4,-14.173466304019353
Plot E,plotE1-1Matches_Coki_PlotE_20251014_1-1-Coki_PlotE_20251106_1-1.csv,1-1,6,October,November,16,30,480,cm2,56,56,172,174,7.57,6.48,Orbicella faveolata,shrink,n/s,NA,NA,NA,TRUE,TRUE,TRUE,FALSE,FALSE,7.570000000000001e-4,6.48e-4,-14.398943196829588
Plot E,plotE1-1Matches_Coki_PlotE_20251014_1-1-Coki_PlotE_20251106_1-1.csv,1-1,6,October,November,16,30,480,cm2,57,60,178,179,28.375,26.4475,Acropora palmata,shrink,n/s,NA,NA,NA,TRUE,TRUE,TRUE,FALSE,FALSE,0.0028375,0.00264475,-6.792951541850214
